사고번호,사고일시,요일,시군구,사고내용,사망자수,중상자수,경상자수,부상신고자수,사고유형,법규위반,노면상태,기상상태,도로형태,가해운전자 차종,가해운전자 성별,가해운전자 연령,가해운전자 상해정도,피해운전자 차종,피해운전자 성별,피해운전자 연령,피해운전자 상해정도
2012011500100182,2012년 1월 15일 12시,일요일,강원도 강릉시 포남동,경상사고,0,0,3,0,차대차 - 측면직각충돌,안전운전불이행,건조,맑음,교차로 - 교차로안,승합,남,61세,상해없음,승용,여,45세,경상
2012011500100183,2012년 1월 15일 12시,일요일,강원도 화천군 사내면,경상사고,0,0,1,0,차대사람 - 횡단중,안전운전불이행,건조,맑음,단일로 - 기타,승용,남,40세,상해없음,보행자,남,64세,경상
2012011500100198,2012년 1월 15일 13시,일요일,강원도 원주시 단계동,경상사고,0,0,1,0,차대차 - 측면직각충돌,중앙선침범,건조,맑음,교차로 - 교차로부근,승용,남,57세,상해없음,화물,남,39세,경상
2012011500100216,2012년 1월 15일 14시,일요일,강원도 원주시 단구동,경상사고,0,0,1,0,차대차 - 측면직각충돌,신호위반,건조,기타,교차로 - 교차로안,승용,남,18세,상해없음,이륜,남,32세,경상
2012011500100217,2012년 1월 15일 14시,일요일,강원도 동해시 부곡동,경상사고,0,0,2,0,차대차 - 측면직각충돌,직진우회전진행방해,건조,맑음,교차로 - 교차로안,승용,남,42세,상해없음,승용,남,24세,상해없음
2012011500100237,2012년 1월 15일 15시,일요일,강원도 원주시 관설동,경상사고,0,0,1,0,차대차 - 측면직각충돌,교차로운행방법위반,건조,흐림,교차로 - 교차로안,승용,여,48세,상해없음,화물,남,52세,상해없음
2012011500100238,2012년 1월 15일 15시,일요일,강원도 삼척시 도계읍,경상사고,0,0,1,0,차대차 - 추돌 - 진행중,안전운전불이행,건조,맑음,단일로 - 기타,승용,남,62세,상해없음,승용,여,32세,경상
2012011500100278,2012년 1월 15일 17시,일요일,강원도 춘천시 중앙로1가,경상사고,0,0,1,0,차대사람 - 보도통행중,안전운전불이행,건조,맑음,교차로 - 교차로부근,승용,여,45세,상해없음,보행자,남,15세,경상
2012011500100279,2012년 1월 15일 17시,일요일,강원도 원주시 단계동,경상사고,0,0,2,0,차대차 - 측면직각충돌,안전거리미확보,건조,맑음,교차로 - 교차로부근,승용,남,32세,상해없음,승용,여,58세,경상
2012011500100280,2012년 1월 15일 17시,일요일,강원도 원주시 단구동,경상사고,0,0,4,0,차대차 - 추돌 - 주정차중,안전거리미확보,건조,흐림,단일로 - 기타,승용,남,65세,상해없음,승용,남,25세,경상
2012011500100306,2012년 1월 15일 18시,일요일,강원도 춘천시 운교동,중상사고,0,1,0,0,차대사람 - 기타,기타,건조,맑음,단일로 - 기타,승용,여,23세,상해없음,보행자,여,73세,중상
2012011500100307,2012년 1월 15일 18시,일요일,강원도 원주시 호저면,경상사고,0,0,1,0,차대차 - 측면직각충돌,직진우회전진행방해,건조,맑음,교차로 - 교차로안,화물,남,73세,상해없음,승합,남,39세,경상
2012011500100409,2012년 1월 15일 21시,일요일,강원도 원주시 일산동,중상사고,0,1,1,0,차대차 - 측면직각충돌,직진우회전진행방해,건조,맑음,교차로 - 교차로안,승용,여,19세,상해없음,승용,남,41세,중상
2012011500100410,2012년 1월 15일 21시,일요일,강원도 강릉시 성산면,경상사고,0,0,3,0,차대차 - 추돌 - 진행중,안전운전불이행,건조,맑음,단일로 - 기타,승용,남,22세,상해없음,승용,남,27세,경상
2012011500100429,2012년 1월 15일 22시,일요일,강원도 원주시 단구동,경상사고,0,0,2,0,차대차 - 측면직각충돌,교차로운행방법위반,건조,맑음,교차로 - 교차로안,승용,남,25세,상해없음,승용,남,26세,경상
2012011500100445,2012년 1월 15일 23시,일요일,강원도 속초시 교동,경상사고,0,0,3,0,차대차 - 측면직각충돌,안전운전불이행,건조,맑음,단일로 - 기타,승용,남,54세,상해없음,승용,남,19세,경상
2012011500100446,2012년 1월 15일 23시,일요일,강원도 고성군 거진읍,중상사고,0,1,0,0,차대사람 - 차도통행중,안전운전불이행,건조,맑음,단일로 - 기타,승용,여,36세,상해없음,보행자,남,54세,중상
2012011600100042,2012년 1월 16일 05시,월요일,강원도 강릉시 노암동,경상사고,0,0,3,0,차대차 - 측면직각충돌,신호위반,건조,맑음,교차로 - 교차로안,화물,남,21세,상해없음,화물,남,35세,경상
2012011600100043,2012년 1월 16일 05시,월요일,강원도 강릉시 강동면,경상사고,0,0,1,0,차량단독 - 공작물충돌,안전운전불이행,습기,흐림,단일로 - 기타,승합,남,58세,상해없음,,,,
2012011600100101,2012년 1월 16일 08시,월요일,강원도 강릉시 성남동,경상사고,0,0,1,0,차대사람 - 횡단중,안전운전불이행,건조,흐림,단일로 - 기타,승용,남,39세,상해없음,보행자,여,20세,경상
2012011600100102,2012년 1월 16일 08시,월요일,강원도 영월군 한반도면,경상사고,0,0,1,0,차대차 - 측면직각충돌,안전운전불이행,건조,맑음,단일로 - 기타,승용,남,52세,상해없음,승합,남,55세,경상
2012011600100133,2012년 1월 16일 09시,월요일,강원도 태백시 장성동,경상사고,0,0,3,0,차대차 - 측면직각충돌,신호위반,건조,맑음,교차로 - 교차로안,승용,남,68세,경상,승용,여,33세,경상
2012011600100198,2012년 1월 16일 11시,월요일,강원도 원주시 단계동,중상사고,0,1,0,0,차대사람 - 기타,안전운전불이행,건조,맑음,교차로 - 교차로부근,승용,남,44세,상해없음,보행자,여,67세,중상
2012011600100199,2012년 1월 16일 11시,월요일,강원도 홍천군 홍천읍,경상사고,0,0,1,0,차대차 - 기타,안전운전불이행,건조,맑음,교차로 - 교차로안,승용,남,59세,상해없음,화물,남,55세,경상
2012011600100232,2012년 1월 16일 12시,월요일,강원도 춘천시 신동면,경상사고,0,0,2,2,차량단독 - 전도전복,안전운전불이행,습기,맑음,단일로 - 기타,승합,남,30세,상해없음,,,,
2012011600100287,2012년 1월 16일 14시,월요일,강원도 춘천시 효자동,경상사고,0,0,1,0,차대차 - 측면직각충돌,신호위반,건조,맑음,교차로 - 교차로안,승합,남,59세,상해없음,승용,여,55세,경상
2012011600100288,2012년 1월 16일 14시,월요일,강원도 원주시 호저면,경상사고,0,0,2,0,차대차 - 추돌 - 진행중,불법유턴,건조,맑음,단일로 - 기타,승용,남,28세,상해없음,화물,남,30세,경상
2012011600100289,2012년 1월 16일 14시,월요일,강원도 원주시 개운동,경상사고,0,0,1,0,차대사람 - 차도통행중,안전운전불이행,건조,맑음,교차로 - 교차로안,기타불명,기타불명,기타불명,기타불명,보행자,남,13세,경상
2012011600100290,2012년 1월 16일 14시,월요일,강원도 원주시 개운동,경상사고,0,0,3,0,차대차 - 측면직각충돌,직진우회전진행방해,습기,흐림,교차로 - 교차로안,승용,여,22세,경상,승용,여,60세,경상
2012011600100322,2012년 1월 16일 15시,월요일,강원도 평창군 평창읍,경상사고,0,0,2,0,차대차 - 측면직각충돌,안전운전불이행,건조,맑음,교차로 - 교차로안,승용,여,29세,상해없음,승용,남,56세,경상
2012011600100350,2012년 1월 16일 16시,월요일,강원도 춘천시 퇴계동,경상사고,0,0,1,0,차대차 - 측면직각충돌,중앙선침범,건조,맑음,단일로 - 기타,승용,여,54세,상해없음,이륜,남,17세,경상
2012011600100351,2012년 1월 16일 16시,월요일,강원도 고성군 토성면,경상사고,0,0,1,0,차대차 - 추돌 - 주정차중,안전운전불이행,건조,맑음,교차로 - 교차로부근,승용,여,51세,상해없음,승용,남,31세,경상
2012011600100411,2012년 1월 16일 18시,월요일,강원도 강릉시 내곡동,경상사고,0,0,1,0,차대사람 - 횡단중,신호위반,습기,비,단일로 - 횡단보도상,승용,남,34세,상해없음,보행자,여,24세,경상
2012011600100412,2012년 1월 16일 18시,월요일,강원도 속초시 동명동,중상사고,0,2,0,0,차대사람 - 길가장자리구역통행중,안전운전불이행,결빙,맑음,교차로 - 교차로부근,이륜,남,53세,상해없음,보행자,남,45세,중상
2012011600100413,2012년 1월 16일 18시,월요일,강원도 영월군 영월읍,경상사고,0,0,1,0,차대차 - 측면직각충돌,교차로운행방법위반,건조,맑음,교차로 - 교차로안,승용,여,21세,상해없음,승용,여,26세,경상
2012011600100472,2012년 1월 16일 19시,월요일,강원도 원주시 호저면,경상사고,0,0,1,0,차대차 - 추돌 - 진행중,안전거리미확보,건조,맑음,단일로 - 기타,승용,남,38세,상해없음,승용,남,54세,경상
2012011600100550,2012년 1월 16일 21시,월요일,강원도 홍천군 홍천읍,경상사고,0,0,2,0,차대차 - 기타,교차로운행방법위반,건조,맑음,교차로 - 교차로안,승용,남,29세,상해없음,승용,남,52세,상해없음
2012011600100551,2012년 1월 16일 21시,월요일,강원도 동해시 천곡동,중상사고,0,1,0,0,차대사람 - 횡단중,안전운전불이행,습기,흐림,단일로 - 기타,승용,남,41세,상해없음,보행자,남,53세,중상
2012011600100578,2012년 1월 16일 22시,월요일,강원도 춘천시 석사동,경상사고,0,0,2,0,차대차 - 측면직각충돌,안전운전불이행,건조,맑음,단일로 - 기타,화물,남,61세,상해없음,승용,여,51세,경상
2012011600100579,2012년 1월 16일 22시,월요일,강원도 강릉시 교동,중상사고,0,2,0,0,차대사람 - 횡단중,안전운전불이행,건조,흐림,교차로 - 교차로부근,원동기,남,17세,중상,보행자,남,30세,중상
2012011600100618,2012년 1월 16일 23시,월요일,강원도 원주시 명륜동,경상사고,0,0,2,0,차대차 - 추돌 - 진행중,차로위반,건조,맑음,단일로 - 기타,승용,남,43세,상해없음,이륜,남,50세,경상
2012011700100016,2012년 1월 17일 00시,화요일,강원도 원주시 단계동,중상사고,0,1,0,0,차대차 - 추돌 - 진행중,안전거리미확보,건조,맑음,단일로 - 기타,승용,남,49세,상해없음,승용,남,38세,중상
2012011700100085,2012년 1월 17일 06시,화요일,강원도 삼척시 원덕읍,중상사고,0,1,4,0,차량단독 - 도로외이탈 - 추락,안전운전불이행,습기,맑음,단일로 - 기타,화물,남,54세,경상,,,,
2012011700100111,2012년 1월 17일 07시,화요일,강원도 강릉시 사천면,중상사고,0,1,0,0,차량단독 - 공작물충돌,안전운전불이행,결빙,맑음,단일로 - 기타,승합,남,51세,상해없음,,,,
2012011700100141,2012년 1월 17일 08시,화요일,강원도 춘천시 약사동,부상신고사고,0,0,0,1,차대차 - 기타,기타,건조,맑음,단일로 - 기타,이륜,남,30세,부상신고,승용,남,35세,상해없음
2012011700100142,2012년 1월 17일 08시,화요일,강원도 강릉시 사천면,중상사고,0,1,1,0,차대차 - 측면직각충돌,중앙선침범,결빙,흐림,단일로 - 기타,승용,남,32세,상해없음,화물,남,62세,중상
2012011700100143,2012년 1월 17일 08시,화요일,강원도 삼척시 근덕면,중상사고,0,1,1,0,차량단독 - 전도전복,안전운전불이행,습기,맑음,단일로 - 기타,승용,여,53세,중상,,,,
2012011700100144,2012년 1월 17일 08시,화요일,강원도 삼척시 근덕면,중상사고,0,1,0,0,차량단독 - 전도전복,안전운전불이행,건조,맑음,단일로 - 기타,이륜,여,62세,중상,,,,
2012011700100178,2012년 1월 17일 09시,화요일,강원도 원주시 지정면,중상사고,0,1,1,0,차대차 - 기타,안전운전불이행,습기,맑음,교차로 - 교차로부근,화물,남,65세,상해없음,화물,남,38세,중상
2012011700100202,2012년 1월 17일 10시,화요일,강원도 원주시 개운동,경상사고,0,0,1,0,차대차 - 기타,안전거리미확보,건조,맑음,교차로 - 교차로부근,화물,남,37세,상해없음,승용,남,30세,경상
2012011700100203,2012년 1월 17일 10시,화요일,강원도 원주시 명륜동,경상사고,0,0,2,0,차대차 - 기타,직진우회전진행방해,건조,맑음,교차로 - 교차로안,승용,여,48세,경상,승용,남,59세,경상
2012011700100204,2012년 1월 17일 10시,화요일,강원도 영월군 영월읍,경상사고,0,0,1,0,차대사람 - 차도통행중,안전운전불이행,건조,맑음,단일로 - 기타,승용,남,60세,상해없음,보행자,남,53세,경상
2012011700100225,2012년 1월 17일 11시,화요일,강원도 원주시 우산동,경상사고,0,0,2,0,차대차 - 기타,신호위반,건조,맑음,교차로 - 교차로안,승용,남,61세,상해없음,승용,여,54세,경상
2012011700100276,2012년 1월 17일 13시,화요일,강원도 춘천시 옥천동,중상사고,0,1,0,0,차량단독 - 기타,안전운전불이행,건조,맑음,교차로 - 교차로부근,원동기,남,31세,중상,,,,
2012011700100277,2012년 1월 17일 13시,화요일,강원도 춘천시 운교동,경상사고,0,0,1,0,차대차 - 측면직각충돌,직진우회전진행방해,건조,맑음,교차로 - 교차로부근,승용,남,33세,상해없음,이륜,남,23세,경상
2012011700100303,2012년 1월 17일 14시,화요일,강원도 춘천시 온의동,경상사고,0,0,3,0,차대차 - 측면직각충돌,안전거리미확보,건조,맑음,단일로 - 기타,화물,남,47세,상해없음,승용,여,45세,경상
2012011700100304,2012년 1월 17일 14시,화요일,강원도 원주시 반곡동,중상사고,0,1,0,0,차대차 - 측면직각충돌,신호위반,건조,맑음,교차로 - 교차로안,승용,남,55세,상해없음,승용,여,45세,중상
2012011700100324,2012년 1월 17일 15시,화요일,강원도 원주시 개운동,경상사고,0,0,1,0,차대사람 - 기타,안전운전불이행,건조,맑음,단일로 - 기타,자전거,기타불명,기타불명,기타불명,보행자,여,53세,경상
2012011700100325,2012년 1월 17일 15시,화요일,강원도 홍천군 화촌면,경상사고,0,0,3,0,차대차 - 기타,교차로운행방법위반,건조,맑음,교차로 - 교차로안,화물,여,20세,상해없음,승용,남,62세,경상
2012011700100326,2012년 1월 17일 15시,화요일,강원도 동해시 천곡동,중상사고,0,1,0,0,차대차 - 측면직각충돌,교차로운행방법위반,건조,맑음,단일로 - 기타,화물,남,24세,상해없음,이륜,남,23세,중상
2012011700100367,2012년 1월 17일 16시,화요일,강원도 원주시 문막읍,경상사고,0,0,1,0,차대차 - 기타,직진우회전진행방해,건조,맑음,교차로 - 교차로안,승용,여,52세,상해없음,이륜,남,46세,경상
2012011700100474,2012년 1월 17일 19시,화요일,강원도 춘천시 동내면,중상사고,0,2,1,1,차대차 - 추돌 - 주정차중,안전운전불이행,건조,맑음,교차로 - 교차로부근,화물,남,50세,상해없음,승용,남,69세,중상
2012011700100475,2012년 1월 17일 19시,화요일,강원도 춘천시 후평동,경상사고,0,0,5,0,차대차 - 측면직각충돌,안전운전불이행,건조,맑음,단일로 - 기타,원동기,남,31세,경상,승용,남,38세,경상
2012011700100476,2012년 1월 17일 19시,화요일,강원도 원주시 단구동,중상사고,0,1,0,0,차대사람 - 차도통행중,안전운전불이행,건조,맑음,단일로 - 기타,승용,남,29세,상해없음,보행자,여,21세,중상
2012011700100477,2012년 1월 17일 19시,화요일,강원도 횡성군 횡성읍,중상사고,0,1,0,0,차대차 - 정면충돌,중앙선침범,건조,맑음,단일로 - 기타,승용,남,59세,상해없음,화물,남,57세,중상
2012011700100514,2012년 1월 17일 20시,화요일,강원도 춘천시 우두동,사망사고,1,0,0,0,차대사람 - 횡단중,안전운전불이행,습기,흐림,단일로 - 기타,승용,남,45세,기타불명,보행자,남,56세,사망
2012011700100541,2012년 1월 17일 21시,화요일,강원도 춘천시 효자동,중상사고,0,1,0,0,차대차 - 측면직각충돌,신호위반,건조,맑음,단일로 - 횡단보도상,승용,여,48세,상해없음,자전거,남,26세,중상
2012011700100542,2012년 1월 17일 21시,화요일,강원도 홍천군 남면,경상사고,0,0,2,0,차대사람 - 길가장자리구역통행중,안전운전불이행,건조,맑음,단일로 - 기타,승용,남,35세,상해없음,보행자,남,17세,경상
2012011700100599,2012년 1월 17일 23시,화요일,강원도 춘천시 효자동,경상사고,0,0,1,0,차대차 - 기타,안전운전불이행,건조,맑음,단일로 - 기타,기타불명,기타불명,기타불명,기타불명,자전거,남,24세,경상
2012011800100015,2012년 1월 18일 00시,수요일,강원도 원주시 명륜동,경상사고,0,0,1,0,차대차 - 기타,직진우회전진행방해,건조,맑음,교차로 - 교차로안,승용,여,29세,상해없음,승용,남,63세,경상
2012011800100035,2012년 1월 18일 01시,수요일,강원도 강릉시 포남동,경상사고,0,0,2,0,차대차 - 측면직각충돌,안전운전불이행,건조,맑음,교차로 - 교차로안,승용,남,28세,상해없음,승용,남,44세,경상
2012011800100066,2012년 1월 18일 04시,수요일,강원도 원주시 단계동,경상사고,0,0,3,0,차대차 - 측면직각충돌,직진우회전진행방해,건조,맑음,교차로 - 교차로안,화물,남,41세,상해없음,승용,남,57세,경상
2012011800100121,2012년 1월 18일 08시,수요일,강원도 춘천시 동내면,경상사고,0,0,1,0,차대차 - 측면직각충돌,안전운전불이행,결빙,맑음,교차로 - 교차로부근,승용,여,27세,상해없음,원동기,남,24세,경상
2012011800100122,2012년 1월 18일 08시,수요일,강원도 강릉시 강동면,경상사고,0,0,1,0,차대차 - 측면직각충돌,안전운전불이행,습기,맑음,단일로 - 기타,승용,남,23세,상해없음,승용,남,30세,경상
2012011800100123,2012년 1월 18일 08시,수요일,강원도 강릉시 강동면,경상사고,0,0,2,0,차대차 - 측면직각충돌,중앙선침범,결빙,맑음,단일로 - 기타,승용,여,27세,상해없음,화물,남,54세,경상
2012011800100124,2012년 1월 18일 08시,수요일,강원도 원주시 단구동,경상사고,0,0,7,0,차대차 - 측면직각충돌,직진우회전진행방해,건조,맑음,교차로 - 교차로안,승용,남,68세,상해없음,승합,남,35세,경상
2012011800100125,2012년 1월 18일 08시,수요일,강원도 삼척시 성내동,경상사고,0,0,2,0,차대차 - 측면직각충돌,안전운전불이행,결빙,흐림,단일로 - 기타,승용,여,33세,경상,승용,여,59세,경상
2012011800100151,2012년 1월 18일 09시,수요일,강원도 원주시 문막읍,경상사고,0,0,1,0,차대차 - 추돌 - 주정차중,안전운전불이행,건조,맑음,교차로 - 교차로부근,승합,남,37세,상해없음,승용,남,54세,경상
2012011800100152,2012년 1월 18일 09시,수요일,강원도 원주시 일산동,경상사고,0,0,1,0,차대차 - 추돌 - 주정차중,안전거리미확보,건조,맑음,단일로 - 기타,승용,남,53세,상해없음,승용,여,51세,경상
2012011800100153,2012년 1월 18일 09시,수요일,강원도 원주시 원동,경상사고,0,0,1,0,차대차 - 추돌 - 진행중,안전운전불이행,건조,맑음,단일로 - 기타,승용,여,39세,상해없음,승용,남,43세,경상
2012011800100154,2012년 1월 18일 09시,수요일,강원도 영월군 영월읍,중상사고,0,1,1,0,차대차 - 측면직각충돌,신호위반,건조,맑음,교차로 - 교차로안,승용,남,68세,상해없음,승용,남,59세,중상
2012011800100155,2012년 1월 18일 09시,수요일,강원도 태백시 소도동,중상사고,0,1,0,0,차대차 - 기타,안전운전불이행,적설,맑음,교차로 - 교차로안,승용,남,53세,상해없음,승용,남,66세,상해없음
2012011800100175,2012년 1월 18일 10시,수요일,강원도 원주시 학성동,중상사고,0,1,0,0,차대사람 - 횡단중,보행자보호의무위반,건조,맑음,단일로 - 기타,승용,남,35세,상해없음,보행자,여,81세,중상
2012011800100196,2012년 1월 18일 11시,수요일,강원도 원주시 행구동,경상사고,0,0,3,0,차대차 - 추돌 - 진행중,교차로운행방법위반,건조,맑음,교차로 - 교차로안,승용,여,43세,경상,승용,남,30세,경상
2012011800100197,2012년 1월 18일 11시,수요일,강원도 양양군 서면,경상사고,0,0,1,0,차대차 - 측면직각충돌,안전운전불이행,건조,맑음,단일로 - 기타,화물,남,53세,상해없음,승용,여,57세,경상
2012011800100198,2012년 1월 18일 11시,수요일,강원도 삼척시 도계읍,중상사고,0,1,1,0,차대차 - 측면직각충돌,안전운전불이행,결빙,맑음,단일로 - 기타,승용,남,54세,상해없음,승용,남,51세,경상
2012011800100199,2012년 1월 18일 11시,수요일,강원도 동해시 북평동,중상사고,0,1,0,0,차대사람 - 길가장자리구역통행중,안전운전불이행,건조,맑음,교차로 - 교차로부근,승용,남,70세,상해없음,보행자,여,53세,중상
2012011800100231,2012년 1월 18일 12시,수요일,강원도 춘천시 온의동,중상사고,0,1,1,0,차대차 - 측면직각충돌,교차로운행방법위반,건조,맑음,교차로 - 교차로부근,승용,남,51세,상해없음,승용,남,58세,중상
2012011800100250,2012년 1월 18일 13시,수요일,강원도 춘천시 효자동,경상사고,0,0,2,0,차대차 - 측면직각충돌,기타,건조,맑음,단일로 - 기타,승용,남,54세,상해없음,승용,남,42세,경상
2012011800100251,2012년 1월 18일 13시,수요일,강원도 춘천시 후평동,중상사고,0,1,0,0,차대사람 - 기타,보행자보호의무위반,건조,맑음,교차로 - 교차로부근,화물,남,33세,상해없음,보행자,남,21세,중상
2012011800100252,2012년 1월 18일 13시,수요일,강원도 원주시 단구동,사망사고,1,0,0,0,차량단독 - 공작물충돌,안전운전불이행,건조,맑음,단일로 - 기타,승용,남,41세,사망,,,,
2012011800100329,2012년 1월 18일 16시,수요일,강원도 평창군 대관령면,경상사고,0,0,2,0,차대차 - 측면직각충돌,안전운전불이행,건조,맑음,교차로 - 교차로안,승용,남,35세,상해없음,승용,남,62세,경상
2012011800100330,2012년 1월 18일 16시,수요일,강원도 평창군 대관령면,중상사고,0,2,1,0,차대차 - 측면직각충돌,중앙선침범,습기,흐림,단일로 - 기타,승용,남,24세,경상,화물,여,51세,중상
2012011800100360,2012년 1월 18일 17시,수요일,강원도 춘천시 효자동,중상사고,0,1,0,0,차대사람 - 기타,안전운전불이행,건조,맑음,교차로 - 교차로부근,승용,남,53세,상해없음,보행자,여,21세,중상
2012011800100396,2012년 1월 18일 18시,수요일,강원도 원주시 태장동,경상사고,0,0,1,0,차대사람 - 횡단중,안전운전불이행,건조,맑음,단일로 - 기타,승용,남,33세,상해없음,보행자,남,7세,경상
2012011800100397,2012년 1월 18일 18시,수요일,강원도 원주시 태장동,경상사고,0,0,6,0,차대차 - 추돌 - 진행중,안전거리미확보,건조,맑음,단일로 - 기타,승용,남,28세,상해없음,승용,여,43세,경상
2012011800100398,2012년 1월 18일 18시,수요일,강원도 속초시 조양동,경상사고,0,0,2,0,차대차 - 측면직각충돌,교차로운행방법위반,건조,맑음,교차로 - 교차로안,승용,남,54세,상해없음,승용,남,36세,경상
2012011800100453,2012년 1월 18일 19시,수요일,강원도 춘천시 후평동,경상사고,0,0,1,0,차대사람 - 기타,보행자보호의무위반,건조,맑음,단일로 - 횡단보도상,원동기,남,17세,상해없음,보행자,여,48세,경상
2012011800100454,2012년 1월 18일 19시,수요일,강원도 원주시 일산동,경상사고,0,0,1,0,차대차 - 기타,안전거리미확보,건조,맑음,단일로 - 기타,승용,남,19세,상해없음,승용,남,32세,상해없음
2012011800100455,2012년 1월 18일 19시,수요일,강원도 홍천군 홍천읍,경상사고,0,0,1,0,차대사람 - 차도통행중,안전운전불이행,건조,맑음,단일로 - 기타,기타불명,기타불명,기타불명,기타불명,보행자,남,20세,경상
2012011800100518,2012년 1월 18일 21시,수요일,강원도 원주시 단계동,경상사고,0,0,1,0,차대차 - 측면직각충돌,신호위반,건조,맑음,교차로 - 교차로안,승용,남,41세,상해없음,승용,남,31세,경상
2012011800100519,2012년 1월 18일 21시,수요일,강원도 홍천군 홍천읍,중상사고,0,1,0,0,차량단독 - 공작물충돌,안전운전불이행,건조,맑음,단일로 - 기타,원동기,남,17세,중상,,,,
2012011800100544,2012년 1월 18일 22시,수요일,강원도 원주시 단구동,경상사고,0,0,3,0,차대차 - 추돌 - 진행중,안전거리미확보,기타,흐림,교차로 - 교차로부근,승용,남,52세,상해없음,승용,남,35세,경상
2012011800100582,2012년 1월 18일 23시,수요일,강원도 춘천시 석사동,경상사고,0,0,3,0,차대차 - 기타,안전거리미확보,건조,맑음,교차로 - 교차로부근,승용,남,19세,상해없음,승용,여,40세,경상
2012011900100012,2012년 1월 19일 00시,목요일,강원도 춘천시 석사동,경상사고,0,0,2,0,차대차 - 기타,중앙선침범,건조,맑음,교차로 - 교차로부근,승용,남,25세,상해없음,승용,남,45세,경상
2012011900100013,2012년 1월 19일 00시,목요일,강원도 원주시 단구동,경상사고,0,0,2,0,차대차 - 측면직각충돌,안전운전불이행,건조,맑음,교차로 - 교차로안,승용,남,45세,상해없음,승합,남,49세,경상
2012011900100030,2012년 1월 19일 01시,목요일,강원도 원주시 단계동,경상사고,0,0,1,0,차대사람 - 보도통행중,보행자보호의무위반,건조,맑음,교차로 - 교차로부근,승용,남,31세,상해없음,보행자,남,27세,경상
2012011900100070,2012년 1월 19일 05시,목요일,강원도 철원군 동송읍,중상사고,0,1,0,0,차대사람 - 횡단중,보행자보호의무위반,습기,비,단일로 - 횡단보도상,승용,남,39세,상해없음,보행자,여,66세,중상
2012011900100112,2012년 1월 19일 07시,목요일,강원도 태백시 황지동,경상사고,0,0,1,0,차대차 - 추돌 - 진행중,안전운전불이행,적설,눈,단일로 - 기타,승합,남,60세,상해없음,승용,남,37세,경상
2012011900100113,2012년 1월 19일 07시,목요일,강원도 태백시 철암동,경상사고,0,0,1,0,차대차 - 측면직각충돌,중앙선침범,결빙,눈,단일로 - 기타,승용,남,56세,상해없음,승용,남,29세,경상
2012011900100147,2012년 1월 19일 08시,목요일,강원도 원주시 단계동,경상사고,0,0,1,0,차대차 - 측면직각충돌,신호위반,습기,비,교차로 - 교차로안,승용,남,42세,상해없음,승용,남,36세,경상
2012011900100148,2012년 1월 19일 08시,목요일,강원도 삼척시 사직동,경상사고,0,0,2,0,차대차 - 측면직각충돌,안전운전불이행,습기,비,단일로 - 기타,승합,남,60세,상해없음,화물,남,70세,경상
2012011900100191,2012년 1월 19일 10시,목요일,강원도 강릉시 옥계면,경상사고,0,0,1,0,차대차 - 측면직각충돌,안전운전불이행,습기,비,교차로 - 교차로안,승용,남,47세,상해없음,승용,남,44세,상해없음
2012011900100368,2012년 1월 19일 16시,목요일,강원도 원주시 무실동,중상사고,0,1,0,0,차대차 - 추돌 - 진행중,안전운전불이행,습기,비,교차로 - 교차로안,승합,남,29세,상해없음,승용,남,50세,중상
2012011900100369,2012년 1월 19일 16시,목요일,강원도 평창군 대관령면,중상사고,0,1,1,0,차대차 - 측면직각충돌,안전운전불이행,적설,흐림,단일로 - 기타,화물,남,68세,상해없음,승용,남,67세,중상
2012011900100394,2012년 1월 19일 17시,목요일,강원도 강릉시 교동,중상사고,0,1,0,0,차대사람 - 기타,안전운전불이행,습기,비,교차로 - 교차로안,원동기,남,38세,상해없음,보행자,여,91세,중상
2012011900100436,2012년 1월 19일 18시,목요일,강원도 양구군 양구읍,경상사고,0,0,1,0,차대사람 - 횡단중,안전운전불이행,건조,흐림,단일로 - 기타,이륜,남,49세,상해없음,보행자,여,44세,경상
2012011900100501,2012년 1월 19일 19시,목요일,강원도 춘천시 후평동,경상사고,0,0,1,0,차대차 - 추돌 - 주정차중,차로위반,건조,맑음,단일로 - 기타,승용,남,49세,상해없음,원동기,남,40세,경상
2012011900100502,2012년 1월 19일 19시,목요일,강원도 강릉시 성내동,경상사고,0,0,1,0,차대차 - 측면직각충돌,안전운전불이행,습기,비,교차로 - 교차로부근,승용,남,31세,상해없음,승용,여,50세,경상
2012011900100557,2012년 1월 19일 20시,목요일,강원도 원주시 우산동,경상사고,0,0,1,0,차대차 - 추돌 - 주정차중,안전운전불이행,건조,맑음,교차로 - 교차로부근,승용,남,46세,상해없음,승용,남,50세,경상
2012011900100631,2012년 1월 19일 22시,목요일,강원도 춘천시 신동면,경상사고,0,0,2,0,차대차 - 측면직각충돌,중앙선침범,결빙,맑음,단일로 - 기타,승용,남,39세,경상,승용,남,38세,경상
2012011900100632,2012년 1월 19일 22시,목요일,강원도 춘천시 퇴계동,중상사고,0,2,0,0,차대차 - 추돌 - 진행중,안전운전불이행,건조,맑음,단일로 - 기타,승용,여,49세,상해없음,승용,남,29세,중상
2012011900100673,2012년 1월 19일 23시,목요일,강원도 홍천군 서면,중상사고,0,2,1,0,차대차 - 기타,중앙선침범,건조,맑음,단일로 - 기타,승용,남,42세,상해없음,승용,남,38세,중상