사고번호,사고일시,요일,시군구,사고내용,사망자수,중상자수,경상자수,부상신고자수,사고유형,법규위반,노면상태,기상상태,도로형태,가해운전자 차종,가해운전자 성별,가해운전자 연령,가해운전자 상해정도,피해운전자 차종,피해운전자 성별,피해운전자 연령,피해운전자 상해정도
2012012000100018,2012년 1월 20일 00시,금요일,강원도 철원군 서면,중상사고,0,1,0,0,차대차 - 측면직각충돌,중앙선침범,건조,맑음,단일로 - 기타,승용,여,48세,상해없음,승용,남,23세,중상
2012012000100052,2012년 1월 20일 01시,금요일,강원도 춘천시 퇴계동,경상사고,0,0,1,0,차대사람 - 보도통행중,안전운전불이행,건조,흐림,단일로 - 기타,승용,여,36세,상해없음,보행자,남,46세,경상
2012012000100148,2012년 1월 20일 07시,금요일,강원도 고성군 토성면,경상사고,0,0,1,0,차대차 - 정면충돌,중앙선침범,건조,맑음,교차로 - 교차로부근,승용,남,56세,상해없음,승용,남,48세,경상
2012012000100168,2012년 1월 20일 08시,금요일,강원도 춘천시 온의동,부상신고사고,0,0,0,1,차대사람 - 길가장자리구역통행중,안전운전불이행,건조,맑음,단일로 - 기타,승용,여,50세,상해없음,보행자,남,19세,부상신고
2012012000100169,2012년 1월 20일 08시,금요일,강원도 춘천시 우두동,경상사고,0,0,1,0,차대차 - 기타,안전거리미확보,결빙,맑음,단일로 - 기타,특수,남,46세,상해없음,화물,남,41세,경상
2012012000100170,2012년 1월 20일 08시,금요일,강원도 원주시 무실동,경상사고,0,0,1,0,차대차 - 측면직각충돌,중앙선침범,건조,맑음,단일로 - 기타,승용,남,55세,상해없음,승용,남,57세,경상
2012012000100253,2012년 1월 20일 11시,금요일,강원도 춘천시 동내면,경상사고,0,0,1,0,차대차 - 측면직각충돌,신호위반,건조,맑음,교차로 - 교차로안,건설기계,남,45세,상해없음,승용,여,34세,경상
2012012000100254,2012년 1월 20일 11시,금요일,강원도 태백시 황지동,경상사고,0,0,1,0,차대사람 - 횡단중,보행자보호의무위반,적설,눈,단일로 - 횡단보도상,승용,남,70세,상해없음,보행자,남,46세,경상
2012012000100304,2012년 1월 20일 13시,금요일,강원도 강릉시 교동,경상사고,0,0,3,0,차대차 - 추돌 - 주정차중,안전운전불이행,습기,비,교차로 - 교차로부근,승용,남,55세,상해없음,승용,남,56세,경상
2012012000100305,2012년 1월 20일 13시,금요일,강원도 원주시 봉산동,중상사고,0,1,0,0,차대차 - 측면직각충돌,직진우회전진행방해,건조,맑음,단일로 - 기타,화물,남,30세,상해없음,이륜,남,84세,중상
2012012000100306,2012년 1월 20일 13시,금요일,강원도 원주시 일산동,경상사고,0,0,1,0,차대사람 - 기타,교차로운행방법위반,건조,맑음,교차로 - 교차로안,기타불명,기타불명,기타불명,기타불명,보행자,여,27세,경상
2012012000100342,2012년 1월 20일 14시,금요일,강원도 원주시 문막읍,중상사고,0,1,0,0,차대사람 - 기타,중앙선침범,건조,맑음,교차로 - 교차로부근,승용,남,68세,상해없음,보행자,남,50세,중상
2012012000100343,2012년 1월 20일 14시,금요일,강원도 철원군 근남면,경상사고,0,0,1,0,차대차 - 측면직각충돌,중앙선침범,건조,맑음,단일로 - 기타,화물,남,58세,상해없음,이륜,남,31세,경상
2012012000100385,2012년 1월 20일 15시,금요일,강원도 원주시 일산동,경상사고,0,0,1,0,차대차 - 추돌 - 진행중,안전운전불이행,건조,흐림,단일로 - 기타,승용,남,55세,상해없음,승용,여,30세,상해없음
2012012000100386,2012년 1월 20일 15시,금요일,강원도 태백시 황지동,경상사고,0,0,1,0,차대차 - 측면직각충돌,신호위반,습기,맑음,교차로 - 교차로안,승용,남,46세,상해없음,승용,여,65세,경상
2012012000100415,2012년 1월 20일 16시,금요일,강원도 강릉시 교동,경상사고,0,0,1,0,차대차 - 측면직각충돌,기타,습기,비,교차로 - 교차로안,승용,여,54세,상해없음,승용,남,64세,경상
2012012000100416,2012년 1월 20일 16시,금요일,강원도 강릉시 강동면,경상사고,0,0,1,0,차대차 - 정면충돌,중앙선침범,적설,눈,단일로 - 기타,승용,남,42세,상해없음,승용,남,43세,경상
2012012000100417,2012년 1월 20일 16시,금요일,강원도 원주시 원동,경상사고,0,0,1,0,차대사람 - 보도통행중,안전운전불이행,건조,맑음,단일로 - 기타,승용,남,50세,상해없음,보행자,여,30세,경상
2012012000100491,2012년 1월 20일 18시,금요일,강원도 강릉시 교동,경상사고,0,0,2,0,차대차 - 추돌 - 진행중,안전운전불이행,습기,비,단일로 - 기타,승용,남,26세,상해없음,승용,남,42세,경상
2012012000100492,2012년 1월 20일 18시,금요일,강원도 원주시 단구동,경상사고,0,0,3,0,차대차 - 추돌 - 주정차중,안전거리미확보,건조,흐림,단일로 - 기타,승용,남,29세,상해없음,승용,여,40세,상해없음
2012012000100493,2012년 1월 20일 18시,금요일,강원도 원주시 무실동,경상사고,0,0,3,0,차대차 - 추돌 - 진행중,안전거리미확보,건조,맑음,단일로 - 기타,승용,여,40세,경상,승용,남,42세,상해없음
2012012000100494,2012년 1월 20일 18시,금요일,강원도 동해시 천곡동,경상사고,0,0,1,0,차대사람 - 횡단중,보행자보호의무위반,습기,맑음,단일로 - 횡단보도상,승용,여,39세,상해없음,보행자,여,29세,경상
2012012000100560,2012년 1월 20일 19시,금요일,강원도 강릉시 교동,경상사고,0,0,1,0,차대사람 - 횡단중,안전운전불이행,습기,비,단일로 - 기타,승용,여,53세,상해없음,보행자,남,63세,경상
2012012000100604,2012년 1월 20일 20시,금요일,강원도 춘천시 근화동,경상사고,0,0,2,0,차대차 - 추돌 - 진행중,교차로운행방법위반,건조,흐림,교차로 - 교차로안,승용,남,50세,상해없음,승용,남,23세,경상
2012012000100634,2012년 1월 20일 21시,금요일,강원도 양구군 양구읍,경상사고,0,0,3,0,차대차 - 측면직각충돌,신호위반,건조,흐림,교차로 - 교차로안,화물,남,53세,상해없음,승용,여,43세,경상
2012012000100663,2012년 1월 20일 22시,금요일,강원도 강릉시 홍제동,경상사고,0,0,1,0,차대차 - 추돌 - 주정차중,안전운전불이행,습기,비,교차로 - 교차로부근,승용,남,52세,상해없음,승용,여,50세,경상
2012012000100685,2012년 1월 20일 23시,금요일,강원도 강릉시 옥천동,경상사고,0,0,1,0,차대사람 - 횡단중,보행자보호의무위반,습기,비,교차로 - 교차로부근,승용,남,54세,상해없음,보행자,여,24세,경상
2012012000100686,2012년 1월 20일 23시,금요일,강원도 원주시 단계동,경상사고,0,0,1,0,차대사람 - 차도통행중,안전운전불이행,건조,맑음,단일로 - 기타,승용,남,18세,상해없음,보행자,남,26세,경상
2012012100100010,2012년 1월 21일 00시,토요일,강원도 춘천시 동면,경상사고,0,0,7,0,차대차 - 측면직각충돌,안전운전불이행,건조,맑음,단일로 - 기타,승용,여,29세,경상,승용,남,38세,경상
2012012100100011,2012년 1월 21일 00시,토요일,강원도 춘천시 남산면,경상사고,0,0,1,0,차대사람 - 기타,안전운전불이행,건조,흐림,단일로 - 기타,화물,남,20세,상해없음,보행자,남,33세,경상
2012012100100012,2012년 1월 21일 00시,토요일,강원도 속초시 교동,경상사고,0,0,2,0,차대차 - 추돌 - 진행중,안전거리미확보,습기,비,교차로 - 교차로부근,승용,여,41세,상해없음,승용,남,53세,경상
2012012100100013,2012년 1월 21일 00시,토요일,강원도 속초시 교동,경상사고,0,0,1,0,차대차 - 추돌 - 진행중,안전운전불이행,습기,흐림,단일로 - 기타,승용,남,33세,상해없음,자전거,남,56세,경상
2012012100100160,2012년 1월 21일 08시,토요일,강원도 평창군 대관령면,경상사고,0,0,1,0,차대차 - 정면충돌,중앙선침범,적설,눈,단일로 - 기타,화물,남,53세,상해없음,승용,남,25세,경상
2012012100100182,2012년 1월 21일 09시,토요일,강원도 춘천시 사북면,경상사고,0,0,1,0,차대차 - 추돌 - 주정차중,안전운전불이행,건조,흐림,단일로 - 기타,승용,남,23세,상해없음,승용,남,55세,경상
2012012100100183,2012년 1월 21일 09시,토요일,강원도 삼척시 원덕읍,중상사고,0,1,0,0,차대사람 - 길가장자리구역통행중,안전운전불이행,건조,맑음,단일로 - 기타,화물,남,63세,상해없음,보행자,남,76세,중상
2012012100100184,2012년 1월 21일 09시,토요일,강원도 횡성군 둔내면,경상사고,0,0,1,0,차대차 - 정면충돌,중앙선침범,결빙,맑음,단일로 - 기타,승용,여,32세,상해없음,승용,남,25세,경상
2012012100100220,2012년 1월 21일 11시,토요일,강원도 원주시 태장동,중상사고,0,1,0,0,차대사람 - 기타,교차로운행방법위반,건조,맑음,단일로 - 기타,승용,남,66세,상해없음,보행자,남,70세,중상
2012012100100239,2012년 1월 21일 12시,토요일,강원도 태백시 황지동,중상사고,0,1,0,0,차대차 - 추돌 - 진행중,안전운전불이행,습기,맑음,단일로 - 기타,승용,여,61세,상해없음,승용,남,57세,중상
2012012100100261,2012년 1월 21일 13시,토요일,강원도 강릉시 옥천동,경상사고,0,0,1,0,차대사람 - 횡단중,보행자보호의무위반,습기,비,교차로 - 교차로부근,화물,남,67세,상해없음,보행자,여,53세,경상
2012012100100262,2012년 1월 21일 13시,토요일,강원도 속초시 조양동,중상사고,0,1,0,0,차량단독 - 공작물충돌,안전운전불이행,건조,맑음,단일로 - 기타,승합,남,56세,상해없음,,,,
2012012100100316,2012년 1월 21일 15시,토요일,강원도 삼척시 교동,경상사고,0,0,1,0,차대차 - 측면직각충돌,안전운전불이행,습기,흐림,단일로 - 기타,승용,남,57세,상해없음,승용,남,50세,경상
2012012100100354,2012년 1월 21일 16시,토요일,강원도 영월군 영월읍,경상사고,0,0,1,0,차대사람 - 길가장자리구역통행중,안전운전불이행,건조,맑음,단일로 - 기타,승용,남,27세,상해없음,보행자,여,50세,경상
2012012100100382,2012년 1월 21일 17시,토요일,강원도 속초시 교동,중상사고,0,1,0,0,차대차 - 측면직각충돌,교차로운행방법위반,습기,비,교차로 - 교차로안,승용,남,28세,상해없음,원동기,남,37세,중상
2012012100100383,2012년 1월 21일 17시,토요일,강원도 속초시 중앙동,중상사고,0,1,0,0,차대사람 - 길가장자리구역통행중,안전운전불이행,건조,맑음,교차로 - 교차로부근,원동기,남,40세,상해없음,보행자,여,74세,중상
2012012100100440,2012년 1월 21일 19시,토요일,강원도 원주시 호저면,경상사고,0,0,1,0,차대차 - 기타,안전거리미확보,건조,맑음,교차로 - 교차로부근,승용,남,63세,상해없음,승용,여,30세,경상
2012012100100484,2012년 1월 21일 20시,토요일,강원도 삼척시 도계읍,경상사고,0,0,1,0,차대차 - 추돌 - 주정차중,안전운전불이행,결빙,흐림,단일로 - 기타,승용,남,31세,상해없음,건설기계,남,51세,상해없음
2012012100100485,2012년 1월 21일 20시,토요일,강원도 평창군 봉평면,중상사고,0,1,0,0,차대사람 - 횡단중,안전운전불이행,습기,눈,단일로 - 기타,화물,남,55세,상해없음,보행자,남,6세,중상
2012012100100531,2012년 1월 21일 22시,토요일,강원도 춘천시 남산면,경상사고,0,0,2,0,차대차 - 측면직각충돌,안전운전불이행,건조,맑음,교차로 - 교차로안,승용,여,40세,상해없음,승용,남,31세,경상
2012012100100532,2012년 1월 21일 22시,토요일,강원도 원주시 단계동,경상사고,0,0,1,0,차대사람 - 길가장자리구역통행중,안전운전불이행,습기,흐림,단일로 - 기타,승용,남,31세,상해없음,보행자,남,35세,경상
2012012200100012,2012년 1월 22일 00시,일요일,강원도 춘천시 근화동,부상신고사고,0,0,0,1,차대차 - 측면직각충돌,안전거리미확보,건조,맑음,교차로 - 교차로부근,이륜,남,25세,부상신고,승용,여,53세,상해없음
2012012200100013,2012년 1월 22일 00시,일요일,강원도 원주시 우산동,경상사고,0,0,2,0,차대차 - 측면직각충돌,교차로운행방법위반,습기,맑음,교차로 - 교차로안,승용,남,39세,상해없음,승용,남,25세,경상
2012012200100031,2012년 1월 22일 01시,일요일,강원도 춘천시 교동,경상사고,0,0,1,0,차대차 - 측면직각충돌,교차로운행방법위반,건조,맑음,교차로 - 교차로안,승용,남,39세,상해없음,자전거,남,65세,경상
2012012200100043,2012년 1월 22일 02시,일요일,강원도 고성군 토성면,중상사고,0,1,0,0,차량단독 - 도로외이탈 - 추락,안전운전불이행,건조,맑음,단일로 - 기타,승용,남,26세,상해없음,,,,
2012012200100068,2012년 1월 22일 04시,일요일,강원도 고성군 거진읍,경상사고,0,0,1,0,차대차 - 추돌 - 주정차중,안전운전불이행,건조,맑음,단일로 - 기타,승용,남,25세,상해없음,승용,남,41세,상해없음
2012012200100094,2012년 1월 22일 07시,일요일,강원도 춘천시 퇴계동,경상사고,0,0,2,0,차대차 - 추돌 - 주정차중,안전거리미확보,건조,맑음,교차로 - 교차로부근,승합,남,41세,상해없음,승용,남,30세,경상
2012012200100113,2012년 1월 22일 09시,일요일,강원도 원주시 단계동,경상사고,0,0,4,0,차대차 - 측면직각충돌,안전운전불이행,건조,맑음,교차로 - 교차로안,승용,남,47세,경상,승용,남,43세,상해없음
2012012200100114,2012년 1월 22일 09시,일요일,강원도 평창군 대관령면,경상사고,0,0,1,0,차대차 - 측면직각충돌,중앙선침범,결빙,맑음,단일로 - 기타,승용,남,37세,상해없음,승용,남,21세,경상
2012012200100152,2012년 1월 22일 11시,일요일,강원도 춘천시 우두동,경상사고,0,0,8,1,차대차 - 추돌 - 진행중,안전운전불이행,건조,맑음,단일로 - 기타,승용,여,42세,상해없음,승용,남,42세,경상
2012012200100153,2012년 1월 22일 11시,일요일,강원도 원주시 중앙동,경상사고,0,0,1,0,차대차 - 측면직각충돌,안전거리미확보,건조,맑음,교차로 - 교차로부근,승용,여,33세,상해없음,승용,남,45세,경상
2012012200100164,2012년 1월 22일 12시,일요일,강원도 춘천시 석사동,경상사고,0,0,1,0,차대차 - 측면직각충돌,직진우회전진행방해,건조,맑음,교차로 - 교차로안,승용,남,30세,상해없음,이륜,남,49세,경상
2012012200100180,2012년 1월 22일 13시,일요일,강원도 춘천시 근화동,경상사고,0,0,1,3,차대차 - 측면직각충돌,안전거리미확보,건조,맑음,교차로 - 교차로부근,화물,남,43세,상해없음,승용,남,45세,경상
2012012200100217,2012년 1월 22일 15시,일요일,강원도 평창군 진부면,중상사고,0,1,2,0,차대차 - 정면충돌,중앙선침범,건조,맑음,단일로 - 기타,승용,남,44세,상해없음,승용,여,29세,중상
2012012200100238,2012년 1월 22일 16시,일요일,강원도 춘천시 후평동,경상사고,0,0,1,0,차대차 - 측면직각충돌,신호위반,건조,맑음,교차로 - 교차로안,승용,남,55세,상해없음,승용,남,63세,경상
2012012200100259,2012년 1월 22일 17시,일요일,강원도 강릉시 강문동,중상사고,0,1,4,0,차대차 - 측면직각충돌,안전운전불이행,건조,맑음,교차로 - 교차로안,승용,여,51세,상해없음,승용,남,55세,경상
2012012200100279,2012년 1월 22일 18시,일요일,강원도 강릉시 사천면,중상사고,0,1,1,0,차대차 - 측면직각충돌,안전운전불이행,건조,맑음,교차로 - 교차로안,승용,남,51세,상해없음,화물,남,33세,경상
2012012200100322,2012년 1월 22일 20시,일요일,강원도 원주시 문막읍,중상사고,0,1,0,0,차대차 - 측면직각충돌,신호위반,건조,맑음,교차로 - 교차로안,승용,남,47세,상해없음,승용,남,67세,중상
2012012200100323,2012년 1월 22일 20시,일요일,강원도 원주시 문막읍,사망사고,1,0,0,0,차대사람 - 횡단중,안전운전불이행,건조,맑음,단일로 - 기타,승용,남,35세,상해없음,보행자,남,49세,사망
2012012200100365,2012년 1월 22일 22시,일요일,강원도 평창군 대화면,경상사고,0,0,3,0,차량단독 - 공작물충돌,안전운전불이행,건조,흐림,단일로 - 기타,승용,여,51세,경상,,,,
2012012200100379,2012년 1월 22일 23시,일요일,강원도 속초시 교동,경상사고,0,0,3,0,차대차 - 추돌 - 주정차중,안전운전불이행,건조,맑음,교차로 - 교차로안,승용,남,26세,상해없음,승용,남,28세,경상
2012012300100016,2012년 1월 23일 01시,월요일,강원도 동해시 천곡동,경상사고,0,0,1,0,차대사람 - 기타,안전운전불이행,건조,맑음,교차로 - 교차로부근,승용,남,57세,상해없음,보행자,남,26세,경상
2012012300100051,2012년 1월 23일 06시,월요일,강원도 춘천시 퇴계동,경상사고,0,0,2,0,차대차 - 추돌 - 진행중,안전운전불이행,건조,맑음,교차로 - 교차로부근,승용,남,36세,상해없음,승용,남,38세,경상
2012012300100078,2012년 1월 23일 09시,월요일,강원도 강릉시 성남동,중상사고,0,3,2,0,차대차 - 측면직각충돌,신호위반,건조,맑음,교차로 - 교차로안,승용,남,49세,상해없음,승용,남,50세,중상
2012012300100079,2012년 1월 23일 09시,월요일,강원도 양양군 현북면,경상사고,0,0,3,0,차대차 - 추돌 - 진행중,신호위반,건조,맑음,교차로 - 교차로안,승용,남,52세,상해없음,승용,남,20세,경상
2012012300100117,2012년 1월 23일 11시,월요일,강원도 강릉시 견소동,경상사고,0,0,5,0,차대차 - 측면직각충돌,안전운전불이행,건조,맑음,단일로 - 기타,승용,남,50세,상해없음,승용,여,41세,경상
2012012300100118,2012년 1월 23일 11시,월요일,강원도 원주시 소초면,중상사고,0,4,0,0,차대차 - 추돌 - 주정차중,안전거리미확보,건조,맑음,단일로 - 기타,승용,여,41세,중상,승용,남,27세,상해없음
2012012300100119,2012년 1월 23일 11시,월요일,강원도 양구군 양구읍,중상사고,0,1,0,0,차대차 - 측면직각충돌,안전운전불이행,건조,맑음,교차로 - 교차로안,승용,남,29세,상해없음,승용,남,23세,상해없음
2012012300100128,2012년 1월 23일 12시,월요일,강원도 횡성군 우천면,중상사고,0,1,0,0,차대차 - 정면충돌,안전운전불이행,건조,맑음,단일로 - 기타,승용,남,51세,상해없음,승용,남,31세,중상
2012012300100150,2012년 1월 23일 13시,월요일,강원도 강릉시 운산동,경상사고,0,0,2,0,차대차 - 추돌 - 진행중,안전거리미확보,건조,맑음,단일로 - 기타,승용,남,68세,상해없음,승용,남,36세,경상
2012012300100151,2012년 1월 23일 13시,월요일,강원도 원주시 신림면,중상사고,0,2,8,0,차대차 - 추돌 - 주정차중,안전거리미확보,건조,맑음,단일로 - 기타,승용,남,43세,상해없음,승용,남,39세,상해없음
2012012300100175,2012년 1월 23일 14시,월요일,강원도 원주시 관설동,경상사고,0,0,4,0,차대차 - 측면직각충돌,신호위반,건조,맑음,교차로 - 교차로안,승용,남,61세,상해없음,승용,남,33세,경상
2012012300100176,2012년 1월 23일 14시,월요일,강원도 삼척시 정상동,경상사고,0,0,1,0,차대차 - 측면직각충돌,중앙선침범,건조,맑음,교차로 - 교차로부근,승용,남,46세,상해없음,승용,남,44세,상해없음
2012012300100177,2012년 1월 23일 14시,월요일,강원도 춘천시 동산면,경상사고,0,0,2,0,차대차 - 추돌 - 진행중,안전운전불이행,건조,맑음,단일로 - 기타,승용,남,46세,상해없음,승용,남,42세,경상
2012012300100198,2012년 1월 23일 15시,월요일,강원도 강릉시 노암동,경상사고,0,0,2,0,차대차 - 추돌 - 주정차중,안전운전불이행,건조,맑음,단일로 - 기타,승용,남,60세,상해없음,승용,남,46세,경상
2012012300100237,2012년 1월 23일 17시,월요일,강원도 춘천시 서면,중상사고,0,1,0,0,차대차 - 기타,기타,건조,맑음,단일로 - 기타,승용,남,31세,상해없음,화물,남,61세,중상
2012012300100259,2012년 1월 23일 18시,월요일,강원도 춘천시 후평동,경상사고,0,0,1,0,차대차 - 추돌 - 진행중,안전운전불이행,건조,맑음,단일로 - 기타,승용,남,49세,상해없음,승용,남,24세,경상
2012012300100260,2012년 1월 23일 18시,월요일,강원도 삼척시 하장면,경상사고,0,0,1,0,차량단독 - 공작물충돌,안전운전불이행,건조,맑음,단일로 - 기타,승합,남,38세,상해없음,,,,
2012012300100272,2012년 1월 23일 19시,월요일,강원도 평창군 평창읍,중상사고,0,1,0,0,차량단독 - 공작물충돌,안전운전불이행,건조,맑음,단일로 - 기타,승용,남,44세,중상,,,,
2012012300100273,2012년 1월 23일 19시,월요일,강원도 횡성군 횡성읍,중상사고,0,1,2,0,차대차 - 추돌 - 진행중,안전운전불이행,건조,맑음,단일로 - 기타,화물,남,36세,상해없음,승용,여,42세,상해없음
2012012300100291,2012년 1월 23일 20시,월요일,강원도 원주시 단구동,중상사고,0,1,0,0,차대차 - 측면직각충돌,안전거리미확보,건조,맑음,단일로 - 기타,승용,여,23세,상해없음,이륜,남,42세,중상
2012012300100326,2012년 1월 23일 22시,월요일,강원도 춘천시 퇴계동,중상사고,0,1,0,0,차대차 - 측면직각충돌,신호위반,건조,맑음,교차로 - 교차로안,승용,남,69세,상해없음,원동기,남,33세,중상
2012012300100327,2012년 1월 23일 22시,월요일,강원도 원주시 판부면,중상사고,0,3,0,0,차대차 - 정면충돌,중앙선침범,건조,맑음,단일로 - 기타,승용,남,49세,중상,승용,남,41세,상해없음
2012012300100344,2012년 1월 23일 23시,월요일,강원도 춘천시 근화동,경상사고,0,0,2,0,차대차 - 측면직각충돌,교차로운행방법위반,건조,맑음,교차로 - 교차로안,승용,남,52세,상해없음,승용,남,29세,경상
2012012400100010,2012년 1월 24일 00시,화요일,강원도 원주시 단계동,경상사고,0,0,1,0,차대차 - 측면직각충돌,기타,건조,맑음,교차로 - 교차로부근,승용,남,51세,상해없음,승용,남,27세,상해없음
2012012400100031,2012년 1월 24일 01시,화요일,강원도 원주시 호저면,경상사고,0,0,7,0,차대차 - 추돌 - 진행중,안전운전불이행,건조,맑음,단일로 - 기타,승용,남,44세,경상,승용,남,31세,경상
2012012400100043,2012년 1월 24일 02시,화요일,강원도 춘천시 남산면,중상사고,0,1,0,2,차대차 - 추돌 - 주정차중,안전운전불이행,건조,맑음,단일로 - 기타,승용,남,22세,상해없음,승용,남,26세,부상신고
2012012400100073,2012년 1월 24일 06시,화요일,강원도 원주시 관설동,경상사고,0,0,1,0,차량단독 - 기타,안전운전불이행,건조,맑음,단일로 - 기타,화물,남,27세,상해없음,,,,
2012012400100081,2012년 1월 24일 08시,화요일,강원도 춘천시 소양로1가,경상사고,0,0,1,0,차대차 - 기타,차로위반,건조,맑음,교차로 - 교차로부근,승용,남,36세,상해없음,승용,여,56세,경상
2012012400100092,2012년 1월 24일 09시,화요일,강원도 고성군 현내면,중상사고,0,4,0,0,차대차 - 측면직각충돌,교차로운행방법위반,건조,맑음,교차로 - 교차로안,승용,남,70세,상해없음,승용,남,39세,중상
2012012400100096,2012년 1월 24일 10시,화요일,강원도 홍천군 화촌면,중상사고,0,2,1,0,차대차 - 기타,안전운전불이행,건조,맑음,단일로 - 기타,승용,남,40세,상해없음,승용,남,41세,경상
2012012400100114,2012년 1월 24일 12시,화요일,강원도 원주시 단구동,중상사고,0,1,3,0,차대차 - 추돌 - 진행중,신호위반,건조,맑음,교차로 - 교차로안,승합,남,27세,상해없음,승용,남,32세,중상
2012012400100133,2012년 1월 24일 13시,화요일,강원도 춘천시 효자동,경상사고,0,0,2,0,차대차 - 측면직각충돌,교차로운행방법위반,건조,맑음,교차로 - 교차로안,승용,여,55세,상해없음,승용,남,48세,경상
2012012400100134,2012년 1월 24일 13시,화요일,강원도 홍천군 두촌면,경상사고,0,0,3,0,차대차 - 기타,안전거리미확보,건조,맑음,단일로 - 기타,승용,남,61세,상해없음,승용,남,55세,경상
2012012400100153,2012년 1월 24일 14시,화요일,강원도 춘천시 석사동,경상사고,0,0,1,0,차대차 - 기타,안전거리미확보,건조,맑음,단일로 - 기타,승용,남,49세,상해없음,이륜,남,17세,경상
2012012400100154,2012년 1월 24일 14시,화요일,강원도 원주시 단구동,경상사고,0,0,2,0,차대차 - 추돌 - 진행중,안전운전불이행,건조,맑음,단일로 - 기타,승용,남,38세,상해없음,승용,남,46세,경상
2012012400100155,2012년 1월 24일 14시,화요일,강원도 양양군 손양면,경상사고,0,0,4,0,차대차 - 추돌 - 진행중,안전운전불이행,건조,맑음,단일로 - 기타,승용,남,26세,상해없음,승용,남,39세,경상
2012012400100170,2012년 1월 24일 15시,화요일,강원도 춘천시 남면,경상사고,0,0,1,0,차대차 - 추돌 - 주정차중,안전운전불이행,건조,맑음,단일로 - 터널,승용,남,25세,상해없음,승용,남,31세,경상
2012012400100188,2012년 1월 24일 16시,화요일,강원도 원주시 태장동,경상사고,0,0,1,1,차대차 - 측면직각충돌,직진우회전진행방해,건조,맑음,교차로 - 교차로안,화물,여,38세,부상신고,승용,여,37세,경상
2012012400100244,2012년 1월 24일 19시,화요일,강원도 삼척시 정상동,경상사고,0,0,3,0,차대차 - 측면직각충돌,안전운전불이행,건조,맑음,교차로 - 교차로안,승용,남,58세,상해없음,승용,여,44세,경상
2012012400100268,2012년 1월 24일 20시,화요일,강원도 강릉시 노암동,경상사고,0,0,1,0,차대사람 - 기타,안전운전불이행,건조,맑음,단일로 - 기타,기타불명,기타불명,기타불명,기타불명,보행자,남,17세,경상
2012012500100092,2012년 1월 25일 07시,수요일,강원도 평창군 미탄면,경상사고,0,0,1,0,차대차 - 측면직각충돌,안전운전불이행,건조,맑음,교차로 - 교차로안,화물,남,51세,상해없음,승용,남,57세,경상
2012012500100105,2012년 1월 25일 08시,수요일,강원도 춘천시 신동면,경상사고,0,0,1,0,차대차 - 측면직각충돌,직진우회전진행방해,건조,맑음,교차로 - 교차로안,화물,남,20세,상해없음,화물,남,25세,경상
2012012500100106,2012년 1월 25일 08시,수요일,강원도 강릉시 노암동,중상사고,0,1,1,0,차대차 - 측면직각충돌,안전운전불이행,건조,맑음,단일로 - 기타,화물,남,19세,상해없음,승용,남,42세,상해없음
2012012500100140,2012년 1월 25일 09시,수요일,강원도 원주시 인동,경상사고,0,0,1,0,차대차 - 측면직각충돌,안전운전불이행,건조,맑음,단일로 - 기타,승용,남,48세,상해없음,승용,여,34세,경상
2012012500100160,2012년 1월 25일 10시,수요일,강원도 원주시 문막읍,중상사고,0,1,0,0,차대차 - 추돌 - 진행중,안전운전불이행,건조,맑음,교차로 - 교차로안,화물,남,55세,상해없음,승용,여,55세,중상
2012012500100181,2012년 1월 25일 11시,수요일,강원도 춘천시 효자동,중상사고,0,1,0,0,차대사람 - 횡단중,보행자보호의무위반,결빙,맑음,단일로 - 횡단보도상,승용,남,33세,상해없음,보행자,여,81세,중상
2012012500100182,2012년 1월 25일 11시,수요일,강원도 춘천시 후평동,중상사고,0,2,0,0,차대차 - 측면직각충돌,안전거리미확보,습기,맑음,단일로 - 기타,승용,남,46세,상해없음,승용,남,42세,중상
2012012500100183,2012년 1월 25일 11시,수요일,강원도 정선군 화암면,사망사고,1,0,0,0,차대사람 - 차도통행중,안전운전불이행,결빙,맑음,단일로 - 교량,화물,남,44세,상해없음,보행자,여,83세,사망
2012012500100218,2012년 1월 25일 12시,수요일,강원도 원주시 명륜동,경상사고,0,0,1,0,차대차 - 추돌 - 진행중,차로위반,건조,맑음,단일로 - 기타,원동기,남,68세,경상,승용,남,42세,상해없음
2012012500100294,2012년 1월 25일 14시,수요일,강원도 춘천시 소양로1가,중상사고,0,1,2,0,차대차 - 추돌 - 주정차중,안전거리미확보,건조,맑음,단일로 - 기타,승용,남,49세,상해없음,승용,여,32세,경상
2012012500100295,2012년 1월 25일 14시,수요일,강원도 춘천시 온의동,경상사고,0,0,1,0,차대차 - 측면직각충돌,안전운전불이행,건조,맑음,교차로 - 교차로부근,승합,남,56세,상해없음,승용,여,54세,경상
2012012500100296,2012년 1월 25일 14시,수요일,강원도 원주시 태장동,경상사고,0,0,1,0,차대차 - 기타,안전운전불이행,건조,맑음,교차로 - 교차로부근,승용,남,56세,상해없음,승용,여,42세,경상
2012012500100297,2012년 1월 25일 14시,수요일,강원도 홍천군 홍천읍,경상사고,0,0,1,0,차대차 - 기타,안전운전불이행,건조,맑음,단일로 - 기타,승용,남,66세,상해없음,원동기,남,17세,경상