사고번호,사고일시,요일,시군구,사고내용,사망자수,중상자수,경상자수,부상신고자수,사고유형,법규위반,노면상태,기상상태,도로형태,가해운전자 차종,가해운전자 성별,가해운전자 연령,가해운전자 상해정도,피해운전자 차종,피해운전자 성별,피해운전자 연령,피해운전자 상해정도
2012012500100298,2012년 1월 25일 14시,수요일,강원도 평창군 평창읍,사망사고,1,0,0,0,차량단독 - 도로외이탈 - 추락,안전운전불이행,건조,맑음,단일로 - 기타,화물,남,57세,사망,,,,
2012012500100339,2012년 1월 25일 15시,수요일,강원도 동해시 망상동,경상사고,0,0,1,0,차대차 - 측면직각충돌,중앙선침범,결빙,맑음,단일로 - 기타,승용,남,69세,상해없음,승용,남,63세,상해없음
2012012500100409,2012년 1월 25일 17시,수요일,강원도 원주시 중앙동,경상사고,0,0,2,0,차대차 - 측면직각충돌,직진우회전진행방해,건조,맑음,교차로 - 교차로안,화물,남,61세,상해없음,승용,남,37세,경상
2012012500100449,2012년 1월 25일 18시,수요일,강원도 강릉시 대전동,경상사고,0,0,4,0,차대차 - 추돌 - 진행중,안전거리미확보,건조,맑음,교차로 - 교차로부근,승용,남,54세,상해없음,승용,남,36세,경상
2012012500100450,2012년 1월 25일 18시,수요일,강원도 원주시 단계동,중상사고,0,1,0,0,차대사람 - 기타,안전운전불이행,건조,맑음,단일로 - 기타,승용,남,55세,상해없음,보행자,여,51세,중상
2012012500100485,2012년 1월 25일 19시,수요일,강원도 강릉시 신석동,사망사고,1,0,1,0,차대차 - 추돌 - 주정차중,안전운전불이행,건조,맑음,단일로 - 기타,승용,남,47세,상해없음,화물,남,50세,기타불명
2012012500100486,2012년 1월 25일 19시,수요일,강원도 삼척시 남양동,경상사고,0,0,1,0,차대차 - 측면직각충돌,신호위반,건조,맑음,교차로 - 교차로안,건설기계,남,53세,상해없음,화물,남,47세,경상
2012012500100531,2012년 1월 25일 20시,수요일,강원도 원주시 관설동,경상사고,0,0,1,0,차대차 - 기타,안전운전불이행,건조,맑음,단일로 - 기타,승용,남,48세,상해없음,승용,남,38세,경상
2012012500100564,2012년 1월 25일 21시,수요일,강원도 춘천시 퇴계동,경상사고,0,0,2,0,차대차 - 측면직각충돌,안전운전불이행,건조,맑음,교차로 - 교차로안,승용,남,49세,상해없음,승용,남,50세,경상
2012012500100565,2012년 1월 25일 21시,수요일,강원도 강릉시 죽헌동,중상사고,0,1,0,0,차대차 - 추돌 - 진행중,안전운전불이행,습기,맑음,단일로 - 기타,승용,남,44세,상해없음,승용,남,46세,중상
2012012500100566,2012년 1월 25일 21시,수요일,강원도 속초시 교동,중상사고,0,2,2,0,차대차 - 추돌 - 주정차중,안전운전불이행,건조,맑음,단일로 - 기타,승용,남,46세,상해없음,승용,남,39세,경상
2012012500100567,2012년 1월 25일 21시,수요일,강원도 고성군 죽왕면,사망사고,1,0,0,0,차대사람 - 차도통행중,안전운전불이행,건조,맑음,단일로 - 기타,승용,남,28세,상해없음,보행자,남,53세,사망
2012012500100642,2012년 1월 25일 23시,수요일,강원도 속초시 교동,경상사고,0,0,1,0,차대차 - 측면직각충돌,교차로운행방법위반,건조,맑음,교차로 - 교차로부근,승용,남,45세,상해없음,승용,남,38세,경상
2012012600100037,2012년 1월 26일 01시,목요일,강원도 태백시 황지동,사망사고,1,1,0,0,차대차 - 정면충돌,중앙선침범,건조,맑음,단일로 - 기타,승용,남,63세,상해없음,승용,남,46세,중상
2012012600100059,2012년 1월 26일 03시,목요일,강원도 춘천시 소양로3가,경상사고,0,0,2,0,차대차 - 측면직각충돌,교차로운행방법위반,건조,맑음,교차로 - 교차로안,승용,여,27세,상해없음,승용,여,57세,경상
2012012600100062,2012년 1월 26일 04시,목요일,강원도 삼척시 교동,중상사고,0,1,0,0,차량단독 - 전도전복,안전운전불이행,건조,맑음,단일로 - 기타,자전거,여,57세,중상,,,,
2012012600100111,2012년 1월 26일 08시,목요일,강원도 속초시 노학동,경상사고,0,0,2,0,차대차 - 측면직각충돌,교차로운행방법위반,건조,맑음,단일로 - 기타,승용,남,84세,상해없음,화물,남,43세,경상
2012012600100129,2012년 1월 26일 09시,목요일,강원도 원주시 개운동,경상사고,0,0,2,0,차대차 - 측면직각충돌,신호위반,건조,맑음,교차로 - 교차로안,화물,남,20세,상해없음,승용,남,50세,경상
2012012600100130,2012년 1월 26일 09시,목요일,강원도 속초시 장사동,중상사고,0,1,0,0,차대차 - 측면직각충돌,교차로운행방법위반,건조,맑음,단일로 - 기타,승용,남,42세,상해없음,승용,여,50세,중상
2012012600100131,2012년 1월 26일 09시,목요일,강원도 철원군 서면,중상사고,0,1,0,0,차대차 - 측면직각충돌,안전운전불이행,적설,눈,단일로 - 기타,승합,남,57세,상해없음,특수,남,56세,중상
2012012600100154,2012년 1월 26일 10시,목요일,강원도 고성군 간성읍,중상사고,0,1,1,0,차량단독 - 도로외이탈 - 기타,안전운전불이행,건조,맑음,단일로 - 기타,승용,여,47세,경상,,,,
2012012600100289,2012년 1월 26일 14시,목요일,강원도 강릉시 포남동,중상사고,0,1,0,0,차대사람 - 횡단중,안전운전불이행,건조,맑음,단일로 - 기타,승용,남,49세,상해없음,보행자,여,17세,중상
2012012600100290,2012년 1월 26일 14시,목요일,강원도 원주시 흥업면,중상사고,0,2,1,0,차대차 - 추돌 - 주정차중,안전운전불이행,건조,맑음,교차로 - 교차로부근,승합,남,53세,상해없음,승용,남,44세,중상
2012012600100312,2012년 1월 26일 15시,목요일,강원도 원주시 우산동,경상사고,0,0,1,0,차대사람 - 기타,안전운전불이행,건조,맑음,단일로 - 기타,화물,여,53세,상해없음,보행자,남,26세,경상
2012012600100313,2012년 1월 26일 15시,목요일,강원도 속초시 청학동,경상사고,0,0,1,0,차대사람 - 횡단중,안전운전불이행,건조,맑음,단일로 - 횡단보도상,승용,남,61세,상해없음,보행자,여,62세,경상
2012012600100314,2012년 1월 26일 15시,목요일,강원도 영월군 중동면,사망사고,1,0,0,0,차대차 - 추돌 - 주정차중,안전운전불이행,건조,맑음,단일로 - 터널,특수,남,42세,상해없음,특수,남,58세,상해없음
2012012600100315,2012년 1월 26일 15시,목요일,강원도 홍천군 홍천읍,경상사고,0,0,1,0,차대사람 - 횡단중,보행자보호의무위반,건조,맑음,단일로 - 횡단보도상,승용,남,63세,기타불명,보행자,남,7세,경상
2012012600100316,2012년 1월 26일 15시,목요일,강원도 평창군 평창읍,중상사고,0,2,0,0,차대차 - 정면충돌,중앙선침범,건조,맑음,단일로 - 교량,승용,남,57세,상해없음,승용,남,74세,중상
2012012600100351,2012년 1월 26일 16시,목요일,강원도 태백시 황지동,경상사고,0,0,1,0,차대차 - 측면직각충돌,안전운전불이행,건조,맑음,단일로 - 기타,승용,남,63세,상해없음,승용,남,31세,경상
2012012600100352,2012년 1월 26일 16시,목요일,강원도 동해시 북평동,중상사고,0,1,0,0,차대사람 - 기타,안전운전불이행,건조,맑음,단일로 - 기타,화물,남,44세,상해없음,보행자,남,45세,중상
2012012600100385,2012년 1월 26일 17시,목요일,강원도 인제군 북면,중상사고,0,1,0,0,차대사람 - 횡단중,안전운전불이행,건조,맑음,단일로 - 기타,화물,남,31세,상해없음,보행자,여,11세,중상
2012012600100419,2012년 1월 26일 18시,목요일,강원도 춘천시 효자동,경상사고,0,0,1,0,차대차 - 측면직각충돌,안전운전불이행,건조,맑음,교차로 - 교차로안,승용,남,47세,상해없음,승용,여,36세,경상
2012012600100420,2012년 1월 26일 18시,목요일,강원도 강릉시 금학동,경상사고,0,0,1,0,차대사람 - 길가장자리구역통행중,안전운전불이행,건조,맑음,교차로 - 교차로안,승용,남,47세,상해없음,보행자,여,12세,경상
2012012600100421,2012년 1월 26일 18시,목요일,강원도 원주시 태장동,중상사고,0,1,0,0,차대차 - 기타,차로위반,건조,맑음,단일로 - 기타,기타불명,기타불명,기타불명,기타불명,화물,남,59세,상해없음
2012012600100530,2012년 1월 26일 21시,목요일,강원도 춘천시 요선동,중상사고,0,2,0,0,차대사람 - 기타,안전운전불이행,습기,흐림,단일로 - 기타,승용,남,44세,상해없음,보행자,여,47세,중상
2012012600100531,2012년 1월 26일 21시,목요일,강원도 원주시 단계동,경상사고,0,0,1,0,차대사람 - 횡단중,신호위반,기타,흐림,교차로 - 교차로안,기타불명,기타불명,기타불명,기타불명,보행자,남,19세,경상
2012012600100532,2012년 1월 26일 21시,목요일,강원도 원주시 흥업면,경상사고,0,0,1,0,차대차 - 추돌 - 진행중,안전거리미확보,건조,맑음,단일로 - 기타,승용,남,40세,상해없음,승용,남,32세,경상
2012012600100533,2012년 1월 26일 21시,목요일,강원도 양양군 강현면,경상사고,0,0,1,0,차대차 - 측면직각충돌,안전거리미확보,건조,맑음,단일로 - 기타,승합,여,43세,상해없음,승용,여,48세,경상
2012012600100584,2012년 1월 26일 23시,목요일,강원도 강릉시 주문진읍,경상사고,0,0,1,0,차대차 - 기타,신호위반,건조,맑음,교차로 - 교차로안,승용,남,40세,상해없음,승용,남,56세,경상
2012012700100136,2012년 1월 27일 09시,금요일,강원도 영월군 영월읍,중상사고,0,1,0,0,차대차 - 정면충돌,중앙선침범,건조,맑음,단일로 - 기타,승용,남,68세,상해없음,승합,남,49세,중상
2012012700100155,2012년 1월 27일 10시,금요일,강원도 원주시 단구동,중상사고,0,2,0,0,차대차 - 측면직각충돌,교차로운행방법위반,습기,흐림,교차로 - 교차로안,이륜,남,69세,중상,승합,남,53세,상해없음
2012012700100156,2012년 1월 27일 10시,금요일,강원도 평창군 평창읍,중상사고,0,1,0,0,차대차 - 정면충돌,중앙선침범,습기,눈,단일로 - 기타,화물,여,57세,상해없음,승용,남,70세,중상
2012012700100210,2012년 1월 27일 12시,금요일,강원도 춘천시 후평동,경상사고,0,0,2,0,차대차 - 측면직각충돌,교차로운행방법위반,건조,흐림,교차로 - 교차로안,승합,남,54세,상해없음,승용,남,30세,경상
2012012700100211,2012년 1월 27일 12시,금요일,강원도 원주시 부론면,경상사고,0,0,2,0,차대차 - 정면충돌,중앙선침범,적설,눈,단일로 - 기타,승합,남,58세,상해없음,승용,남,69세,경상
2012012700100232,2012년 1월 27일 13시,금요일,강원도 속초시 조양동,경상사고,0,0,1,0,차대차 - 측면직각충돌,중앙선침범,건조,맑음,단일로 - 기타,승용,남,30세,상해없음,승용,여,41세,경상
2012012700100233,2012년 1월 27일 13시,금요일,강원도 홍천군 두촌면,경상사고,0,0,1,0,차대차 - 기타,안전운전불이행,건조,맑음,기타 - 기타,승용,여,48세,상해없음,승용,남,62세,경상
2012012700100259,2012년 1월 27일 14시,금요일,강원도 춘천시 퇴계동,경상사고,0,0,2,0,차대차 - 측면직각충돌,차로위반,건조,맑음,단일로 - 기타,승용,남,46세,상해없음,승용,남,55세,경상
2012012700100260,2012년 1월 27일 14시,금요일,강원도 강릉시 옥천동,경상사고,0,0,3,0,차대차 - 추돌 - 진행중,안전운전불이행,건조,맑음,교차로 - 교차로안,승합,남,50세,상해없음,승용,여,38세,경상
2012012700100261,2012년 1월 27일 14시,금요일,강원도 철원군 갈말읍,경상사고,0,0,1,0,차대차 - 측면직각충돌,교차로운행방법위반,건조,맑음,교차로 - 교차로안,승용,남,51세,상해없음,승용,남,67세,경상
2012012700100302,2012년 1월 27일 15시,금요일,강원도 춘천시 운교동,경상사고,0,0,1,0,차대사람 - 횡단중,안전운전불이행,건조,맑음,단일로 - 기타,승용,여,48세,상해없음,보행자,여,58세,경상
2012012700100303,2012년 1월 27일 15시,금요일,강원도 춘천시 우두동,경상사고,0,0,2,0,차대차 - 측면직각충돌,안전운전불이행,건조,맑음,교차로 - 교차로부근,건설기계,남,51세,상해없음,승용,남,56세,경상
2012012700100304,2012년 1월 27일 15시,금요일,강원도 강릉시 강문동,경상사고,0,0,1,0,차대차 - 추돌 - 주정차중,안전운전불이행,건조,맑음,단일로 - 기타,승용,남,47세,상해없음,승용,여,32세,경상
2012012700100341,2012년 1월 27일 16시,금요일,강원도 춘천시 온의동,경상사고,0,0,2,0,차대차 - 추돌 - 진행중,안전거리미확보,건조,흐림,교차로 - 교차로부근,승용,남,46세,상해없음,승용,남,53세,경상
2012012700100361,2012년 1월 27일 17시,금요일,강원도 춘천시 온의동,경상사고,0,0,2,0,차대차 - 추돌 - 진행중,안전거리미확보,습기,맑음,교차로 - 교차로부근,승용,여,58세,상해없음,승용,남,32세,경상
2012012700100402,2012년 1월 27일 18시,금요일,강원도 원주시 지정면,중상사고,0,3,1,0,차대차 - 정면충돌,중앙선침범,결빙,눈,단일로 - 기타,화물,남,62세,상해없음,승용,남,24세,경상
2012012700100403,2012년 1월 27일 18시,금요일,강원도 양구군 양구읍,중상사고,0,1,0,0,차대차 - 측면직각충돌,안전운전불이행,건조,맑음,교차로 - 교차로안,승용,남,61세,상해없음,화물,남,51세,중상
2012012700100453,2012년 1월 27일 19시,금요일,강원도 원주시 원동,경상사고,0,0,3,0,차대차 - 측면직각충돌,교차로운행방법위반,결빙,눈,교차로 - 교차로안,승용,여,46세,경상,승합,남,53세,상해없음
2012012700100454,2012년 1월 27일 19시,금요일,강원도 원주시 단구동,경상사고,0,0,1,0,차대차 - 추돌 - 주정차중,안전거리미확보,적설,눈,단일로 - 기타,승용,남,37세,상해없음,승용,여,53세,경상
2012012700100455,2012년 1월 27일 19시,금요일,강원도 홍천군 동면,중상사고,0,2,0,0,차량단독 - 도로외이탈 - 추락,안전운전불이행,건조,맑음,단일로 - 기타,승합,남,61세,상해없음,,,,
2012012700100456,2012년 1월 27일 19시,금요일,강원도 원주시 신림면,경상사고,0,0,2,0,차대차 - 추돌 - 주정차중,안전운전불이행,습기,흐림,단일로 - 기타,화물,남,50세,상해없음,승합,남,42세,경상
2012012700100490,2012년 1월 27일 20시,금요일,강원도 원주시 우산동,경상사고,0,0,1,0,차대차 - 측면직각충돌,중앙선침범,습기,눈,단일로 - 기타,승용,여,43세,상해없음,승용,남,54세,경상
2012012700100491,2012년 1월 27일 20시,금요일,강원도 홍천군 홍천읍,중상사고,0,1,0,0,차대사람 - 횡단중,안전운전불이행,습기,맑음,단일로 - 기타,승용,남,47세,상해없음,보행자,여,73세,중상
2012012700100551,2012년 1월 27일 22시,금요일,강원도 원주시 단계동,경상사고,0,0,2,0,차대차 - 추돌 - 진행중,안전운전불이행,기타,눈,교차로 - 교차로부근,승용,여,38세,상해없음,승용,여,21세,상해없음
2012012800100017,2012년 1월 28일 00시,토요일,강원도 홍천군 서면,중상사고,0,2,1,0,차대차 - 기타,중앙선침범,건조,맑음,단일로 - 기타,승용,남,24세,상해없음,화물,남,56세,중상
2012012800100047,2012년 1월 28일 01시,토요일,강원도 원주시 단구동,경상사고,0,0,2,0,차대차 - 정면충돌,중앙선침범,습기,흐림,단일로 - 기타,승용,여,40세,상해없음,승용,여,50세,경상
2012012800100061,2012년 1월 28일 02시,토요일,강원도 춘천시 서면,중상사고,0,2,0,0,차대차 - 측면직각충돌,교차로운행방법위반,습기,흐림,교차로 - 교차로안,승용,여,52세,중상,화물,남,41세,상해없음
2012012800100062,2012년 1월 28일 02시,토요일,강원도 강릉시 포남동,경상사고,0,0,2,0,차대차 - 추돌 - 진행중,안전운전불이행,건조,맑음,교차로 - 교차로안,승용,남,21세,상해없음,승용,여,55세,경상
2012012800100076,2012년 1월 28일 03시,토요일,강원도 원주시 단계동,경상사고,0,0,4,0,차대차 - 측면직각충돌,교차로운행방법위반,습기,안개,교차로 - 교차로안,승용,여,62세,경상,승용,남,22세,경상
2012012800100130,2012년 1월 28일 07시,토요일,강원도 고성군 간성읍,중상사고,0,1,0,0,차대차 - 정면충돌,중앙선침범,건조,맑음,단일로 - 기타,승용,남,32세,상해없음,승용,여,52세,중상
2012012800100175,2012년 1월 28일 09시,토요일,강원도 춘천시 후평동,경상사고,0,0,2,0,차대차 - 측면직각충돌,신호위반,건조,맑음,교차로 - 교차로안,승용,여,27세,상해없음,승용,남,60세,경상
2012012800100176,2012년 1월 28일 09시,토요일,강원도 원주시 일산동,경상사고,0,0,1,0,차대차 - 측면직각충돌,교차로운행방법위반,결빙,맑음,교차로 - 교차로안,승용,남,45세,상해없음,승용,남,35세,경상
2012012800100194,2012년 1월 28일 10시,토요일,강원도 동해시 천곡동,부상신고사고,0,0,0,1,차대차 - 측면직각충돌,교차로운행방법위반,건조,맑음,교차로 - 교차로부근,승합,남,66세,상해없음,승용,여,51세,부상신고
2012012800100214,2012년 1월 28일 11시,토요일,강원도 삼척시 원덕읍,경상사고,0,0,1,0,차대차 - 측면직각충돌,중앙선침범,건조,맑음,단일로 - 기타,건설기계,남,57세,상해없음,건설기계,남,31세,경상
2012012800100234,2012년 1월 28일 12시,토요일,강원도 평창군 대관령면,중상사고,0,3,0,0,차대차 - 측면직각충돌,중앙선침범,건조,맑음,단일로 - 기타,승용,남,42세,중상,승용,남,61세,중상
2012012800100263,2012년 1월 28일 13시,토요일,강원도 속초시 청학동,경상사고,0,0,1,0,차대사람 - 횡단중,안전운전불이행,건조,맑음,교차로 - 교차로부근,승합,기타불명,기타불명,기타불명,보행자,남,51세,경상
2012012800100264,2012년 1월 28일 13시,토요일,강원도 삼척시 원덕읍,경상사고,0,0,1,0,차대차 - 측면직각충돌,안전운전불이행,건조,맑음,단일로 - 교량,특수,남,47세,상해없음,승용,남,58세,경상
2012012800100265,2012년 1월 28일 13시,토요일,강원도 정선군 남면,중상사고,0,1,6,0,차대차 - 정면충돌,신호위반,건조,맑음,단일로 - 기타,승용,남,61세,상해없음,승용,여,35세,경상
2012012800100325,2012년 1월 28일 16시,토요일,강원도 원주시 문막읍,중상사고,0,1,0,0,차대사람 - 기타,안전운전불이행,건조,맑음,기타 - 기타,승용,남,19세,상해없음,보행자,여,42세,중상
2012012800100340,2012년 1월 28일 17시,토요일,강원도 평창군 대관령면,경상사고,0,0,2,0,차대차 - 측면직각충돌,안전운전불이행,건조,맑음,교차로 - 교차로안,승용,남,39세,상해없음,승용,남,30세,경상
2012012800100365,2012년 1월 28일 18시,토요일,강원도 원주시 단구동,경상사고,0,0,1,0,차대차 - 측면직각충돌,신호위반,건조,맑음,교차로 - 교차로안,승용,여,45세,상해없음,승용,남,40세,경상
2012012800100366,2012년 1월 28일 18시,토요일,강원도 홍천군 북방면,경상사고,0,0,1,0,차대차 - 기타,교차로운행방법위반,건조,맑음,기타 - 기타,승용,남,37세,상해없음,승용,남,22세,경상
2012012800100396,2012년 1월 28일 19시,토요일,강원도 철원군 동송읍,중상사고,0,1,0,0,차대차 - 측면직각충돌,중앙선침범,건조,맑음,단일로 - 기타,화물,남,55세,상해없음,이륜,남,42세,중상
2012012800100420,2012년 1월 28일 20시,토요일,강원도 원주시 흥업면,중상사고,0,1,0,0,차대차 - 측면직각충돌,신호위반,건조,맑음,교차로 - 교차로안,승용,남,55세,상해없음,이륜,남,15세,중상
2012012800100421,2012년 1월 28일 20시,토요일,강원도 속초시 교동,중상사고,0,2,0,0,차대차 - 측면직각충돌,기타,건조,맑음,교차로 - 교차로안,승용,남,52세,상해없음,승용,여,48세,중상
2012012800100422,2012년 1월 28일 20시,토요일,강원도 영월군 영월읍,중상사고,0,1,4,0,차대차 - 측면직각충돌,중앙선침범,건조,맑음,단일로 - 기타,승용,남,51세,상해없음,승용,남,31세,경상
2012012800100442,2012년 1월 28일 21시,토요일,강원도 춘천시 효자동,경상사고,0,0,1,1,차대사람 - 횡단중,안전운전불이행,건조,맑음,단일로 - 기타,승용,남,55세,상해없음,보행자,여,22세,경상
2012012800100443,2012년 1월 28일 21시,토요일,강원도 춘천시 후평동,경상사고,0,0,1,0,차량단독 - 기타,기타,건조,맑음,단일로 - 기타,승합,남,51세,상해없음,,,,
2012012800100444,2012년 1월 28일 21시,토요일,강원도 강릉시 입암동,경상사고,0,0,1,0,차대차 - 추돌 - 주정차중,안전운전불이행,건조,맑음,단일로 - 기타,승용,남,59세,상해없음,이륜,남,17세,경상
2012012900100061,2012년 1월 29일 02시,일요일,강원도 강릉시 입암동,중상사고,0,1,0,0,차대사람 - 횡단중,안전운전불이행,건조,맑음,단일로 - 기타,승용,남,56세,상해없음,보행자,남,29세,중상
2012012900100134,2012년 1월 29일 08시,일요일,강원도 춘천시 소양로1가,중상사고,0,1,0,0,차대사람 - 기타,안전운전불이행,건조,맑음,단일로 - 기타,승용,여,37세,상해없음,보행자,남,59세,중상
2012012900100135,2012년 1월 29일 08시,일요일,강원도 태백시 소도동,경상사고,0,0,1,0,차대사람 - 기타,안전운전불이행,건조,맑음,단일로 - 기타,승용,남,52세,상해없음,보행자,남,34세,경상
2012012900100150,2012년 1월 29일 09시,일요일,강원도 춘천시 석사동,중상사고,0,2,0,0,차대차 - 측면직각충돌,신호위반,건조,맑음,교차로 - 교차로부근,승용,여,45세,상해없음,승용,여,42세,중상
2012012900100175,2012년 1월 29일 11시,일요일,강원도 인제군 인제읍,중상사고,0,3,0,0,차대차 - 추돌 - 진행중,안전운전불이행,건조,맑음,단일로 - 교량,승용,남,27세,상해없음,승용,남,41세,상해없음
2012012900100190,2012년 1월 29일 12시,일요일,강원도 춘천시 온의동,경상사고,0,0,2,0,차대차 - 추돌 - 진행중,안전거리미확보,습기,맑음,교차로 - 교차로부근,화물,남,29세,상해없음,승용,여,44세,경상
2012012900100228,2012년 1월 29일 14시,일요일,강원도 속초시 영랑동,중상사고,0,1,0,0,차대차 - 측면직각충돌,안전운전불이행,건조,맑음,교차로 - 교차로안,승용,남,67세,상해없음,이륜,남,18세,중상
2012012900100229,2012년 1월 29일 14시,일요일,강원도 평창군 대관령면,경상사고,0,0,3,0,차대차 - 측면직각충돌,중앙선침범,건조,맑음,단일로 - 기타,승용,남,31세,상해없음,승용,여,40세,경상
2012012900100252,2012년 1월 29일 15시,일요일,강원도 춘천시 신북읍,중상사고,0,2,0,0,차대차 - 측면직각충돌,안전운전불이행,결빙,맑음,단일로 - 기타,승용,남,67세,상해없음,화물,남,47세,중상
2012012900100270,2012년 1월 29일 16시,일요일,강원도 춘천시 소양로1가,경상사고,0,0,2,0,차대차 - 기타,신호위반,건조,맑음,교차로 - 교차로안,기타불명,기타불명,기타불명,기타불명,승용,남,70세,경상
2012012900100271,2012년 1월 29일 16시,일요일,강원도 원주시 학성동,중상사고,0,1,0,0,차대차 - 기타,안전운전불이행,건조,맑음,단일로 - 기타,승용,여,56세,상해없음,승용,남,55세,기타불명
2012012900100316,2012년 1월 29일 18시,일요일,강원도 춘천시 후평동,경상사고,0,0,1,0,차대차 - 정면충돌,직진우회전진행방해,건조,맑음,교차로 - 교차로안,승용,여,33세,상해없음,원동기,남,29세,경상
2012012900100318,2012년 1월 29일 18시,일요일,강원도 강릉시 내곡동,경상사고,0,0,1,0,차대차 - 측면직각충돌,중앙선침범,건조,맑음,단일로 - 기타,승용,남,19세,상해없음,승용,남,65세,경상
2012012900100319,2012년 1월 29일 18시,일요일,강원도 강릉시 입암동,경상사고,0,0,1,0,차대사람 - 횡단중,보행자보호의무위반,건조,맑음,단일로 - 횡단보도상,화물,남,53세,상해없음,보행자,여,55세,경상
2012012900100320,2012년 1월 29일 18시,일요일,강원도 속초시 대포동,경상사고,0,0,1,0,차대차 - 측면직각충돌,교차로운행방법위반,건조,맑음,교차로 - 교차로부근,승용,남,21세,상해없음,승용,남,27세,경상
2012012900100321,2012년 1월 29일 18시,일요일,강원도 평창군 대관령면,경상사고,0,0,2,0,차대차 - 측면직각충돌,안전운전불이행,건조,맑음,단일로 - 기타,승용,남,24세,상해없음,승합,남,57세,상해없음
2012012900100345,2012년 1월 29일 19시,일요일,강원도 춘천시 우두동,경상사고,0,0,2,0,차대차 - 기타,안전운전불이행,건조,맑음,단일로 - 기타,기타불명,기타불명,기타불명,기타불명,승용,남,33세,경상
2012012900100346,2012년 1월 29일 19시,일요일,강원도 화천군 화천읍,경상사고,0,0,1,0,차량단독 - 전도전복,안전운전불이행,건조,맑음,단일로 - 기타,승용,남,64세,상해없음,,,,
2012012900100370,2012년 1월 29일 20시,일요일,강원도 홍천군 홍천읍,중상사고,0,1,0,0,차대차 - 측면직각충돌,안전운전불이행,건조,맑음,단일로 - 기타,승용,남,67세,상해없음,원동기,남,18세,중상
2012012900100416,2012년 1월 29일 22시,일요일,강원도 춘천시 석사동,중상사고,0,1,0,0,차대사람 - 기타,안전운전불이행,건조,맑음,단일로 - 기타,승용,여,55세,상해없음,보행자,남,52세,중상
2012013000100021,2012년 1월 30일 02시,월요일,강원도 원주시 무실동,부상신고사고,0,0,0,1,차량단독 - 공작물충돌,안전운전불이행,건조,맑음,단일로 - 기타,승용,남,41세,부상신고,,,,
2012013000100059,2012년 1월 30일 07시,월요일,강원도 강릉시 교동,경상사고,0,0,1,0,차대차 - 측면직각충돌,안전운전불이행,건조,맑음,교차로 - 교차로부근,승합,남,23세,상해없음,승용,여,41세,경상
2012013000100088,2012년 1월 30일 08시,월요일,강원도 강릉시 교동,경상사고,0,0,1,0,차대차 - 측면직각충돌,신호위반,건조,맑음,교차로 - 교차로안,승용,남,56세,상해없음,승용,남,52세,경상
2012013000100119,2012년 1월 30일 09시,월요일,강원도 고성군 토성면,경상사고,0,0,1,0,차대차 - 측면직각충돌,신호위반,건조,맑음,교차로 - 교차로안,이륜,남,57세,상해없음,승용,남,54세,경상
2012013000100136,2012년 1월 30일 10시,월요일,강원도 원주시 학성동,경상사고,0,0,1,0,차대차 - 측면직각충돌,안전운전불이행,건조,맑음,단일로 - 기타,승용,남,58세,상해없음,승용,남,38세,경상
2012013000100137,2012년 1월 30일 10시,월요일,강원도 동해시 천곡동,경상사고,0,0,1,0,차대사람 - 길가장자리구역통행중,안전운전불이행,건조,맑음,단일로 - 기타,승용,여,50세,상해없음,보행자,남,71세,경상
2012013000100161,2012년 1월 30일 11시,월요일,강원도 춘천시 퇴계동,경상사고,0,0,1,0,차대차 - 추돌 - 주정차중,안전운전불이행,건조,맑음,단일로 - 기타,승용,여,45세,상해없음,승용,남,58세,경상
2012013000100186,2012년 1월 30일 12시,월요일,강원도 원주시 단구동,중상사고,0,1,0,0,차대차 - 추돌 - 주정차중,안전운전불이행,건조,맑음,교차로 - 교차로부근,승용,여,41세,상해없음,승합,남,42세,상해없음
2012013000100216,2012년 1월 30일 13시,월요일,강원도 원주시 일산동,중상사고,0,1,1,0,차대차 - 기타,신호위반,건조,맑음,단일로 - 기타,승용,남,31세,상해없음,승용,남,43세,중상
2012013000100217,2012년 1월 30일 13시,월요일,강원도 횡성군 우천면,경상사고,0,0,6,0,차대차 - 측면직각충돌,안전운전불이행,건조,흐림,단일로 - 기타,화물,남,51세,상해없음,승합,여,33세,경상
2012013000100240,2012년 1월 30일 14시,월요일,강원도 강릉시 포남동,경상사고,0,0,1,0,차대차 - 측면직각충돌,안전운전불이행,건조,맑음,교차로 - 교차로안,승용,남,61세,상해없음,승용,여,62세,경상
2012013000100241,2012년 1월 30일 14시,월요일,강원도 태백시 문곡동,경상사고,0,0,2,0,차대차 - 기타,안전운전불이행,건조,맑음,단일로 - 기타,승용,남,42세,상해없음,승용,남,60세,상해없음
2012013000100266,2012년 1월 30일 15시,월요일,강원도 홍천군 내촌면,경상사고,0,0,1,0,차대차 - 기타,안전운전불이행,건조,맑음,기타 - 기타,승용,남,47세,상해없음,원동기,남,74세,경상
2012013000100285,2012년 1월 30일 16시,월요일,강원도 춘천시 석사동,경상사고,0,0,2,0,차대차 - 추돌 - 주정차중,안전운전불이행,건조,맑음,교차로 - 교차로안,화물,남,53세,상해없음,화물,남,27세,경상
2012013000100286,2012년 1월 30일 16시,월요일,강원도 원주시 무실동,경상사고,0,0,1,0,차대차 - 측면직각충돌,신호위반,건조,맑음,교차로 - 교차로안,승용,여,45세,상해없음,승용,남,71세,경상