사고번호,사고일시,요일,시군구,사고내용,사망자수,중상자수,경상자수,부상신고자수,사고유형,법규위반,노면상태,기상상태,도로형태,가해운전자 차종,가해운전자 성별,가해운전자 연령,가해운전자 상해정도,피해운전자 차종,피해운전자 성별,피해운전자 연령,피해운전자 상해정도
2012013000100287,2012년 1월 30일 16시,월요일,강원도 삼척시 정상동,경상사고,0,0,2,0,차대차 - 측면직각충돌,안전운전불이행,건조,맑음,단일로 - 기타,승용,남,61세,상해없음,승용,남,21세,경상
2012013000100288,2012년 1월 30일 16시,월요일,강원도 삼척시 당저동,중상사고,0,1,0,0,차대사람 - 차도통행중,중앙선침범,건조,맑음,단일로 - 기타,화물,남,26세,상해없음,보행자,여,75세,중상
2012013000100321,2012년 1월 30일 17시,월요일,강원도 속초시 조양동,경상사고,0,0,1,0,차대차 - 추돌 - 주정차중,안전운전불이행,건조,맑음,단일로 - 기타,승용,남,51세,상해없음,승용,여,63세,상해없음
2012013000100322,2012년 1월 30일 17시,월요일,강원도 평창군 평창읍,중상사고,0,1,0,0,차대차 - 측면직각충돌,중앙선침범,건조,흐림,단일로 - 기타,화물,남,50세,상해없음,화물,남,34세,중상
2012013000100323,2012년 1월 30일 17시,월요일,강원도 강릉시 강동면,경상사고,0,0,1,0,차대차 - 추돌 - 진행중,안전운전불이행,건조,흐림,단일로 - 터널,승용,남,40세,상해없음,화물,남,36세,경상
2012013000100351,2012년 1월 30일 18시,월요일,강원도 철원군 서면,중상사고,0,1,0,0,차대차 - 추돌 - 주정차중,안전거리미확보,건조,맑음,교차로 - 교차로부근,화물,남,52세,상해없음,승용,남,60세,중상
2012013000100424,2012년 1월 30일 20시,월요일,강원도 고성군 토성면,경상사고,0,0,2,0,차대차 - 측면직각충돌,안전운전불이행,건조,맑음,교차로 - 교차로안,승용,남,60세,상해없음,승용,남,31세,경상
2012013000100449,2012년 1월 30일 21시,월요일,강원도 속초시 중앙동,경상사고,0,0,2,0,차대차 - 추돌 - 진행중,안전운전불이행,건조,맑음,교차로 - 교차로안,승용,여,46세,상해없음,승용,남,47세,상해없음
2012013000100470,2012년 1월 30일 22시,월요일,강원도 원주시 단구동,경상사고,0,0,2,0,차대차 - 측면직각충돌,신호위반,건조,맑음,단일로 - 기타,승용,여,54세,상해없음,승용,남,26세,경상
2012013100100030,2012년 1월 31일 01시,화요일,강원도 춘천시 효자동,중상사고,0,1,1,0,차대차 - 측면직각충돌,직진우회전진행방해,건조,맑음,교차로 - 교차로안,승용,남,57세,상해없음,이륜,남,16세,중상
2012013100100114,2012년 1월 31일 08시,화요일,강원도 춘천시 소양로1가,중상사고,0,1,1,0,차대차 - 측면직각충돌,신호위반,건조,맑음,교차로 - 교차로안,승용,여,43세,경상,승용,남,57세,중상
2012013100100115,2012년 1월 31일 08시,화요일,강원도 동해시 이도동,경상사고,0,0,1,0,차대차 - 기타,안전운전불이행,건조,맑음,단일로 - 기타,승합,남,41세,상해없음,승용,남,38세,경상
2012013100100133,2012년 1월 31일 09시,화요일,강원도 춘천시 후평동,경상사고,0,0,1,0,차대차 - 측면직각충돌,안전운전불이행,건조,맑음,교차로 - 교차로부근,승용,남,34세,상해없음,승합,남,54세,상해없음
2012013100100134,2012년 1월 31일 09시,화요일,강원도 강릉시 임당동,경상사고,0,0,1,0,차대사람 - 횡단중,안전운전불이행,건조,맑음,단일로 - 기타,기타불명,기타불명,기타불명,기타불명,보행자,여,21세,경상
2012013100100135,2012년 1월 31일 09시,화요일,강원도 원주시 소초면,중상사고,0,2,0,0,차대차 - 측면직각충돌,신호위반,건조,맑음,교차로 - 교차로안,승용,여,37세,중상,승용,여,43세,중상
2012013100100179,2012년 1월 31일 11시,화요일,강원도 원주시 단계동,경상사고,0,0,1,0,차대차 - 측면직각충돌,신호위반,건조,흐림,교차로 - 교차로안,승용,남,50세,상해없음,승용,남,39세,경상
2012013100100180,2012년 1월 31일 11시,화요일,강원도 홍천군 북방면,중상사고,0,1,0,0,차대차 - 기타,교차로운행방법위반,건조,맑음,교차로 - 교차로안,승합,남,46세,상해없음,자전거,남,73세,중상
2012013100100200,2012년 1월 31일 12시,화요일,강원도 원주시 단구동,중상사고,0,3,0,0,차대차 - 정면충돌,중앙선침범,건조,맑음,단일로 - 기타,승용,남,35세,중상,승용,남,54세,중상
2012013100100213,2012년 1월 31일 13시,화요일,강원도 강릉시 홍제동,경상사고,0,0,1,0,차대사람 - 기타,안전운전불이행,건조,맑음,단일로 - 기타,승용,여,48세,상해없음,보행자,남,26세,경상
2012013100100214,2012년 1월 31일 13시,화요일,강원도 원주시 단구동,경상사고,0,0,2,0,차대차 - 측면직각충돌,교차로운행방법위반,건조,맑음,교차로 - 교차로안,승용,여,47세,상해없음,승용,남,44세,경상
2012013100100272,2012년 1월 31일 15시,화요일,강원도 원주시 단구동,경상사고,0,0,1,0,차대차 - 측면직각충돌,교차로운행방법위반,건조,흐림,교차로 - 교차로안,승용,남,56세,상해없음,승용,남,57세,상해없음
2012013100100316,2012년 1월 31일 16시,화요일,강원도 춘천시 퇴계동,부상신고사고,0,0,0,3,차량단독 - 공작물충돌,안전운전불이행,건조,흐림,단일로 - 기타,승합,여,51세,상해없음,,,,
2012013100100362,2012년 1월 31일 17시,화요일,강원도 춘천시 효자동,경상사고,0,0,1,0,차대차 - 추돌 - 주정차중,안전운전불이행,적설,눈,단일로 - 기타,승용,남,31세,상해없음,승용,남,37세,경상
2012013100100363,2012년 1월 31일 17시,화요일,강원도 횡성군 횡성읍,경상사고,0,0,1,0,차대차 - 추돌 - 주정차중,안전운전불이행,결빙,맑음,단일로 - 기타,승용,남,49세,상해없음,승용,남,50세,경상
2012013100100364,2012년 1월 31일 17시,화요일,강원도 원주시 지정면,중상사고,0,10,3,0,차대차 - 측면직각충돌,안전운전불이행,적설,눈,단일로 - 기타,승합,남,56세,경상,승용,여,61세,중상
2012013100100402,2012년 1월 31일 18시,화요일,강원도 원주시 지정면,경상사고,0,0,1,0,차대차 - 추돌 - 주정차중,안전거리미확보,적설,눈,단일로 - 기타,화물,남,43세,상해없음,승용,여,48세,기타불명
2012013100100442,2012년 1월 31일 19시,화요일,강원도 속초시 교동,경상사고,0,0,2,0,차대차 - 측면직각충돌,안전운전불이행,적설,눈,단일로 - 기타,승용,여,57세,상해없음,승용,남,50세,경상
2012013100100443,2012년 1월 31일 19시,화요일,강원도 인제군 기린면,경상사고,0,0,2,0,차대차 - 측면직각충돌,안전운전불이행,적설,눈,단일로 - 기타,승용,남,31세,상해없음,화물,남,55세,경상
2012013100100483,2012년 1월 31일 20시,화요일,강원도 원주시 명륜동,경상사고,0,0,1,0,차대사람 - 차도통행중,안전운전불이행,적설,눈,단일로 - 기타,승용,남,38세,상해없음,보행자,남,31세,경상
2012013100100484,2012년 1월 31일 20시,화요일,강원도 속초시 교동,중상사고,0,1,0,0,차량단독 - 공작물충돌,안전운전불이행,결빙,눈,단일로 - 기타,승용,남,59세,상해없음,,,,
2012013100100485,2012년 1월 31일 20시,화요일,강원도 속초시 청학동,중상사고,0,1,1,0,차대차 - 측면직각충돌,안전운전불이행,결빙,눈,교차로 - 교차로안,승용,남,51세,상해없음,승용,남,33세,중상
2012013100100517,2012년 1월 31일 21시,화요일,강원도 원주시 단계동,경상사고,0,0,1,0,차대차 - 기타,안전운전불이행,적설,눈,단일로 - 기타,기타불명,기타불명,기타불명,기타불명,화물,남,35세,경상
2012013100100518,2012년 1월 31일 21시,화요일,강원도 원주시 학성동,중상사고,0,1,0,0,차량단독 - 공작물충돌,안전운전불이행,적설,눈,단일로 - 기타,승용,남,65세,상해없음,,,,
2012013100100556,2012년 1월 31일 22시,화요일,강원도 춘천시 퇴계동,경상사고,0,0,1,0,차대사람 - 기타,안전운전불이행,결빙,눈,단일로 - 기타,승용,남,39세,상해없음,보행자,여,46세,경상
2012013100100557,2012년 1월 31일 22시,화요일,강원도 원주시 우산동,중상사고,0,1,0,0,차대차 - 추돌 - 주정차중,안전거리미확보,적설,눈,단일로 - 기타,승용,남,42세,상해없음,승합,남,32세,중상
2012020100100011,2012년 2월 1일 00시,수요일,강원도 원주시 단구동,경상사고,0,0,2,0,차대차 - 추돌 - 진행중,안전운전불이행,결빙,눈,단일로 - 기타,승용,남,21세,상해없음,승용,남,48세,경상
2012020100100083,2012년 2월 1일 06시,수요일,강원도 강릉시 교동,경상사고,0,0,1,0,차대차 - 측면직각충돌,신호위반,적설,맑음,교차로 - 교차로안,승용,남,37세,상해없음,승용,남,55세,경상
2012020100100107,2012년 2월 1일 08시,수요일,강원도 평창군 대관령면,중상사고,0,1,0,0,차대차 - 측면직각충돌,중앙선침범,적설,맑음,단일로 - 교량,승용,남,25세,상해없음,승용,여,30세,중상
2012020100100146,2012년 2월 1일 09시,수요일,강원도 원주시 지정면,중상사고,0,1,9,1,차대차 - 측면직각충돌,중앙선침범,적설,맑음,단일로 - 기타,승용,남,31세,중상,승합,남,29세,경상
2012020100100179,2012년 2월 1일 10시,수요일,강원도 강릉시 옥계면,경상사고,0,0,3,0,차대차 - 측면직각충돌,안전운전불이행,적설,눈,단일로 - 기타,승합,남,40세,상해없음,승용,남,65세,경상
2012020100100209,2012년 2월 1일 11시,수요일,강원도 강릉시 포남동,경상사고,0,0,1,0,차대차 - 측면직각충돌,신호위반,결빙,맑음,교차로 - 교차로안,화물,여,49세,상해없음,승용,남,34세,경상
2012020100100210,2012년 2월 1일 11시,수요일,강원도 동해시 발한동,경상사고,0,0,1,0,차대차 - 추돌 - 진행중,안전거리미확보,결빙,맑음,단일로 - 기타,화물,남,39세,상해없음,승용,남,48세,경상
2012020100100235,2012년 2월 1일 12시,수요일,강원도 삼척시 남양동,경상사고,0,0,2,0,차대차 - 측면직각충돌,교차로운행방법위반,결빙,맑음,교차로 - 교차로안,승용,남,55세,상해없음,승용,남,19세,경상
2012020100100264,2012년 2월 1일 13시,수요일,강원도 춘천시 석사동,경상사고,0,0,2,0,차대차 - 측면직각충돌,중앙선침범,적설,흐림,단일로 - 기타,승용,남,66세,상해없음,승용,남,34세,경상
2012020100100265,2012년 2월 1일 13시,수요일,강원도 원주시 호저면,중상사고,0,2,0,0,차대차 - 측면직각충돌,안전운전불이행,결빙,맑음,단일로 - 기타,화물,남,36세,상해없음,화물,남,33세,중상
2012020100100370,2012년 2월 1일 17시,수요일,강원도 속초시 교동,중상사고,0,3,0,0,차대차 - 추돌 - 주정차중,안전운전불이행,건조,맑음,교차로 - 교차로부근,승용,남,56세,상해없음,승용,남,39세,중상
2012020100100371,2012년 2월 1일 17시,수요일,강원도 철원군 서면,중상사고,0,2,0,0,차대차 - 측면직각충돌,교차로운행방법위반,적설,맑음,교차로 - 교차로안,승용,남,53세,상해없음,승용,남,54세,상해없음
2012020100100456,2012년 2월 1일 20시,수요일,강원도 원주시 태장동,경상사고,0,0,2,0,차대차 - 추돌 - 진행중,중앙선침범,결빙,맑음,교차로 - 교차로부근,승용,남,45세,상해없음,승용,남,32세,경상
2012020200100084,2012년 2월 2일 06시,목요일,강원도 삼척시 원덕읍,사망사고,1,0,1,0,차대차 - 정면충돌,중앙선침범,건조,맑음,단일로 - 기타,화물,남,48세,사망,화물,남,37세,경상
2012020200100103,2012년 2월 2일 07시,목요일,강원도 원주시 평원동,사망사고,1,0,0,0,차대사람 - 차도통행중,안전운전불이행,습기,흐림,단일로 - 기타,화물,남,40세,상해없음,보행자,여,75세,사망
2012020200100133,2012년 2월 2일 08시,목요일,강원도 원주시 단계동,경상사고,0,0,3,0,차대차 - 측면직각충돌,직진우회전진행방해,결빙,맑음,교차로 - 교차로부근,승용,남,30세,상해없음,승용,남,30세,경상
2012020200100134,2012년 2월 2일 08시,목요일,강원도 삼척시 도계읍,중상사고,0,1,2,0,차대차 - 측면직각충돌,안전운전불이행,건조,맑음,단일로 - 기타,승용,남,54세,상해없음,승용,남,32세,경상
2012020200100162,2012년 2월 2일 09시,목요일,강원도 춘천시 동면,경상사고,0,0,1,0,차대차 - 측면직각충돌,신호위반,결빙,맑음,교차로 - 교차로안,승용,남,30세,상해없음,승용,남,45세,경상
2012020200100163,2012년 2월 2일 09시,목요일,강원도 양양군 손양면,중상사고,0,1,0,0,차량단독 - 전도전복,안전운전불이행,건조,맑음,단일로 - 기타,화물,남,48세,상해없음,,,,
2012020200100191,2012년 2월 2일 10시,목요일,강원도 원주시 단구동,경상사고,0,0,1,0,차대차 - 측면직각충돌,교차로운행방법위반,건조,맑음,교차로 - 교차로안,승용,남,26세,상해없음,승용,여,50세,경상
2012020200100220,2012년 2월 2일 11시,목요일,강원도 속초시 청호동,경상사고,0,0,1,0,차대차 - 측면직각충돌,교차로운행방법위반,건조,맑음,교차로 - 교차로안,승용,남,54세,상해없음,승용,남,54세,경상
2012020200100249,2012년 2월 2일 12시,목요일,강원도 춘천시 신동면,중상사고,0,2,0,0,차대차 - 측면직각충돌,안전운전불이행,결빙,맑음,단일로 - 기타,승용,남,61세,상해없음,화물,남,48세,중상
2012020200100250,2012년 2월 2일 12시,목요일,강원도 춘천시 퇴계동,경상사고,0,0,4,0,차대차 - 기타,기타,건조,맑음,교차로 - 교차로안,승합,남,51세,경상,승용,남,42세,경상
2012020200100318,2012년 2월 2일 14시,목요일,강원도 원주시 판부면,부상신고사고,0,0,0,2,차대차 - 측면직각충돌,안전운전불이행,적설,맑음,단일로 - 기타,승용,남,37세,상해없음,승용,남,46세,부상신고
2012020200100319,2012년 2월 2일 14시,목요일,강원도 삼척시 정상동,경상사고,0,0,1,0,차대차 - 측면직각충돌,안전운전불이행,건조,맑음,교차로 - 교차로안,승용,여,24세,상해없음,승합,남,49세,상해없음
2012020200100350,2012년 2월 2일 15시,목요일,강원도 춘천시 온의동,경상사고,0,0,1,0,차대차 - 측면직각충돌,기타,기타,맑음,교차로 - 교차로부근,승합,남,48세,상해없음,화물,남,31세,경상
2012020200100375,2012년 2월 2일 16시,목요일,강원도 춘천시 중앙로1가,경상사고,0,0,1,0,차대차 - 측면직각충돌,교차로운행방법위반,건조,맑음,교차로 - 교차로안,승용,남,38세,상해없음,승용,여,70세,상해없음
2012020200100410,2012년 2월 2일 17시,목요일,강원도 원주시 단구동,경상사고,0,0,1,0,차대차 - 추돌 - 주정차중,안전거리미확보,건조,맑음,단일로 - 기타,승용,남,43세,상해없음,승용,여,49세,경상
2012020200100468,2012년 2월 2일 19시,목요일,강원도 원주시 문막읍,중상사고,0,1,2,0,차대차 - 추돌 - 진행중,안전거리미확보,결빙,맑음,단일로 - 기타,승합,남,47세,상해없음,승용,남,39세,경상
2012020200100469,2012년 2월 2일 19시,목요일,강원도 속초시 교동,중상사고,0,1,3,0,차대차 - 추돌 - 진행중,안전거리미확보,건조,맑음,단일로 - 기타,이륜,남,29세,상해없음,승용,남,48세,중상
2012020200100470,2012년 2월 2일 19시,목요일,강원도 홍천군 남면,중상사고,0,1,1,0,차대차 - 기타,안전운전불이행,결빙,맑음,기타 - 기타,화물,남,57세,상해없음,승합,남,59세,중상
2012020200100517,2012년 2월 2일 21시,목요일,강원도 원주시 단계동,중상사고,0,1,1,0,차대차 - 추돌 - 주정차중,안전거리미확보,건조,맑음,교차로 - 교차로부근,승용,여,44세,중상,승용,남,53세,경상
2012020200100552,2012년 2월 2일 22시,목요일,강원도 원주시 무실동,경상사고,0,0,4,0,차대차 - 추돌 - 주정차중,안전운전불이행,습기,맑음,교차로 - 교차로부근,승용,남,44세,상해없음,승용,남,51세,경상
2012020200100553,2012년 2월 2일 22시,목요일,강원도 속초시 청학동,중상사고,0,1,0,0,차대차 - 추돌 - 주정차중,안전운전불이행,건조,맑음,교차로 - 교차로부근,승용,남,27세,상해없음,승용,여,30세,중상
2012020300100017,2012년 2월 3일 00시,금요일,강원도 강릉시 옥천동,중상사고,0,1,0,0,차량단독 - 기타,안전운전불이행,건조,맑음,단일로 - 기타,원동기,남,18세,상해없음,,,,
2012020300100144,2012년 2월 3일 08시,금요일,강원도 춘천시 소양로1가,경상사고,0,0,1,0,차대차 - 기타,안전거리미확보,결빙,맑음,교차로 - 교차로부근,화물,남,50세,상해없음,승용,여,42세,경상
2012020300100145,2012년 2월 3일 08시,금요일,강원도 춘천시 근화동,경상사고,0,0,1,0,차대차 - 기타,안전운전불이행,건조,맑음,교차로 - 교차로부근,승용,남,32세,상해없음,승용,여,33세,경상
2012020300100146,2012년 2월 3일 08시,금요일,강원도 원주시 문막읍,경상사고,0,0,3,0,차대차 - 측면직각충돌,신호위반,건조,맑음,교차로 - 교차로안,승용,여,32세,상해없음,화물,남,49세,경상
2012020300100147,2012년 2월 3일 08시,금요일,강원도 양구군 양구읍,중상사고,0,1,0,0,차대차 - 측면직각충돌,신호위반,건조,맑음,교차로 - 교차로안,승용,남,52세,상해없음,승용,남,60세,중상
2012020300100174,2012년 2월 3일 09시,금요일,강원도 춘천시 신북읍,중상사고,0,1,1,0,차대차 - 측면직각충돌,중앙선침범,기타,맑음,단일로 - 기타,승용,남,41세,상해없음,승용,여,54세,경상
2012020300100175,2012년 2월 3일 09시,금요일,강원도 원주시 원동,부상신고사고,0,0,0,1,차대차 - 정면충돌,안전운전불이행,적설,맑음,단일로 - 기타,승용,남,61세,상해없음,승용,남,50세,부상신고
2012020300100222,2012년 2월 3일 11시,금요일,강원도 강릉시 임당동,경상사고,0,0,1,0,차대사람 - 횡단중,안전운전불이행,건조,맑음,단일로 - 기타,승용,여,42세,상해없음,보행자,여,74세,경상
2012020300100257,2012년 2월 3일 12시,금요일,강원도 원주시 태장동,경상사고,0,0,1,1,차대차 - 측면직각충돌,신호위반,건조,맑음,교차로 - 교차로안,승용,여,40세,상해없음,승용,여,32세,경상
2012020300100284,2012년 2월 3일 13시,금요일,강원도 춘천시 신북읍,중상사고,0,1,0,0,차대차 - 기타,안전운전불이행,결빙,맑음,단일로 - 기타,화물,남,19세,상해없음,승용,남,59세,중상
2012020300100285,2012년 2월 3일 13시,금요일,강원도 평창군 용평면,중상사고,0,1,0,0,차량단독 - 공작물충돌,안전운전불이행,적설,맑음,교차로 - 교차로안,승용,여,60세,상해없음,,,,
2012020300100340,2012년 2월 3일 15시,금요일,강원도 원주시 단계동,경상사고,0,0,1,0,차대차 - 추돌 - 주정차중,안전거리미확보,결빙,맑음,단일로 - 기타,승용,남,34세,상해없음,승합,남,48세,경상
2012020300100341,2012년 2월 3일 15시,금요일,강원도 원주시 봉산동,경상사고,0,0,1,0,차대차 - 측면직각충돌,교차로운행방법위반,건조,맑음,교차로 - 교차로안,승용,여,41세,상해없음,승용,남,27세,경상
2012020300100342,2012년 2월 3일 15시,금요일,강원도 원주시 우산동,중상사고,0,1,3,0,차대차 - 측면직각충돌,직진우회전진행방해,습기,맑음,교차로 - 교차로안,승합,남,55세,상해없음,승용,남,27세,중상
2012020300100343,2012년 2월 3일 15시,금요일,강원도 속초시 교동,중상사고,0,1,0,0,차대차 - 측면직각충돌,안전운전불이행,건조,맑음,단일로 - 기타,승용,남,57세,상해없음,자전거,남,72세,중상
2012020300100385,2012년 2월 3일 16시,금요일,강원도 태백시 황지동,경상사고,0,0,1,0,차대사람 - 횡단중,보행자보호의무위반,습기,맑음,단일로 - 횡단보도상,화물,남,40세,상해없음,보행자,남,18세,경상
2012020300100386,2012년 2월 3일 16시,금요일,강원도 횡성군 횡성읍,경상사고,0,0,1,0,차대사람 - 기타,안전운전불이행,건조,맑음,단일로 - 기타,승용,남,53세,상해없음,보행자,여,78세,경상
2012020300100423,2012년 2월 3일 17시,금요일,강원도 강릉시 금학동,경상사고,0,0,1,0,차대사람 - 길가장자리구역통행중,중앙선침범,건조,맑음,교차로 - 교차로안,승합,남,58세,상해없음,보행자,남,36세,경상
2012020300100458,2012년 2월 3일 18시,금요일,강원도 원주시 중앙동,부상신고사고,0,0,0,1,차대사람 - 횡단중,안전운전불이행,습기,맑음,교차로 - 교차로안,승용,남,57세,상해없음,보행자,남,51세,부상신고
2012020300100459,2012년 2월 3일 18시,금요일,강원도 원주시 일산동,경상사고,0,0,1,0,차대사람 - 차도통행중,보행자보호의무위반,습기,맑음,단일로 - 횡단보도상,승용,여,46세,상해없음,보행자,여,15세,경상
2012020300100509,2012년 2월 3일 19시,금요일,강원도 원주시 호저면,경상사고,0,0,1,0,차대차 - 추돌 - 진행중,안전거리미확보,건조,맑음,교차로 - 교차로부근,원동기,남,30세,상해없음,특수,남,47세,경상
2012020300100583,2012년 2월 3일 21시,금요일,강원도 영월군 한반도면,중상사고,0,2,1,0,차량단독 - 도로외이탈 - 추락,안전운전불이행,결빙,흐림,단일로 - 기타,승용,남,44세,상해없음,,,,
2012020300100619,2012년 2월 3일 22시,금요일,강원도 원주시 지정면,중상사고,0,1,0,0,차대사람 - 기타,안전운전불이행,적설,눈,단일로 - 기타,승용,남,27세,상해없음,보행자,남,28세,중상
2012020300100620,2012년 2월 3일 22시,금요일,강원도 삼척시 원덕읍,중상사고,0,1,0,0,차대차 - 추돌 - 진행중,안전운전불이행,건조,맑음,단일로 - 기타,승용,남,30세,상해없음,화물,남,68세,중상
2012020300100651,2012년 2월 3일 23시,금요일,강원도 원주시 태장동,중상사고,0,1,1,0,차대차 - 측면직각충돌,중앙선침범,습기,맑음,교차로 - 교차로안,특수,남,27세,상해없음,원동기,남,17세,경상
2012020400100124,2012년 2월 4일 05시,토요일,강원도 홍천군 서면,중상사고,0,1,1,0,차량단독 - 기타,안전운전불이행,결빙,흐림,기타 - 기타,승용,남,28세,상해없음,,,,
2012020400100140,2012년 2월 4일 06시,토요일,강원도 춘천시 동면,중상사고,0,1,0,0,차대차 - 측면직각충돌,안전운전불이행,적설,흐림,단일로 - 기타,승용,남,61세,상해없음,화물,남,35세,중상
2012020400100170,2012년 2월 4일 08시,토요일,강원도 춘천시 사북면,중상사고,0,1,0,0,차대차 - 정면충돌,중앙선침범,적설,눈,단일로 - 기타,승용,여,30세,상해없음,승용,여,50세,중상
2012020400100171,2012년 2월 4일 08시,토요일,강원도 화천군 사내면,중상사고,0,1,2,0,차대차 - 정면충돌,안전운전불이행,결빙,맑음,단일로 - 기타,승용,여,21세,경상,승용,남,45세,경상
2012020400100172,2012년 2월 4일 08시,토요일,강원도 횡성군 둔내면,중상사고,0,1,0,0,차대차 - 추돌 - 진행중,안전운전불이행,습기,맑음,단일로 - 기타,승합,남,56세,상해없음,승용,여,41세,중상
2012020400100193,2012년 2월 4일 09시,토요일,강원도 원주시 일산동,경상사고,0,0,1,0,차대사람 - 횡단중,보행자보호의무위반,건조,흐림,단일로 - 횡단보도상,화물,남,55세,상해없음,보행자,남,24세,경상
2012020400100194,2012년 2월 4일 09시,토요일,강원도 홍천군 두촌면,경상사고,0,0,1,0,차량단독 - 기타,안전운전불이행,결빙,눈,단일로 - 기타,승용,남,44세,상해없음,,,,
2012020400100237,2012년 2월 4일 11시,토요일,강원도 횡성군 둔내면,경상사고,0,0,1,0,차대차 - 측면직각충돌,불법유턴,결빙,맑음,단일로 - 기타,화물,남,52세,상해없음,화물,남,30세,경상
2012020400100268,2012년 2월 4일 12시,토요일,강원도 춘천시 우두동,중상사고,0,1,0,0,차대차 - 측면직각충돌,신호위반,건조,맑음,교차로 - 교차로안,승용,여,40세,상해없음,이륜,남,47세,중상
2012020400100269,2012년 2월 4일 12시,토요일,강원도 춘천시 칠전동,중상사고,0,1,0,0,차대차 - 측면직각충돌,신호위반,건조,맑음,교차로 - 교차로안,승용,여,45세,상해없음,승용,남,46세,중상
2012020400100270,2012년 2월 4일 12시,토요일,강원도 원주시 흥업면,중상사고,0,2,2,0,차대차 - 추돌 - 주정차중,안전운전불이행,습기,맑음,교차로 - 교차로부근,승합,남,51세,상해없음,화물,남,47세,중상
2012020400100331,2012년 2월 4일 14시,토요일,강원도 춘천시 후평동,중상사고,0,1,2,0,차대차 - 추돌 - 진행중,안전거리미확보,건조,맑음,단일로 - 기타,승용,남,18세,상해없음,승용,남,33세,중상
2012020400100349,2012년 2월 4일 15시,토요일,강원도 춘천시 신동면,중상사고,0,2,4,0,차대차 - 측면직각충돌,안전운전불이행,건조,맑음,교차로 - 교차로부근,승용,남,64세,중상,승용,남,28세,경상
2012020400100385,2012년 2월 4일 16시,토요일,강원도 춘천시 동면,중상사고,0,1,0,0,차대차 - 추돌 - 진행중,안전운전불이행,건조,맑음,단일로 - 기타,승용,남,49세,상해없음,자전거,남,36세,중상
2012020400100386,2012년 2월 4일 16시,토요일,강원도 춘천시 후평동,경상사고,0,0,1,0,차대차 - 추돌 - 진행중,안전거리미확보,건조,맑음,단일로 - 기타,승용,남,26세,상해없음,승용,남,55세,경상
2012020400100387,2012년 2월 4일 16시,토요일,강원도 원주시 우산동,중상사고,0,1,1,0,차대차 - 추돌 - 주정차중,안전운전불이행,건조,맑음,교차로 - 교차로부근,승용,남,45세,경상,승용,남,43세,중상
2012020400100388,2012년 2월 4일 16시,토요일,강원도 태백시 문곡동,경상사고,0,0,1,0,차대차 - 측면직각충돌,안전운전불이행,결빙,맑음,단일로 - 기타,승합,남,37세,상해없음,승용,여,52세,경상
2012020400100389,2012년 2월 4일 16시,토요일,강원도 동해시 천곡동,중상사고,0,1,0,0,차대차 - 측면직각충돌,직진우회전진행방해,건조,맑음,교차로 - 교차로안,승용,남,32세,상해없음,이륜,남,30세,중상
2012020400100409,2012년 2월 4일 17시,토요일,강원도 평창군 평창읍,중상사고,0,1,0,0,차대차 - 측면직각충돌,안전운전불이행,적설,맑음,단일로 - 기타,승용,남,63세,상해없음,승용,남,44세,중상
2012020400100410,2012년 2월 4일 17시,토요일,강원도 화천군 하남면,경상사고,0,0,1,0,차량단독 - 공작물충돌,안전운전불이행,습기,맑음,단일로 - 기타,승용,남,61세,경상,,,,
2012020400100456,2012년 2월 4일 18시,토요일,강원도 원주시 인동,중상사고,0,2,2,0,차대차 - 정면충돌,중앙선침범,습기,맑음,단일로 - 기타,승합,남,41세,기타불명,승용,남,39세,경상
2012020400100457,2012년 2월 4일 18시,토요일,강원도 평창군 진부면,중상사고,0,2,0,0,차대차 - 정면충돌,중앙선침범,건조,맑음,단일로 - 기타,승합,남,45세,중상,승용,남,40세,중상
2012020400100548,2012년 2월 4일 20시,토요일,강원도 영월군 영월읍,경상사고,0,0,3,0,차대차 - 추돌 - 진행중,안전운전불이행,결빙,흐림,교차로 - 교차로부근,승용,남,51세,상해없음,승용,여,36세,경상
2012020400100628,2012년 2월 4일 23시,토요일,강원도 춘천시 후평동,경상사고,0,0,1,0,차대차 - 측면직각충돌,중앙선침범,습기,맑음,단일로 - 기타,승용,남,54세,상해없음,이륜,남,26세,경상
2012020500100107,2012년 2월 5일 04시,일요일,강원도 춘천시 후평동,경상사고,0,0,2,0,차대차 - 측면직각충돌,안전운전불이행,건조,맑음,단일로 - 기타,승용,남,50세,상해없음,승용,남,43세,경상
2012020500100162,2012년 2월 5일 08시,일요일,강원도 원주시 소초면,경상사고,0,0,1,0,차대차 - 정면충돌,기타,결빙,맑음,단일로 - 기타,화물,남,45세,상해없음,승합,남,31세,경상
2012020500100206,2012년 2월 5일 11시,일요일,강원도 양구군 양구읍,경상사고,0,0,1,0,차대차 - 측면직각충돌,안전운전불이행,습기,맑음,교차로 - 교차로안,승용,남,52세,상해없음,이륜,남,48세,경상
2012020500100243,2012년 2월 5일 13시,일요일,강원도 원주시 단계동,경상사고,0,0,2,0,차대차 - 추돌 - 주정차중,안전거리미확보,건조,맑음,교차로 - 교차로부근,승용,남,30세,상해없음,화물,남,26세,경상
2012020500100244,2012년 2월 5일 13시,일요일,강원도 원주시 가현동,경상사고,0,0,2,0,차대사람 - 보도통행중,신호위반,건조,맑음,교차로 - 교차로부근,승합,남,56세,상해없음,보행자,남,78세,경상
2012020500100267,2012년 2월 5일 14시,일요일,강원도 춘천시 남산면,경상사고,0,0,1,0,차대차 - 추돌 - 주정차중,안전운전불이행,결빙,눈,단일로 - 기타,이륜,여,19세,상해없음,이륜,여,19세,상해없음