사고번호,사고일시,요일,시군구,사고내용,사망자수,중상자수,경상자수,부상신고자수,사고유형,법규위반,노면상태,기상상태,도로형태,가해운전자 차종,가해운전자 성별,가해운전자 연령,가해운전자 상해정도,피해운전자 차종,피해운전자 성별,피해운전자 연령,피해운전자 상해정도
2012022500100469,2012년 2월 25일 19시,토요일,강원도 춘천시 사농동,경상사고,0,0,4,0,차대차 - 측면직각충돌,신호위반,건조,맑음,교차로 - 교차로안,승용,남,61세,상해없음,승용,여,34세,경상
2012022500100509,2012년 2월 25일 20시,토요일,강원도 춘천시 후평동,중상사고,0,1,0,0,차대사람 - 횡단중,보행자보호의무위반,건조,맑음,단일로 - 횡단보도상,승용,여,42세,상해없음,보행자,남,44세,중상
2012022500100510,2012년 2월 25일 20시,토요일,강원도 원주시 태장동,경상사고,0,0,4,0,차대차 - 추돌 - 진행중,안전거리미확보,건조,맑음,단일로 - 기타,화물,남,51세,상해없음,승용,남,29세,경상
2012022500100511,2012년 2월 25일 20시,토요일,강원도 횡성군 횡성읍,경상사고,0,0,4,0,차대차 - 측면직각충돌,신호위반,습기,비,교차로 - 교차로안,화물,남,61세,상해없음,승용,여,29세,경상
2012022500100550,2012년 2월 25일 21시,토요일,강원도 춘천시 후평동,중상사고,0,1,0,0,차대차 - 측면직각충돌,중앙선침범,건조,맑음,단일로 - 기타,승용,남,65세,상해없음,이륜,남,17세,중상
2012022500100551,2012년 2월 25일 21시,토요일,강원도 강릉시 포남동,중상사고,0,1,0,0,차대사람 - 횡단중,보행자보호의무위반,적설,눈,단일로 - 횡단보도상,승용,여,55세,상해없음,보행자,여,52세,중상
2012022500100581,2012년 2월 25일 22시,토요일,강원도 춘천시 후평동,중상사고,0,1,1,0,차대차 - 측면직각충돌,안전운전불이행,건조,맑음,단일로 - 기타,승용,남,35세,상해없음,이륜,남,20세,경상
2012022500100582,2012년 2월 25일 22시,토요일,강원도 원주시 명륜동,경상사고,0,0,3,0,차대차 - 정면충돌,중앙선침범,건조,맑음,단일로 - 기타,승용,남,31세,상해없음,승용,남,29세,경상
2012022500100611,2012년 2월 25일 23시,토요일,강원도 강릉시 입암동,경상사고,0,0,2,0,차대차 - 측면직각충돌,안전운전불이행,습기,눈,단일로 - 기타,승용,남,31세,상해없음,승용,여,23세,경상
2012022600100009,2012년 2월 26일 00시,일요일,강원도 춘천시 석사동,경상사고,0,0,2,0,차대차 - 추돌 - 주정차중,안전운전불이행,건조,맑음,단일로 - 기타,기타불명,기타불명,기타불명,기타불명,승용,남,30세,경상
2012022600100010,2012년 2월 26일 00시,일요일,강원도 강릉시 임당동,경상사고,0,0,2,0,차대차 - 추돌 - 진행중,안전거리미확보,건조,맑음,교차로 - 교차로부근,승용,남,47세,상해없음,승용,남,23세,경상
2012022600100030,2012년 2월 26일 01시,일요일,강원도 원주시 단계동,경상사고,0,0,2,0,차대사람 - 기타,불법유턴,건조,맑음,단일로 - 기타,승용,남,22세,상해없음,보행자,남,27세,경상
2012022600100073,2012년 2월 26일 04시,일요일,강원도 춘천시 북산면,사망사고,2,0,0,0,차량단독 - 공작물충돌,안전운전불이행,건조,맑음,단일로 - 기타,승용,남,29세,사망,,,,
2012022600100074,2012년 2월 26일 04시,일요일,강원도 강릉시 임당동,경상사고,0,0,1,0,차대차 - 측면직각충돌,안전운전불이행,적설,눈,단일로 - 기타,승합,남,65세,상해없음,승용,여,44세,상해없음
2012022600100098,2012년 2월 26일 07시,일요일,강원도 춘천시 중앙로1가,경상사고,0,0,1,0,차대차 - 측면직각충돌,안전거리미확보,건조,맑음,단일로 - 기타,승용,여,42세,상해없음,승용,남,59세,경상
2012022600100099,2012년 2월 26일 07시,일요일,강원도 고성군 토성면,중상사고,0,1,0,0,차대차 - 정면충돌,중앙선침범,적설,눈,단일로 - 기타,승용,남,50세,상해없음,승용,남,57세,중상
2012022600100107,2012년 2월 26일 08시,일요일,강원도 춘천시 석사동,중상사고,0,1,0,0,차대차 - 측면직각충돌,신호위반,건조,맑음,교차로 - 교차로안,승용,여,34세,상해없음,승용,남,53세,중상
2012022600100139,2012년 2월 26일 11시,일요일,강원도 강릉시 사천면,경상사고,0,0,1,0,차대차 - 기타,안전운전불이행,적설,눈,단일로 - 기타,기타불명,기타불명,기타불명,기타불명,화물,남,37세,경상
2012022600100140,2012년 2월 26일 11시,일요일,강원도 원주시 학성동,경상사고,0,0,2,0,차대차 - 추돌 - 진행중,안전거리미확보,건조,맑음,교차로 - 교차로부근,승용,남,51세,상해없음,승용,남,34세,경상
2012022600100141,2012년 2월 26일 11시,일요일,강원도 횡성군 둔내면,경상사고,0,0,3,0,차대차 - 측면직각충돌,직진우회전진행방해,건조,맑음,교차로 - 교차로안,승용,남,28세,상해없음,승용,남,37세,경상
2012022600100153,2012년 2월 26일 12시,일요일,강원도 태백시 황지동,중상사고,0,1,0,0,차대차 - 측면직각충돌,안전운전불이행,습기,눈,교차로 - 교차로안,승용,남,53세,상해없음,승합,남,40세,중상
2012022600100154,2012년 2월 26일 12시,일요일,강원도 동해시 부곡동,경상사고,0,0,3,0,차대차 - 추돌 - 주정차중,안전거리미확보,적설,눈,교차로 - 교차로부근,화물,남,55세,상해없음,승용,남,50세,경상
2012022600100170,2012년 2월 26일 13시,일요일,강원도 태백시 황지동,경상사고,0,0,2,0,차대차 - 측면직각충돌,안전운전불이행,적설,눈,단일로 - 기타,승용,남,59세,상해없음,화물,남,62세,경상
2012022600100171,2012년 2월 26일 13시,일요일,강원도 태백시 혈동,중상사고,0,1,0,0,차대사람 - 차도통행중,안전운전불이행,적설,눈,단일로 - 기타,승용,여,35세,상해없음,보행자,남,61세,중상
2012022600100185,2012년 2월 26일 14시,일요일,강원도 춘천시 후평동,중상사고,0,1,0,0,차대사람 - 횡단중,안전운전불이행,건조,맑음,단일로 - 기타,승용,여,55세,상해없음,보행자,여,54세,중상
2012022600100186,2012년 2월 26일 14시,일요일,강원도 춘천시 신동면,경상사고,0,0,2,0,차대차 - 추돌 - 진행중,안전운전불이행,건조,맑음,교차로 - 교차로부근,승합,남,48세,상해없음,승용,여,44세,경상
2012022600100187,2012년 2월 26일 14시,일요일,강원도 원주시 문막읍,중상사고,0,1,2,0,차대차 - 측면직각충돌,직진우회전진행방해,건조,맑음,교차로 - 교차로안,승용,여,43세,경상,이륜,남,16세,중상
2012022600100207,2012년 2월 26일 15시,일요일,강원도 속초시 조양동,경상사고,0,0,1,0,차대사람 - 길가장자리구역통행중,안전운전불이행,적설,눈,단일로 - 기타,승용,남,37세,상해없음,보행자,남,6세,경상
2012022600100229,2012년 2월 26일 16시,일요일,강원도 원주시 소초면,경상사고,0,0,4,0,차대차 - 추돌 - 진행중,안전거리미확보,건조,흐림,단일로 - 기타,승용,남,23세,상해없음,승용,남,30세,상해없음
2012022600100246,2012년 2월 26일 17시,일요일,강원도 원주시 문막읍,경상사고,0,0,1,0,차대차 - 정면충돌,중앙선침범,건조,맑음,단일로 - 기타,화물,남,60세,상해없음,승용,남,45세,경상
2012022600100247,2012년 2월 26일 17시,일요일,강원도 삼척시 도계읍,경상사고,0,0,1,0,차대차 - 측면직각충돌,안전운전불이행,건조,맑음,교차로 - 교차로안,승용,남,51세,상해없음,승용,여,28세,경상
2012022600100274,2012년 2월 26일 18시,일요일,강원도 춘천시 퇴계동,경상사고,0,0,2,0,차대차 - 기타,안전운전불이행,건조,맑음,교차로 - 교차로부근,승용,남,48세,상해없음,승용,여,27세,경상
2012022600100275,2012년 2월 26일 18시,일요일,강원도 원주시 호저면,중상사고,0,1,3,0,차대차 - 추돌 - 진행중,기타,건조,맑음,단일로 - 기타,승용,남,26세,상해없음,승용,남,38세,중상
2012022600100331,2012년 2월 26일 20시,일요일,강원도 강릉시 옥천동,경상사고,0,0,2,0,차대차 - 추돌 - 진행중,안전운전불이행,건조,맑음,단일로 - 기타,승용,남,53세,상해없음,승합,남,52세,상해없음
2012022600100374,2012년 2월 26일 22시,일요일,강원도 강릉시 견소동,경상사고,0,0,1,0,차대차 - 기타,안전운전불이행,적설,눈,단일로 - 기타,승용,남,30세,상해없음,승용,여,27세,경상
2012022700100043,2012년 2월 27일 03시,월요일,강원도 강릉시 포남동,경상사고,0,0,1,0,차대차 - 추돌 - 진행중,안전거리미확보,결빙,맑음,단일로 - 기타,승용,남,50세,상해없음,승용,남,22세,상해없음
2012022700100047,2012년 2월 27일 04시,월요일,강원도 양구군 양구읍,경상사고,0,0,1,0,차대차 - 측면직각충돌,안전운전불이행,건조,맑음,교차로 - 교차로부근,승용,남,24세,상해없음,이륜,남,39세,경상
2012022700100078,2012년 2월 27일 07시,월요일,강원도 춘천시 신북읍,중상사고,0,1,0,0,차대차 - 측면직각충돌,중앙선침범,건조,맑음,단일로 - 기타,승용,남,52세,상해없음,승용,여,47세,중상
2012022700100096,2012년 2월 27일 08시,월요일,강원도 춘천시 동면,경상사고,0,0,1,0,차대차 - 측면직각충돌,안전운전불이행,건조,맑음,단일로 - 기타,기타불명,기타불명,기타불명,기타불명,원동기,남,19세,경상
2012022700100097,2012년 2월 27일 08시,월요일,강원도 원주시 무실동,중상사고,0,1,0,0,차대차 - 측면직각충돌,안전운전불이행,건조,맑음,교차로 - 교차로부근,승용,남,55세,상해없음,자전거,남,73세,중상
2012022700100120,2012년 2월 27일 09시,월요일,강원도 평창군 평창읍,중상사고,0,1,1,0,차대차 - 측면직각충돌,안전운전불이행,건조,맑음,단일로 - 기타,화물,남,70세,상해없음,승용,남,35세,경상
2012022700100121,2012년 2월 27일 09시,월요일,강원도 횡성군 우천면,중상사고,0,2,0,0,차대차 - 추돌 - 진행중,안전운전불이행,건조,맑음,교차로 - 교차로부근,건설기계,남,61세,상해없음,승용,남,47세,중상
2012022700100178,2012년 2월 27일 11시,월요일,강원도 속초시 교동,경상사고,0,0,2,0,차대차 - 측면직각충돌,안전운전불이행,결빙,맑음,단일로 - 기타,승합,여,51세,상해없음,화물,남,27세,경상
2012022700100179,2012년 2월 27일 11시,월요일,강원도 속초시 교동,경상사고,0,0,13,0,차대차 - 측면직각충돌,안전운전불이행,결빙,흐림,단일로 - 기타,승용,남,59세,상해없음,승용,남,30세,상해없음
2012022700100200,2012년 2월 27일 12시,월요일,강원도 춘천시 퇴계동,중상사고,0,1,0,0,차대차 - 측면직각충돌,중앙선침범,건조,맑음,단일로 - 기타,승용,남,74세,상해없음,화물,남,32세,중상
2012022700100233,2012년 2월 27일 13시,월요일,강원도 춘천시 효자동,경상사고,0,0,1,0,차대사람 - 기타,안전운전불이행,건조,맑음,교차로 - 교차로부근,승용,여,54세,상해없음,보행자,남,56세,경상
2012022700100234,2012년 2월 27일 13시,월요일,강원도 원주시 단계동,경상사고,0,0,1,0,차대차 - 정면충돌,교차로운행방법위반,건조,맑음,교차로 - 교차로부근,이륜,남,43세,경상,승용,남,31세,상해없음
2012022700100257,2012년 2월 27일 14시,월요일,강원도 원주시 행구동,중상사고,0,1,0,0,차대차 - 측면직각충돌,신호위반,건조,맑음,교차로 - 교차로안,승용,남,50세,기타불명,화물,여,51세,중상
2012022700100285,2012년 2월 27일 15시,월요일,강원도 춘천시 효자동,경상사고,0,0,1,0,차대차 - 측면직각충돌,안전거리미확보,건조,맑음,단일로 - 기타,승용,여,52세,상해없음,이륜,남,55세,경상
2012022700100286,2012년 2월 27일 15시,월요일,강원도 원주시 일산동,경상사고,0,0,1,0,차대차 - 측면직각충돌,직진우회전진행방해,건조,맑음,교차로 - 교차로안,승합,남,59세,상해없음,승용,여,62세,경상
2012022700100287,2012년 2월 27일 15시,월요일,강원도 속초시 교동,경상사고,0,0,1,0,차대차 - 추돌 - 주정차중,안전운전불이행,건조,맑음,단일로 - 기타,승용,남,60세,상해없음,승용,여,47세,경상
2012022700100322,2012년 2월 27일 16시,월요일,강원도 원주시 부론면,중상사고,0,1,0,0,차대차 - 추돌 - 주정차중,안전운전불이행,건조,맑음,단일로 - 기타,원동기,남,75세,중상,승합,남,54세,기타불명
2012022700100323,2012년 2월 27일 16시,월요일,강원도 원주시 원동,경상사고,0,0,2,0,차대차 - 측면직각충돌,안전운전불이행,건조,맑음,단일로 - 기타,승용,여,56세,상해없음,승용,여,52세,경상
2012022700100350,2012년 2월 27일 17시,월요일,강원도 화천군 하남면,경상사고,0,0,1,0,차대차 - 측면직각충돌,교차로운행방법위반,건조,맑음,단일로 - 기타,화물,남,24세,상해없음,승용,남,30세,경상
2012022700100384,2012년 2월 27일 18시,월요일,강원도 동해시 부곡동,중상사고,0,2,0,0,차대차 - 측면직각충돌,교차로운행방법위반,건조,맑음,교차로 - 교차로안,승용,남,43세,상해없음,승용,여,58세,중상
2012022700100419,2012년 2월 27일 19시,월요일,강원도 강릉시 성남동,경상사고,0,0,1,0,차대사람 - 횡단중,신호위반,건조,맑음,단일로 - 횡단보도상,화물,남,34세,상해없음,보행자,여,24세,경상
2012022700100459,2012년 2월 27일 20시,월요일,강원도 춘천시 후평동,경상사고,0,0,1,0,차대차 - 측면직각충돌,안전운전불이행,건조,흐림,교차로 - 교차로부근,승용,남,23세,상해없음,이륜,남,19세,경상
2012022700100460,2012년 2월 27일 20시,월요일,강원도 원주시 단계동,경상사고,0,0,4,0,차대차 - 추돌 - 주정차중,안전운전불이행,건조,맑음,단일로 - 기타,승용,기타불명,기타불명,기타불명,승합,여,51세,경상
2012022700100520,2012년 2월 27일 22시,월요일,강원도 춘천시 동산면,중상사고,0,1,1,0,차대차 - 정면충돌,중앙선침범,건조,맑음,교차로 - 교차로안,승용,여,50세,상해없음,화물,남,60세,경상
2012022700100541,2012년 2월 27일 23시,월요일,강원도 속초시 노학동,경상사고,0,0,1,0,차대차 - 측면직각충돌,안전운전불이행,건조,맑음,단일로 - 기타,승용,남,47세,상해없음,이륜,남,16세,경상
2012022800100026,2012년 2월 28일 01시,화요일,강원도 원주시 명륜동,경상사고,0,0,2,0,차대차 - 측면직각충돌,차로위반,건조,맑음,단일로 - 기타,승용,남,21세,상해없음,승용,남,52세,경상
2012022800100042,2012년 2월 28일 02시,화요일,강원도 춘천시 퇴계동,중상사고,0,1,1,0,차대차 - 기타,안전운전불이행,건조,맑음,교차로 - 교차로안,승용,남,56세,기타불명,승용,남,48세,중상
2012022800100043,2012년 2월 28일 02시,화요일,강원도 홍천군 화촌면,경상사고,0,0,2,0,차대차 - 측면직각충돌,안전운전불이행,건조,맑음,교차로 - 교차로안,승용,여,22세,상해없음,승용,여,43세,경상
2012022800100067,2012년 2월 28일 05시,화요일,강원도 원주시 태장동,중상사고,0,1,0,0,차대차 - 추돌 - 주정차중,안전거리미확보,건조,맑음,단일로 - 기타,승용,남,73세,상해없음,승용,여,42세,중상
2012022800100073,2012년 2월 28일 06시,화요일,강원도 춘천시 퇴계동,경상사고,0,0,1,0,차량단독 - 공작물충돌,안전운전불이행,건조,맑음,단일로 - 기타,승용,남,38세,상해없음,,,,
2012022800100074,2012년 2월 28일 06시,화요일,강원도 삼척시 도계읍,부상신고사고,0,0,0,1,차대차 - 기타,안전운전불이행,습기,흐림,단일로 - 기타,화물,남,27세,상해없음,승합,남,57세,상해없음
2012022800100090,2012년 2월 28일 07시,화요일,강원도 원주시 봉산동,경상사고,0,0,1,0,차대차 - 정면충돌,교차로운행방법위반,건조,맑음,교차로 - 교차로안,승용,남,62세,상해없음,자전거,남,86세,경상
2012022800100091,2012년 2월 28일 07시,화요일,강원도 횡성군 우천면,중상사고,0,3,1,0,차대차 - 측면직각충돌,교차로운행방법위반,건조,맑음,교차로 - 교차로안,승용,남,56세,기타불명,승합,남,52세,상해없음
2012022800100174,2012년 2월 28일 11시,화요일,강원도 원주시 단계동,사망사고,1,0,0,0,차대사람 - 횡단중,보행자보호의무위반,건조,맑음,단일로 - 횡단보도상,건설기계,남,52세,상해없음,보행자,남,74세,사망
2012022800100175,2012년 2월 28일 11시,화요일,강원도 원주시 학성동,중상사고,0,1,0,0,차대차 - 측면직각충돌,안전운전불이행,건조,맑음,교차로 - 교차로안,승용,여,26세,상해없음,원동기,남,70세,중상
2012022800100232,2012년 2월 28일 14시,화요일,강원도 원주시 우산동,경상사고,0,0,6,0,차대차 - 측면직각충돌,교차로운행방법위반,건조,맑음,교차로 - 교차로안,승용,여,40세,경상,승용,남,24세,경상
2012022800100269,2012년 2월 28일 16시,화요일,강원도 춘천시 효자동,경상사고,0,0,1,0,차대차 - 기타,직진우회전진행방해,건조,맑음,교차로 - 교차로안,승용,남,68세,상해없음,승용,여,53세,상해없음
2012022800100270,2012년 2월 28일 16시,화요일,강원도 원주시 우산동,경상사고,0,0,1,0,차량단독 - 기타,안전운전불이행,건조,맑음,단일로 - 기타,이륜,남,58세,경상,,,,
2012022800100297,2012년 2월 28일 17시,화요일,강원도 태백시 화전동,경상사고,0,0,4,0,차대차 - 측면직각충돌,직진우회전진행방해,건조,맑음,교차로 - 교차로안,승용,남,51세,상해없음,승용,남,61세,경상
2012022800100351,2012년 2월 28일 19시,화요일,강원도 고성군 간성읍,중상사고,0,1,2,0,차대차 - 기타,안전운전불이행,건조,흐림,단일로 - 기타,화물,남,70세,상해없음,승용,남,58세,경상
2012022800100387,2012년 2월 28일 20시,화요일,강원도 원주시 흥업면,중상사고,0,2,4,0,차대차 - 측면직각충돌,신호위반,건조,맑음,교차로 - 교차로안,승용,여,44세,경상,승용,여,58세,중상
2012022800100388,2012년 2월 28일 20시,화요일,강원도 홍천군 북방면,경상사고,0,0,1,0,차대사람 - 횡단중,안전운전불이행,건조,맑음,교차로 - 교차로부근,승합,남,39세,상해없음,보행자,남,65세,경상
2012022800100480,2012년 2월 28일 23시,화요일,강원도 원주시 호저면,중상사고,0,1,0,0,차대차 - 정면충돌,중앙선침범,건조,맑음,교차로 - 교차로부근,승용,남,42세,상해없음,승용,남,30세,중상
2012022800100481,2012년 2월 28일 23시,화요일,강원도 원주시 단계동,중상사고,0,2,0,0,차대차 - 정면충돌,신호위반,건조,맑음,교차로 - 교차로안,승용,남,55세,상해없음,이륜,남,17세,중상
2012022900100037,2012년 2월 29일 01시,수요일,강원도 춘천시 석사동,중상사고,0,1,3,0,차대차 - 추돌 - 진행중,안전운전불이행,건조,맑음,단일로 - 기타,승용,남,32세,상해없음,승용,여,64세,중상
2012022900100038,2012년 2월 29일 01시,수요일,강원도 원주시 단계동,경상사고,0,0,1,0,차대차 - 측면직각충돌,직진우회전진행방해,건조,맑음,교차로 - 교차로안,승용,여,25세,상해없음,승용,남,45세,경상
2012022900100135,2012년 2월 29일 08시,수요일,강원도 태백시 장성동,경상사고,0,0,1,0,차대차 - 측면직각충돌,신호위반,건조,맑음,교차로 - 교차로안,승용,남,69세,기타불명,승용,여,42세,상해없음
2012022900100136,2012년 2월 29일 08시,수요일,강원도 태백시 황지동,경상사고,0,0,1,0,차대차 - 측면직각충돌,교차로운행방법위반,건조,맑음,교차로 - 교차로안,승용,남,32세,상해없음,화물,남,65세,경상
2012022900100152,2012년 2월 29일 09시,수요일,강원도 원주시 중앙동,중상사고,0,1,1,0,차대차 - 추돌 - 진행중,교차로운행방법위반,건조,맑음,교차로 - 교차로안,화물,남,32세,경상,이륜,남,27세,중상
2012022900100205,2012년 2월 29일 11시,수요일,강원도 원주시 무실동,경상사고,0,0,2,0,차대차 - 측면직각충돌,안전운전불이행,건조,맑음,교차로 - 교차로부근,승용,남,32세,상해없음,승용,남,58세,경상
2012022900100206,2012년 2월 29일 11시,수요일,강원도 양구군 양구읍,중상사고,0,2,0,0,차대차 - 측면직각충돌,중앙선침범,건조,맑음,교차로 - 교차로안,화물,남,52세,상해없음,승용,여,47세,중상
2012022900100235,2012년 2월 29일 12시,수요일,강원도 원주시 학성동,경상사고,0,0,1,0,차대차 - 측면직각충돌,안전거리미확보,건조,맑음,단일로 - 기타,승용,남,48세,상해없음,승용,여,54세,경상
2012022900100236,2012년 2월 29일 12시,수요일,강원도 태백시 화전동,경상사고,0,0,1,0,차대차 - 측면직각충돌,안전운전불이행,습기,맑음,단일로 - 기타,승용,남,47세,상해없음,승용,여,27세,경상
2012022900100263,2012년 2월 29일 13시,수요일,강원도 춘천시 효자동,중상사고,0,1,0,0,차대차 - 측면직각충돌,안전운전불이행,건조,맑음,교차로 - 교차로부근,승용,남,57세,상해없음,화물,남,69세,상해없음
2012022900100264,2012년 2월 29일 13시,수요일,강원도 철원군 서면,경상사고,0,0,1,0,차대차 - 측면직각충돌,안전운전불이행,건조,맑음,단일로 - 기타,승용,남,42세,상해없음,이륜,남,69세,경상
2012022900100265,2012년 2월 29일 13시,수요일,강원도 동해시 구호동,경상사고,0,0,1,0,차대차 - 측면직각충돌,직진우회전진행방해,건조,맑음,교차로 - 교차로안,화물,남,33세,상해없음,승합,남,70세,경상
2012022900100266,2012년 2월 29일 13시,수요일,강원도 동해시 용정동,부상신고사고,0,0,0,1,차대사람 - 차도통행중,중앙선침범,건조,맑음,단일로 - 횡단보도부근,승용,여,62세,상해없음,보행자,남,16세,부상신고
2012022900100289,2012년 2월 29일 14시,수요일,강원도 춘천시 온의동,경상사고,0,0,1,0,차대사람 - 횡단중,안전운전불이행,건조,맑음,단일로 - 기타,승용,남,53세,상해없음,보행자,여,17세,경상
2012022900100290,2012년 2월 29일 14시,수요일,강원도 춘천시 효자동,중상사고,0,1,0,0,차량단독 - 기타,안전운전불이행,건조,맑음,단일로 - 기타,승용,남,24세,상해없음,,,,
2012022900100291,2012년 2월 29일 14시,수요일,강원도 정선군 남면,중상사고,0,1,0,0,차대차 - 정면충돌,중앙선침범,건조,맑음,단일로 - 기타,화물,남,40세,상해없음,승용,남,36세,중상
2012022900100320,2012년 2월 29일 15시,수요일,강원도 춘천시 퇴계동,중상사고,0,1,0,0,차대차 - 측면직각충돌,안전거리미확보,건조,맑음,교차로 - 교차로부근,승용,여,49세,상해없음,이륜,남,41세,중상
2012022900100350,2012년 2월 29일 16시,수요일,강원도 횡성군 우천면,경상사고,0,0,2,0,차대차 - 기타,기타,건조,맑음,단일로 - 기타,건설기계,남,51세,상해없음,승용,여,45세,경상
2012022900100380,2012년 2월 29일 17시,수요일,강원도 춘천시 운교동,경상사고,0,0,1,0,차대차 - 측면직각충돌,중앙선침범,건조,맑음,단일로 - 기타,승용,남,56세,상해없음,원동기,남,22세,경상
2012022900100412,2012년 2월 29일 18시,수요일,강원도 강릉시 교동,경상사고,0,0,2,0,차대차 - 추돌 - 진행중,안전운전불이행,건조,맑음,단일로 - 기타,승용,여,35세,상해없음,승용,남,30세,경상
2012022900100413,2012년 2월 29일 18시,수요일,강원도 강릉시 성산면,경상사고,0,0,1,0,차대사람 - 길가장자리구역통행중,안전운전불이행,건조,맑음,단일로 - 기타,화물,여,32세,상해없음,보행자,여,74세,경상
2012022900100449,2012년 2월 29일 19시,수요일,강원도 원주시 단계동,중상사고,0,1,0,0,차대차 - 추돌 - 진행중,불법유턴,건조,맑음,단일로 - 기타,승용,남,50세,상해없음,자전거,여,59세,중상
2012022900100450,2012년 2월 29일 19시,수요일,강원도 원주시 관설동,중상사고,0,1,0,0,차대차 - 측면직각충돌,직진우회전진행방해,건조,맑음,단일로 - 기타,승용,남,38세,상해없음,승용,여,50세,중상
2012022900100519,2012년 2월 29일 21시,수요일,강원도 원주시 단구동,경상사고,0,0,3,1,차대차 - 추돌 - 진행중,안전거리미확보,건조,맑음,교차로 - 교차로부근,승용,남,40세,상해없음,승용,남,43세,경상
2012022900100520,2012년 2월 29일 21시,수요일,강원도 홍천군 서면,사망사고,1,0,0,0,차량단독 - 공작물충돌,안전운전불이행,건조,맑음,단일로 - 기타,화물,남,67세,사망,,,,
2012030100100015,2012년 3월 1일 00시,목요일,강원도 강릉시 강문동,중상사고,0,1,3,0,차대사람 - 보도통행중,안전운전불이행,건조,맑음,단일로 - 기타,승용,남,30세,상해없음,보행자,남,5세,경상
2012030100100016,2012년 3월 1일 00시,목요일,강원도 평창군 대관령면,경상사고,0,0,2,0,차대차 - 추돌 - 주정차중,안전거리미확보,건조,맑음,단일로 - 기타,승용,남,28세,상해없음,승합,남,50세,경상
2012030100100144,2012년 3월 1일 08시,목요일,강원도 원주시 무실동,경상사고,0,0,1,0,차대차 - 정면충돌,안전운전불이행,건조,맑음,단일로 - 기타,승합,남,44세,상해없음,승용,여,39세,경상
2012030100100161,2012년 3월 1일 09시,목요일,강원도 춘천시 후평동,경상사고,0,0,1,0,차대차 - 측면직각충돌,기타,건조,맑음,단일로 - 기타,화물,남,37세,상해없음,승용,여,40세,경상
2012030100100162,2012년 3월 1일 09시,목요일,강원도 원주시 인동,경상사고,0,0,1,0,차대차 - 추돌 - 진행중,안전거리미확보,건조,맑음,교차로 - 교차로부근,승용,남,51세,상해없음,화물,남,41세,경상
2012030100100172,2012년 3월 1일 10시,목요일,강원도 춘천시 신북읍,경상사고,0,0,2,0,차량단독 - 공작물충돌,안전운전불이행,건조,맑음,단일로 - 기타,승합,남,23세,상해없음,,,,
2012030100100195,2012년 3월 1일 11시,목요일,강원도 화천군 상서면,사망사고,1,1,0,0,차량단독 - 도로외이탈 - 추락,안전운전불이행,건조,맑음,단일로 - 기타,화물,남,70세,사망,,,,
2012030100100220,2012년 3월 1일 12시,목요일,강원도 평창군 대관령면,사망사고,1,1,0,0,차량단독 - 공작물충돌,안전운전불이행,건조,맑음,단일로 - 기타,승용,남,84세,사망,,,,
2012030100100238,2012년 3월 1일 13시,목요일,강원도 양양군 양양읍,중상사고,0,1,2,0,차대차 - 추돌 - 진행중,안전운전불이행,건조,맑음,단일로 - 기타,화물,남,46세,상해없음,승용,여,55세,중상
2012030100100304,2012년 3월 1일 16시,목요일,강원도 춘천시 후평동,경상사고,0,0,1,0,차대차 - 측면직각충돌,안전운전불이행,건조,맑음,교차로 - 교차로부근,기타불명,기타불명,기타불명,기타불명,승용,남,26세,경상
2012030100100305,2012년 3월 1일 16시,목요일,강원도 춘천시 후평동,중상사고,0,2,1,0,차대차 - 측면직각충돌,교차로운행방법위반,건조,맑음,교차로 - 교차로안,승용,여,63세,상해없음,승용,남,37세,중상
2012030100100306,2012년 3월 1일 16시,목요일,강원도 원주시 행구동,경상사고,0,0,8,0,차대차 - 측면직각충돌,직진우회전진행방해,건조,맑음,교차로 - 교차로안,승용,남,23세,경상,승용,여,38세,경상
2012030100100351,2012년 3월 1일 18시,목요일,강원도 속초시 노학동,경상사고,0,0,1,0,차대차 - 측면직각충돌,교차로운행방법위반,건조,맑음,교차로 - 교차로안,승용,남,53세,상해없음,승용,남,37세,경상
2012030100100401,2012년 3월 1일 20시,목요일,강원도 태백시 동점동,중상사고,0,1,0,0,차대사람 - 차도통행중,안전운전불이행,건조,맑음,단일로 - 기타,승용,여,53세,상해없음,보행자,남,64세,중상
2012030100100423,2012년 3월 1일 21시,목요일,강원도 원주시 명륜동,중상사고,0,1,0,0,차대차 - 추돌 - 진행중,불법유턴,건조,맑음,단일로 - 기타,승용,남,50세,상해없음,승용,남,64세,중상
2012030200100073,2012년 3월 2일 06시,금요일,강원도 강릉시 포남동,경상사고,0,0,2,0,차대차 - 추돌 - 주정차중,안전운전불이행,건조,흐림,단일로 - 기타,승용,남,19세,상해없음,승용,남,22세,상해없음
2012030200100074,2012년 3월 2일 06시,금요일,강원도 삼척시 도계읍,중상사고,0,1,1,0,차량단독 - 공작물충돌,안전운전불이행,습기,비,단일로 - 기타,승용,남,23세,중상,,,,
2012030200100090,2012년 3월 2일 07시,금요일,강원도 춘천시 신북읍,중상사고,0,1,0,0,차량단독 - 전도전복,안전운전불이행,습기,비,단일로 - 기타,이륜,남,16세,기타불명,,,,
2012030200100091,2012년 3월 2일 07시,금요일,강원도 원주시 호저면,사망사고,1,0,0,0,차대차 - 정면충돌,중앙선침범,습기,비,단일로 - 기타,승용,남,41세,사망,특수,남,39세,상해없음