사고번호,사고일시,요일,시군구,사고내용,사망자수,중상자수,경상자수,부상신고자수,사고유형,법규위반,노면상태,기상상태,도로형태,가해운전자 차종,가해운전자 성별,가해운전자 연령,가해운전자 상해정도,피해운전자 차종,피해운전자 성별,피해운전자 연령,피해운전자 상해정도
2012030200100092,2012년 3월 2일 07시,금요일,강원도 평창군 봉평면,중상사고,0,1,2,0,차대차 - 측면직각충돌,안전운전불이행,건조,맑음,교차로 - 교차로안,화물,남,46세,상해없음,승용,남,59세,경상
2012030200100122,2012년 3월 2일 08시,금요일,강원도 평창군 대화면,경상사고,0,0,2,0,차대차 - 정면충돌,중앙선침범,습기,비,단일로 - 기타,승용,남,29세,상해없음,승용,여,51세,경상
2012030200100123,2012년 3월 2일 08시,금요일,강원도 동해시 동회동,경상사고,0,0,2,0,차대차 - 측면직각충돌,중앙선침범,습기,비,단일로 - 기타,승용,남,62세,상해없음,승용,여,49세,경상
2012030200100182,2012년 3월 2일 10시,금요일,강원도 평창군 평창읍,중상사고,0,1,0,0,차대차 - 측면직각충돌,신호위반,습기,흐림,교차로 - 교차로안,승용,남,30세,상해없음,화물,남,35세,중상
2012030200100246,2012년 3월 2일 12시,금요일,강원도 동해시 평릉동,중상사고,0,1,0,0,차대차 - 측면직각충돌,교차로운행방법위반,습기,비,교차로 - 교차로안,승용,여,45세,상해없음,승용,여,42세,중상
2012030200100275,2012년 3월 2일 13시,금요일,강원도 강릉시 옥계면,경상사고,0,0,4,0,차대차 - 측면직각충돌,안전운전불이행,건조,맑음,교차로 - 교차로안,화물,남,46세,상해없음,승합,여,31세,경상
2012030200100308,2012년 3월 2일 14시,금요일,강원도 춘천시 효자동,경상사고,0,0,1,0,차대차 - 측면직각충돌,안전운전불이행,건조,흐림,교차로 - 교차로안,이륜,남,16세,상해없음,승용,남,66세,경상
2012030200100332,2012년 3월 2일 15시,금요일,강원도 강릉시 옥천동,경상사고,0,0,2,0,차대차 - 측면직각충돌,안전운전불이행,습기,비,교차로 - 교차로안,승용,남,75세,상해없음,승용,남,84세,경상
2012030200100333,2012년 3월 2일 15시,금요일,강원도 영월군 영월읍,경상사고,0,0,1,0,차대차 - 측면직각충돌,직진우회전진행방해,건조,맑음,교차로 - 교차로안,화물,남,45세,상해없음,승용,남,67세,경상
2012030200100367,2012년 3월 2일 16시,금요일,강원도 춘천시 동내면,중상사고,0,1,0,0,차대차 - 측면직각충돌,직진우회전진행방해,건조,맑음,교차로 - 교차로안,승용,남,56세,상해없음,화물,남,31세,중상
2012030200100368,2012년 3월 2일 16시,금요일,강원도 강릉시 저동,경상사고,0,0,2,0,차대차 - 정면충돌,중앙선침범,습기,비,단일로 - 기타,승용,남,45세,상해없음,승용,남,27세,경상
2012030200100429,2012년 3월 2일 18시,금요일,강원도 강릉시 왕산면,부상신고사고,0,0,0,1,차대차 - 정면충돌,중앙선침범,적설,눈,단일로 - 기타,승용,남,19세,상해없음,승용,남,49세,부상신고
2012030200100475,2012년 3월 2일 19시,금요일,강원도 철원군 동송읍,중상사고,0,1,0,0,차량단독 - 공작물충돌,안전운전불이행,건조,맑음,단일로 - 기타,화물,남,40세,중상,,,,
2012030200100570,2012년 3월 2일 21시,금요일,강원도 속초시 조양동,중상사고,0,3,2,0,차대차 - 측면직각충돌,안전운전불이행,결빙,눈,단일로 - 기타,승용,남,60세,상해없음,승용,여,30세,중상
2012030200100571,2012년 3월 2일 21시,금요일,강원도 강릉시 강동면,경상사고,0,0,1,0,차량단독 - 공작물충돌,안전운전불이행,습기,흐림,단일로 - 기타,승용,남,36세,상해없음,,,,
2012030200100605,2012년 3월 2일 22시,금요일,강원도 원주시 흥업면,경상사고,0,0,1,0,차대차 - 추돌 - 진행중,신호위반,건조,맑음,교차로 - 교차로안,기타불명,기타불명,기타불명,기타불명,승용,남,41세,경상
2012030200100606,2012년 3월 2일 22시,금요일,강원도 원주시 우산동,경상사고,0,0,2,0,차대차 - 기타,중앙선침범,건조,맑음,교차로 - 교차로부근,기타불명,기타불명,기타불명,기타불명,승용,남,48세,경상
2012030200100607,2012년 3월 2일 22시,금요일,강원도 원주시 무실동,중상사고,0,1,0,0,차대사람 - 횡단중,안전운전불이행,건조,맑음,교차로 - 교차로부근,승용,남,59세,상해없음,보행자,남,33세,중상
2012030200100608,2012년 3월 2일 22시,금요일,강원도 속초시 조양동,경상사고,0,0,1,0,차대차 - 측면직각충돌,신호위반,건조,맑음,교차로 - 교차로안,승용,남,51세,상해없음,승용,남,55세,경상
2012030200100646,2012년 3월 2일 23시,금요일,강원도 강릉시 주문진읍,경상사고,0,0,1,0,차대차 - 측면직각충돌,안전운전불이행,습기,비,단일로 - 기타,승용,남,54세,상해없음,승용,남,43세,경상
2012030300100015,2012년 3월 3일 00시,토요일,강원도 춘천시 소양로1가,중상사고,0,1,0,0,차대사람 - 횡단중,안전운전불이행,습기,비,교차로 - 교차로안,승용,남,30세,상해없음,보행자,남,41세,중상
2012030300100016,2012년 3월 3일 00시,토요일,강원도 태백시 황지동,중상사고,0,1,0,0,차량단독 - 공작물충돌,안전운전불이행,결빙,맑음,단일로 - 기타,승용,남,25세,상해없음,,,,
2012030300100089,2012년 3월 3일 04시,토요일,강원도 원주시 단계동,경상사고,0,0,2,0,차대차 - 측면직각충돌,신호위반,건조,맑음,교차로 - 교차로안,승용,남,59세,경상,승용,남,23세,경상
2012030300100105,2012년 3월 3일 05시,토요일,강원도 춘천시 동산면,경상사고,0,0,1,0,차대차 - 추돌 - 진행중,안전거리미확보,건조,흐림,단일로 - 기타,화물,남,27세,상해없음,승용,남,46세,경상
2012030300100164,2012년 3월 3일 09시,토요일,강원도 속초시 교동,경상사고,0,0,1,0,차대차 - 측면직각충돌,안전운전불이행,습기,흐림,단일로 - 기타,승용,남,55세,상해없음,승용,여,42세,경상
2012030300100165,2012년 3월 3일 09시,토요일,강원도 동해시 천곡동,경상사고,0,0,1,0,차대차 - 측면직각충돌,직진우회전진행방해,습기,비,교차로 - 교차로안,승용,남,32세,상해없음,승용,여,44세,경상
2012030300100191,2012년 3월 3일 10시,토요일,강원도 양양군 서면,경상사고,0,0,1,0,차량단독 - 공작물충돌,안전운전불이행,결빙,맑음,단일로 - 기타,승용,남,53세,상해없음,,,,
2012030300100216,2012년 3월 3일 11시,토요일,강원도 원주시 문막읍,경상사고,0,0,5,0,차대차 - 정면충돌,중앙선침범,건조,흐림,교차로 - 교차로안,승용,남,27세,상해없음,승용,남,24세,경상
2012030300100226,2012년 3월 3일 12시,토요일,강원도 춘천시 삼천동,경상사고,0,0,2,0,차대차 - 추돌 - 진행중,기타,건조,맑음,단일로 - 기타,승용,남,53세,상해없음,승용,남,58세,경상
2012030300100227,2012년 3월 3일 12시,토요일,강원도 강릉시 옥천동,경상사고,0,0,3,0,차대차 - 기타,안전운전불이행,습기,비,교차로 - 교차로안,화물,남,54세,상해없음,승용,여,29세,경상
2012030300100348,2012년 3월 3일 17시,토요일,강원도 평창군 평창읍,중상사고,0,2,0,0,차대차 - 정면충돌,중앙선침범,건조,맑음,단일로 - 기타,승용,남,37세,상해없음,승용,남,44세,중상
2012030300100381,2012년 3월 3일 18시,토요일,강원도 강릉시 죽헌동,경상사고,0,0,2,0,차대차 - 측면직각충돌,안전운전불이행,건조,맑음,단일로 - 기타,승용,여,43세,상해없음,승용,여,46세,경상
2012030300100382,2012년 3월 3일 18시,토요일,강원도 동해시 북평동,중상사고,0,2,1,0,차대차 - 측면직각충돌,직진우회전진행방해,건조,맑음,교차로 - 교차로안,승용,남,58세,상해없음,승용,남,50세,중상
2012030300100412,2012년 3월 3일 19시,토요일,강원도 속초시 교동,경상사고,0,0,1,0,차대차 - 측면직각충돌,차로위반,건조,맑음,단일로 - 기타,승용,남,41세,상해없음,승용,남,34세,경상
2012030300100413,2012년 3월 3일 19시,토요일,강원도 삼척시 건지동,경상사고,0,0,1,0,차대사람 - 횡단중,안전운전불이행,습기,흐림,단일로 - 기타,승용,남,37세,상해없음,보행자,남,56세,경상
2012030300100439,2012년 3월 3일 20시,토요일,강원도 원주시 일산동,경상사고,0,0,1,0,차대차 - 측면직각충돌,안전운전불이행,건조,맑음,교차로 - 교차로부근,승용,여,52세,상해없음,자전거,남,27세,경상
2012030300100467,2012년 3월 3일 21시,토요일,강원도 원주시 단계동,중상사고,0,1,1,0,차대사람 - 길가장자리구역통행중,안전운전불이행,건조,맑음,단일로 - 횡단보도부근,승용,남,28세,상해없음,보행자,여,46세,중상
2012030300100468,2012년 3월 3일 21시,토요일,강원도 동해시 천곡동,경상사고,0,0,5,0,차대차 - 측면직각충돌,안전거리미확보,습기,흐림,단일로 - 기타,승용,남,62세,상해없음,승용,남,47세,경상
2012030400100031,2012년 3월 4일 01시,일요일,강원도 강릉시 노암동,경상사고,0,0,1,0,차대차 - 측면직각충돌,안전운전불이행,건조,흐림,교차로 - 교차로안,승용,남,13세,상해없음,승용,남,50세,상해없음
2012030400100053,2012년 3월 4일 02시,일요일,강원도 삼척시 미로면,경상사고,0,0,1,0,차량단독 - 공작물충돌,안전운전불이행,습기,비,단일로 - 기타,승용,남,20세,경상,,,,
2012030400100083,2012년 3월 4일 05시,일요일,강원도 원주시 단계동,중상사고,0,1,0,0,차대사람 - 기타,안전운전불이행,건조,맑음,교차로 - 교차로안,승용,남,29세,상해없음,보행자,여,27세,중상
2012030400100108,2012년 3월 4일 08시,일요일,강원도 속초시 금호동,경상사고,0,0,1,0,차대사람 - 길가장자리구역통행중,안전운전불이행,습기,비,단일로 - 기타,승용,남,67세,상해없음,보행자,여,29세,경상
2012030400100109,2012년 3월 4일 08시,일요일,강원도 홍천군 서석면,중상사고,0,1,3,0,차대차 - 기타,교차로운행방법위반,건조,맑음,교차로 - 교차로안,화물,남,48세,상해없음,승용,남,55세,중상
2012030400100146,2012년 3월 4일 12시,일요일,강원도 원주시 소초면,경상사고,0,0,2,0,차대차 - 측면직각충돌,직진우회전진행방해,건조,맑음,교차로 - 교차로안,승용,여,52세,경상,화물,남,56세,경상
2012030400100225,2012년 3월 4일 15시,일요일,강원도 홍천군 홍천읍,중상사고,0,1,0,0,차대사람 - 횡단중,안전운전불이행,건조,맑음,단일로 - 기타,승용,남,46세,상해없음,보행자,여,50세,중상
2012030400100280,2012년 3월 4일 18시,일요일,강원도 춘천시 석사동,경상사고,0,0,1,0,차대차 - 측면직각충돌,신호위반,건조,맑음,교차로 - 교차로안,승용,여,29세,상해없음,원동기,남,30세,경상
2012030400100392,2012년 3월 4일 21시,일요일,강원도 속초시 조양동,경상사고,0,0,1,0,차대차 - 추돌 - 진행중,안전운전불이행,건조,맑음,교차로 - 교차로부근,승용,여,30세,상해없음,원동기,남,18세,경상
2012030400100437,2012년 3월 4일 23시,일요일,강원도 강릉시 입암동,중상사고,0,1,0,0,차대사람 - 기타,안전운전불이행,건조,맑음,단일로 - 기타,승용,남,32세,상해없음,보행자,남,45세,중상
2012030400100438,2012년 3월 4일 23시,일요일,강원도 원주시 단구동,중상사고,0,1,0,0,차대차 - 측면직각충돌,신호위반,건조,맑음,교차로 - 교차로안,승용,남,28세,상해없음,승용,남,24세,중상
2012030400100439,2012년 3월 4일 23시,일요일,강원도 정선군 사북읍,경상사고,0,0,1,1,차대차 - 측면직각충돌,안전운전불이행,습기,눈,교차로 - 교차로안,승용,남,44세,상해없음,승용,남,33세,부상신고
2012030500100004,2012년 3월 5일 00시,월요일,강원도 속초시 조양동,경상사고,0,0,2,0,차대차 - 측면직각충돌,신호위반,습기,비,교차로 - 교차로안,승용,남,51세,상해없음,승용,남,35세,경상
2012030500100114,2012년 3월 5일 07시,월요일,강원도 동해시 효가동,중상사고,0,1,0,0,차대사람 - 차도통행중,안전운전불이행,습기,비,단일로 - 기타,화물,남,65세,상해없음,보행자,남,65세,중상
2012030500100266,2012년 3월 5일 14시,월요일,강원도 강릉시 임당동,경상사고,0,0,2,0,차대차 - 추돌 - 주정차중,안전운전불이행,습기,비,교차로 - 교차로부근,승용,남,70세,상해없음,승용,여,38세,경상
2012030500100301,2012년 3월 5일 15시,월요일,강원도 삼척시 정상동,중상사고,0,1,2,0,차대차 - 측면직각충돌,신호위반,습기,비,교차로 - 교차로안,승용,남,61세,경상,승합,남,55세,경상
2012030500100352,2012년 3월 5일 17시,월요일,강원도 춘천시 우두동,경상사고,0,0,2,0,차대차 - 측면직각충돌,직진우회전진행방해,건조,맑음,교차로 - 교차로안,승용,여,54세,상해없음,승용,여,48세,경상
2012030500100353,2012년 3월 5일 17시,월요일,강원도 태백시 통동,중상사고,0,2,1,0,차대차 - 정면충돌,중앙선침범,적설,눈,단일로 - 기타,승용,남,28세,상해없음,승용,남,57세,상해없음
2012030500100425,2012년 3월 5일 19시,월요일,강원도 춘천시 동내면,경상사고,0,0,1,0,차대사람 - 기타,안전운전불이행,건조,맑음,기타 - 기타,승용,여,34세,상해없음,보행자,여,47세,경상
2012030500100426,2012년 3월 5일 19시,월요일,강원도 강릉시 연곡면,경상사고,0,0,2,0,차대차 - 추돌 - 진행중,안전운전불이행,습기,비,단일로 - 기타,화물,남,45세,상해없음,화물,남,64세,경상
2012030500100500,2012년 3월 5일 20시,월요일,강원도 춘천시 후평동,경상사고,0,0,1,0,차대차 - 측면직각충돌,안전거리미확보,습기,비,단일로 - 기타,승용,남,46세,상해없음,승용,남,29세,경상
2012030500100501,2012년 3월 5일 20시,월요일,강원도 원주시 평원동,중상사고,0,1,0,0,차대사람 - 횡단중,안전운전불이행,건조,맑음,단일로 - 횡단보도상,승용,남,53세,상해없음,보행자,남,61세,중상
2012030500100502,2012년 3월 5일 20시,월요일,강원도 원주시 호저면,중상사고,0,1,0,0,차대차 - 측면직각충돌,신호위반,습기,비,교차로 - 교차로안,승용,남,39세,상해없음,승합,남,71세,중상
2012030500100503,2012년 3월 5일 20시,월요일,강원도 삼척시 남양동,경상사고,0,0,1,0,차대차 - 측면직각충돌,안전운전불이행,습기,비,교차로 - 교차로안,승용,남,24세,상해없음,승용,남,48세,상해없음
2012030500100572,2012년 3월 5일 21시,월요일,강원도 태백시 황지동,경상사고,0,0,1,0,차대차 - 정면충돌,중앙선침범,적설,눈,단일로 - 기타,승용,남,58세,상해없음,승용,여,37세,경상
2012030500100619,2012년 3월 5일 22시,월요일,강원도 강릉시 입암동,경상사고,0,0,1,0,차대사람 - 횡단중,보행자보호의무위반,습기,비,단일로 - 기타,승용,남,38세,상해없음,보행자,여,52세,경상
2012030500100620,2012년 3월 5일 22시,월요일,강원도 원주시 무실동,경상사고,0,0,2,0,차대차 - 측면직각충돌,신호위반,습기,비,단일로 - 기타,승용,남,42세,상해없음,승용,남,35세,경상
2012030500100689,2012년 3월 5일 23시,월요일,강원도 춘천시 후평동,경상사고,0,0,1,0,차대차 - 측면직각충돌,교차로운행방법위반,습기,비,교차로 - 교차로안,승용,남,53세,상해없음,승용,남,48세,경상
2012030500100690,2012년 3월 5일 23시,월요일,강원도 강릉시 옥천동,경상사고,0,0,2,0,차대차 - 측면직각충돌,신호위반,습기,비,교차로 - 교차로안,승용,남,26세,상해없음,승용,남,56세,경상
2012030500100691,2012년 3월 5일 23시,월요일,강원도 속초시 조양동,경상사고,0,0,1,0,차대차 - 측면직각충돌,안전운전불이행,적설,눈,단일로 - 기타,승용,남,41세,상해없음,승용,여,43세,경상
2012030600100031,2012년 3월 6일 00시,화요일,강원도 춘천시 석사동,경상사고,0,0,1,0,차대사람 - 기타,안전운전불이행,습기,비,단일로 - 기타,승용,남,22세,상해없음,보행자,남,21세,경상
2012030600100032,2012년 3월 6일 00시,화요일,강원도 원주시 단계동,경상사고,0,0,2,0,차대차 - 측면직각충돌,직진우회전진행방해,습기,비,교차로 - 교차로안,승용,남,45세,상해없음,승용,남,47세,경상
2012030600100033,2012년 3월 6일 00시,화요일,강원도 속초시 청학동,경상사고,0,0,4,0,차대차 - 추돌 - 진행중,안전운전불이행,적설,눈,단일로 - 기타,승용,남,44세,상해없음,승용,남,49세,경상
2012030600100034,2012년 3월 6일 00시,화요일,강원도 삼척시 교동,경상사고,0,0,2,0,차대차 - 측면직각충돌,교차로운행방법위반,습기,비,교차로 - 교차로안,승합,남,50세,상해없음,승용,남,62세,경상
2012030600100095,2012년 3월 6일 02시,화요일,강원도 강릉시 옥천동,중상사고,0,1,0,0,차대사람 - 횡단중,보행자보호의무위반,습기,비,단일로 - 기타,승용,남,38세,상해없음,보행자,남,27세,중상
2012030600100096,2012년 3월 6일 02시,화요일,강원도 강릉시 송정동,경상사고,0,0,2,0,차대차 - 측면직각충돌,안전운전불이행,습기,비,교차로 - 교차로안,승용,여,52세,상해없음,승용,여,43세,상해없음
2012030600100176,2012년 3월 6일 07시,화요일,강원도 춘천시 교동,중상사고,0,1,0,0,차대사람 - 기타,안전운전불이행,습기,비,교차로 - 교차로부근,화물,남,44세,상해없음,보행자,남,53세,중상
2012030600100177,2012년 3월 6일 07시,화요일,강원도 태백시 화전동,경상사고,0,0,4,0,차대차 - 추돌 - 주정차중,안전운전불이행,결빙,눈,단일로 - 기타,승용,남,29세,상해없음,승용,여,36세,경상
2012030600100204,2012년 3월 6일 08시,화요일,강원도 속초시 노학동,중상사고,0,1,0,0,차대차 - 측면직각충돌,안전운전불이행,결빙,눈,단일로 - 기타,승용,남,24세,상해없음,화물,남,38세,중상
2012030600100232,2012년 3월 6일 09시,화요일,강원도 평창군 대화면,경상사고,0,0,1,0,차대차 - 측면직각충돌,안전운전불이행,습기,비,단일로 - 기타,승합,남,38세,상해없음,승용,여,41세,경상
2012030600100263,2012년 3월 6일 10시,화요일,강원도 인제군 기린면,중상사고,0,1,0,0,차대차 - 정면충돌,중앙선침범,습기,맑음,단일로 - 기타,화물,남,56세,상해없음,승용,남,55세,중상
2012030600100282,2012년 3월 6일 11시,화요일,강원도 태백시 백산동,중상사고,0,1,0,0,차량단독 - 공작물충돌,안전운전불이행,습기,맑음,기타 - 기타,승용,남,44세,상해없음,,,,
2012030600100345,2012년 3월 6일 14시,화요일,강원도 속초시 조양동,경상사고,0,0,2,0,차대차 - 추돌 - 주정차중,안전운전불이행,건조,맑음,단일로 - 기타,승용,남,47세,상해없음,화물,남,29세,경상
2012030600100409,2012년 3월 6일 17시,화요일,강원도 원주시 반곡동,경상사고,0,0,2,0,차대차 - 기타,안전운전불이행,건조,맑음,교차로 - 교차로안,이륜,남,85세,경상,승용,여,31세,경상
2012030600100443,2012년 3월 6일 18시,화요일,강원도 원주시 봉산동,중상사고,0,1,0,0,차대사람 - 횡단중,보행자보호의무위반,건조,맑음,교차로 - 교차로부근,화물,남,43세,상해없음,보행자,남,59세,중상
2012030600100485,2012년 3월 6일 19시,화요일,강원도 원주시 태장동,경상사고,0,0,1,0,차대사람 - 기타,안전운전불이행,건조,맑음,단일로 - 기타,승합,남,40세,상해없음,보행자,남,60세,경상
2012030600100518,2012년 3월 6일 20시,화요일,강원도 영월군 영월읍,경상사고,0,0,1,0,차대차 - 정면충돌,교차로운행방법위반,건조,맑음,교차로 - 교차로안,승용,남,55세,상해없음,이륜,남,44세,경상
2012030700100009,2012년 3월 7일 00시,수요일,강원도 춘천시 후평동,경상사고,0,0,2,0,차대차 - 추돌 - 주정차중,안전운전불이행,건조,맑음,교차로 - 교차로부근,승용,여,37세,상해없음,승용,남,30세,경상
2012030700100010,2012년 3월 7일 00시,수요일,강원도 삼척시 원덕읍,중상사고,0,1,1,0,차대차 - 정면충돌,중앙선침범,건조,맑음,단일로 - 기타,화물,남,52세,경상,승용,여,53세,중상
2012030700100038,2012년 3월 7일 02시,수요일,강원도 속초시 조양동,경상사고,0,0,1,0,차대차 - 추돌 - 주정차중,안전운전불이행,건조,맑음,교차로 - 교차로부근,승용,남,28세,상해없음,승용,여,46세,경상
2012030700100084,2012년 3월 7일 07시,수요일,강원도 강릉시 포남동,경상사고,0,0,1,0,차대차 - 기타,기타,건조,맑음,교차로 - 교차로안,승용,남,59세,상해없음,자전거,미분류,12세,경상
2012030700100121,2012년 3월 7일 08시,수요일,강원도 춘천시 석사동,경상사고,0,0,1,0,차대사람 - 보도통행중,중앙선침범,건조,맑음,단일로 - 기타,화물,남,40세,상해없음,보행자,남,58세,경상
2012030700100151,2012년 3월 7일 09시,수요일,강원도 평창군 진부면,중상사고,0,1,0,0,차대차 - 측면직각충돌,안전운전불이행,건조,맑음,교차로 - 교차로안,승합,남,70세,상해없음,승용,남,38세,중상
2012030700100209,2012년 3월 7일 11시,수요일,강원도 동해시 효가동,중상사고,0,1,1,0,차대차 - 측면직각충돌,안전운전불이행,건조,맑음,단일로 - 기타,화물,남,56세,상해없음,원동기,남,45세,중상
2012030700100228,2012년 3월 7일 12시,수요일,강원도 춘천시 동내면,중상사고,0,1,0,0,차대사람 - 횡단중,안전운전불이행,건조,맑음,단일로 - 기타,화물,여,54세,상해없음,보행자,남,45세,중상
2012030700100249,2012년 3월 7일 13시,수요일,강원도 춘천시 온의동,중상사고,0,1,0,0,차대차 - 측면직각충돌,안전운전불이행,건조,맑음,단일로 - 기타,승용,여,32세,상해없음,자전거,남,82세,중상
2012030700100250,2012년 3월 7일 13시,수요일,강원도 동해시 쇄운동,경상사고,0,0,1,0,차대차 - 측면직각충돌,교차로운행방법위반,건조,맑음,교차로 - 교차로안,승용,여,37세,상해없음,승용,남,65세,경상
2012030700100276,2012년 3월 7일 14시,수요일,강원도 원주시 중앙동,경상사고,0,0,1,0,차대사람 - 차도통행중,안전운전불이행,건조,맑음,단일로 - 기타,승용,여,42세,상해없음,보행자,여,70세,경상
2012030700100277,2012년 3월 7일 14시,수요일,강원도 동해시 부곡동,중상사고,0,1,0,0,차대사람 - 길가장자리구역통행중,안전운전불이행,건조,맑음,교차로 - 교차로부근,화물,남,36세,상해없음,보행자,남,24세,중상
2012030700100320,2012년 3월 7일 16시,수요일,강원도 속초시 노학동,경상사고,0,0,1,0,차대차 - 측면직각충돌,교차로운행방법위반,건조,맑음,단일로 - 기타,승용,여,37세,상해없음,원동기,남,37세,경상
2012030700100321,2012년 3월 7일 16시,수요일,강원도 고성군 토성면,경상사고,0,0,1,0,차대사람 - 기타,안전운전불이행,건조,맑음,단일로 - 기타,승용,남,23세,상해없음,보행자,남,27세,경상
2012030700100357,2012년 3월 7일 17시,수요일,강원도 춘천시 동면,경상사고,0,0,1,0,차대사람 - 길가장자리구역통행중,안전운전불이행,건조,맑음,단일로 - 기타,승용,남,27세,상해없음,보행자,남,51세,경상
2012030700100385,2012년 3월 7일 18시,수요일,강원도 강릉시 교동,경상사고,0,0,2,0,차대차 - 측면직각충돌,신호위반,건조,맑음,교차로 - 교차로안,승용,남,45세,상해없음,화물,여,42세,경상
2012030700100386,2012년 3월 7일 18시,수요일,강원도 원주시 명륜동,경상사고,0,0,1,0,차대차 - 추돌 - 진행중,안전운전불이행,건조,맑음,단일로 - 기타,이륜,남,16세,경상,승용,남,39세,상해없음
2012030700100387,2012년 3월 7일 18시,수요일,강원도 삼척시 교동,경상사고,0,0,1,0,차량단독 - 공작물충돌,안전운전불이행,건조,맑음,단일로 - 기타,승용,여,48세,경상,,,,
2012030700100429,2012년 3월 7일 19시,수요일,강원도 춘천시 후평동,경상사고,0,0,2,0,차대차 - 추돌 - 주정차중,안전운전불이행,건조,맑음,단일로 - 기타,승용,남,28세,상해없음,승용,남,42세,경상
2012030700100430,2012년 3월 7일 19시,수요일,강원도 강릉시 사천면,중상사고,0,3,0,0,차대차 - 추돌 - 진행중,안전운전불이행,건조,맑음,단일로 - 기타,화물,남,45세,상해없음,승용,여,52세,중상
2012030700100465,2012년 3월 7일 20시,수요일,강원도 원주시 인동,경상사고,0,0,4,0,차대차 - 측면직각충돌,교차로운행방법위반,건조,맑음,단일로 - 기타,승용,남,29세,경상,화물,남,50세,경상
2012030700100501,2012년 3월 7일 21시,수요일,강원도 정선군 고한읍,경상사고,0,0,5,0,차대차 - 측면직각충돌,불법유턴,건조,맑음,단일로 - 횡단보도상,화물,남,56세,상해없음,승용,남,58세,경상
2012030700100502,2012년 3월 7일 21시,수요일,강원도 인제군 북면,경상사고,0,0,5,0,차대차 - 추돌 - 진행중,신호위반,건조,맑음,교차로 - 교차로부근,화물,남,47세,상해없음,승용,남,40세,경상
2012030700100534,2012년 3월 7일 22시,수요일,강원도 원주시 명륜동,중상사고,0,2,1,0,차대차 - 추돌 - 주정차중,안전거리미확보,건조,맑음,단일로 - 기타,화물,남,30세,상해없음,승용,여,50세,중상
2012030700100535,2012년 3월 7일 22시,수요일,강원도 춘천시 동산면,경상사고,0,0,1,0,차대차 - 측면직각충돌,중앙선침범,건조,맑음,단일로 - 기타,승용,남,61세,상해없음,승용,남,37세,경상
2012030800100053,2012년 3월 8일 03시,목요일,강원도 영월군 남면,사망사고,1,0,0,0,차량단독 - 공작물충돌,안전운전불이행,습기,안개,단일로 - 기타,승용,남,23세,사망,,,,
2012030800100103,2012년 3월 8일 07시,목요일,강원도 홍천군 서면,경상사고,0,0,1,0,차대차 - 기타,중앙선침범,건조,맑음,단일로 - 기타,승합,남,28세,상해없음,승용,남,32세,경상
2012030800100104,2012년 3월 8일 07시,목요일,강원도 동해시 망상동,경상사고,0,0,1,0,차대차 - 측면직각충돌,중앙선침범,습기,맑음,단일로 - 기타,승용,남,42세,상해없음,승용,남,39세,경상
2012030800100130,2012년 3월 8일 08시,목요일,강원도 태백시 문곡동,경상사고,0,0,1,0,차량단독 - 공작물충돌,안전운전불이행,결빙,맑음,단일로 - 기타,승용,여,34세,상해없음,,,,
2012030800100159,2012년 3월 8일 09시,목요일,강원도 강릉시 초당동,경상사고,0,0,1,0,차대차 - 측면직각충돌,안전운전불이행,건조,맑음,교차로 - 교차로안,승용,여,19세,상해없음,화물,남,43세,상해없음
2012030800100196,2012년 3월 8일 11시,목요일,강원도 원주시 단계동,중상사고,0,1,0,0,차대차 - 추돌 - 진행중,안전거리미확보,건조,맑음,교차로 - 교차로부근,승용,남,64세,상해없음,승합,남,60세,상해없음
2012030800100197,2012년 3월 8일 11시,목요일,강원도 원주시 무실동,중상사고,0,3,0,0,차대차 - 추돌 - 진행중,신호위반,건조,맑음,교차로 - 교차로안,승합,남,42세,상해없음,화물,남,45세,중상
2012030800100198,2012년 3월 8일 11시,목요일,강원도 정선군 북평면,중상사고,0,1,0,0,차대차 - 측면직각충돌,안전운전불이행,건조,맑음,교차로 - 교차로안,승용,남,47세,상해없음,승용,여,32세,중상
2012030800100297,2012년 3월 8일 15시,목요일,강원도 평창군 용평면,중상사고,0,5,5,0,차대차 - 측면직각충돌,안전운전불이행,건조,맑음,교차로 - 교차로안,승합,여,47세,상해없음,승합,남,39세,상해없음
2012030800100298,2012년 3월 8일 15시,목요일,강원도 횡성군 횡성읍,중상사고,0,1,0,0,차대차 - 측면직각충돌,안전운전불이행,건조,맑음,단일로 - 기타,승용,남,63세,상해없음,이륜,남,71세,중상
2012030800100299,2012년 3월 8일 15시,목요일,강원도 동해시 효가동,경상사고,0,0,2,0,차대차 - 측면직각충돌,안전거리미확보,건조,흐림,단일로 - 기타,화물,남,27세,상해없음,승용,남,49세,경상
2012030800100325,2012년 3월 8일 16시,목요일,강원도 춘천시 온의동,경상사고,0,0,1,0,차대차 - 추돌 - 진행중,안전거리미확보,건조,맑음,단일로 - 기타,승용,여,45세,상해없음,승용,남,42세,경상
2012030800100378,2012년 3월 8일 18시,목요일,강원도 원주시 문막읍,중상사고,0,1,0,0,차대사람 - 횡단중,보행자보호의무위반,건조,맑음,단일로 - 횡단보도상,이륜,남,45세,상해없음,보행자,여,45세,중상
2012030800100379,2012년 3월 8일 18시,목요일,강원도 태백시 황지동,중상사고,0,1,1,0,차대차 - 측면직각충돌,안전운전불이행,건조,맑음,교차로 - 교차로안,승용,남,43세,상해없음,승용,남,40세,중상
2012030800100380,2012년 3월 8일 18시,목요일,강원도 횡성군 청일면,경상사고,0,0,1,0,차대차 - 측면직각충돌,교차로운행방법위반,건조,맑음,교차로 - 교차로안,화물,여,56세,상해없음,승합,남,51세,경상