사고번호,사고일시,요일,시군구,사고내용,사망자수,중상자수,경상자수,부상신고자수,사고유형,법규위반,노면상태,기상상태,도로형태,가해운전자 차종,가해운전자 성별,가해운전자 연령,가해운전자 상해정도,피해운전자 차종,피해운전자 성별,피해운전자 연령,피해운전자 상해정도
2012031900100457,2012년 3월 19일 20시,월요일,강원도 춘천시 후평동,경상사고,0,0,1,0,차대차 - 추돌 - 주정차중,안전운전불이행,건조,맑음,교차로 - 교차로부근,승용,남,44세,상해없음,승용,여,47세,경상
2012031900100489,2012년 3월 19일 21시,월요일,강원도 원주시 단구동,경상사고,0,0,1,0,차대차 - 측면직각충돌,신호위반,건조,맑음,교차로 - 교차로안,이륜,남,16세,상해없음,승용,남,28세,경상
2012031900100519,2012년 3월 19일 22시,월요일,강원도 춘천시 사농동,경상사고,0,0,1,0,차대차 - 추돌 - 주정차중,안전운전불이행,건조,맑음,단일로 - 기타,승용,남,40세,상해없음,승용,남,44세,경상
2012031900100520,2012년 3월 19일 22시,월요일,강원도 원주시 단구동,경상사고,0,0,1,0,차대사람 - 횡단중,안전운전불이행,건조,맑음,단일로 - 횡단보도상,승용,남,18세,상해없음,보행자,여,46세,경상
2012031900100548,2012년 3월 19일 23시,월요일,강원도 원주시 단계동,부상신고사고,0,0,0,1,차대사람 - 차도통행중,안전운전불이행,건조,맑음,단일로 - 기타,기타불명,기타불명,기타불명,기타불명,보행자,남,47세,부상신고
2012031900100549,2012년 3월 19일 23시,월요일,강원도 횡성군 횡성읍,경상사고,0,0,3,0,차대차 - 측면직각충돌,교차로운행방법위반,건조,맑음,교차로 - 교차로안,승용,여,43세,상해없음,승용,남,66세,경상
2012032000100048,2012년 3월 20일 02시,화요일,강원도 원주시 단계동,경상사고,0,0,1,0,차대차 - 기타,불법유턴,건조,맑음,단일로 - 기타,승용,남,28세,상해없음,승용,남,24세,경상
2012032000100091,2012년 3월 20일 06시,화요일,강원도 원주시 태장동,경상사고,0,0,1,0,차대차 - 측면직각충돌,차로위반,건조,맑음,단일로 - 기타,승합,남,58세,상해없음,승용,여,29세,경상
2012032000100111,2012년 3월 20일 07시,화요일,강원도 속초시 조양동,중상사고,0,1,0,0,차대차 - 측면직각충돌,중앙선침범,건조,맑음,단일로 - 기타,승용,여,43세,상해없음,승용,남,42세,중상
2012032000100181,2012년 3월 20일 09시,화요일,강원도 강릉시 교동,중상사고,0,1,0,0,차대차 - 측면직각충돌,안전운전불이행,건조,맑음,교차로 - 교차로부근,승용,여,37세,상해없음,자전거,여,20세,중상
2012032000100235,2012년 3월 20일 11시,화요일,강원도 원주시 우산동,중상사고,0,2,0,0,차대차 - 측면직각충돌,교차로운행방법위반,건조,맑음,교차로 - 교차로안,승용,남,66세,상해없음,승용,남,56세,중상
2012032000100250,2012년 3월 20일 12시,화요일,강원도 강릉시 내곡동,경상사고,0,0,1,0,차대차 - 정면충돌,안전운전불이행,건조,맑음,교차로 - 교차로안,승용,남,75세,상해없음,승용,여,33세,경상
2012032000100251,2012년 3월 20일 12시,화요일,강원도 원주시 단구동,경상사고,0,0,1,0,차대차 - 측면직각충돌,교차로운행방법위반,건조,맑음,교차로 - 교차로안,승용,남,38세,상해없음,승용,남,40세,경상
2012032000100252,2012년 3월 20일 12시,화요일,강원도 속초시 청학동,경상사고,0,0,1,0,차대차 - 측면직각충돌,신호위반,건조,흐림,교차로 - 교차로안,승합,남,50세,상해없음,원동기,남,70세,경상
2012032000100253,2012년 3월 20일 12시,화요일,강원도 평창군 평창읍,중상사고,0,1,0,0,차대차 - 측면직각충돌,안전운전불이행,건조,맑음,단일로 - 기타,화물,남,49세,상해없음,원동기,남,73세,중상
2012032000100280,2012년 3월 20일 13시,화요일,강원도 영월군 주천면,경상사고,0,0,2,0,차대차 - 측면직각충돌,신호위반,건조,맑음,교차로 - 교차로안,승용,남,22세,상해없음,승용,남,67세,경상
2012032000100304,2012년 3월 20일 14시,화요일,강원도 춘천시 후평동,경상사고,0,0,1,0,차대차 - 추돌 - 주정차중,안전거리미확보,건조,맑음,단일로 - 기타,승용,여,45세,상해없음,승용,남,38세,경상
2012032000100326,2012년 3월 20일 15시,화요일,강원도 정선군 정선읍,사망사고,1,0,0,0,차량단독 - 기타,안전운전불이행,건조,맑음,단일로 - 기타,농기계,남,64세,사망,,,,
2012032000100364,2012년 3월 20일 16시,화요일,강원도 강릉시 교동,중상사고,0,1,0,0,차대사람 - 차도통행중,과속,건조,맑음,단일로 - 기타,승용,남,42세,상해없음,보행자,여,9세,중상
2012032000100365,2012년 3월 20일 16시,화요일,강원도 평창군 용평면,경상사고,0,0,1,0,차대차 - 측면직각충돌,안전운전불이행,건조,맑음,단일로 - 기타,화물,남,57세,상해없음,승용,여,54세,상해없음
2012032000100422,2012년 3월 20일 18시,화요일,강원도 양양군 양양읍,중상사고,0,1,0,0,차대사람 - 차도통행중,안전운전불이행,건조,맑음,단일로 - 기타,승용,남,46세,상해없음,보행자,남,3세,중상
2012032000100423,2012년 3월 20일 18시,화요일,강원도 영월군 영월읍,경상사고,0,0,1,0,차대사람 - 보도통행중,보행자보호의무위반,건조,맑음,단일로 - 횡단보도상,승용,남,51세,상해없음,보행자,남,7세,경상
2012032000100468,2012년 3월 20일 19시,화요일,강원도 춘천시 후평동,중상사고,0,1,1,0,차대차 - 추돌 - 진행중,안전운전불이행,건조,맑음,교차로 - 교차로부근,승용,남,44세,상해없음,승합,남,43세,경상
2012032000100469,2012년 3월 20일 19시,화요일,강원도 원주시 관설동,중상사고,0,1,0,0,차대차 - 측면직각충돌,직진우회전진행방해,건조,맑음,교차로 - 교차로안,승용,남,31세,상해없음,이륜,남,54세,중상
2012032000100505,2012년 3월 20일 20시,화요일,강원도 강릉시 지변동,경상사고,0,0,3,3,차량단독 - 공작물충돌,안전운전불이행,건조,맑음,교차로 - 교차로부근,승합,여,45세,상해없음,,,,
2012032000100538,2012년 3월 20일 21시,화요일,강원도 춘천시 후평동,경상사고,0,0,1,0,차대차 - 측면직각충돌,안전거리미확보,건조,맑음,단일로 - 기타,승용,여,28세,상해없음,승용,남,62세,상해없음
2012032000100539,2012년 3월 20일 21시,화요일,강원도 원주시 단계동,중상사고,0,2,0,0,차대차 - 추돌 - 주정차중,안전거리미확보,건조,맑음,단일로 - 기타,승용,남,33세,상해없음,승용,남,53세,중상
2012032000100540,2012년 3월 20일 21시,화요일,강원도 속초시 조양동,경상사고,0,0,1,0,차대차 - 추돌 - 진행중,교차로운행방법위반,건조,맑음,교차로 - 교차로안,승용,여,50세,상해없음,이륜,남,48세,경상
2012032000100541,2012년 3월 20일 21시,화요일,강원도 태백시 황지동,경상사고,0,0,1,0,차대차 - 측면직각충돌,신호위반,건조,맑음,교차로 - 교차로안,승용,남,38세,상해없음,승용,여,55세,경상
2012032000100542,2012년 3월 20일 21시,화요일,강원도 인제군 인제읍,중상사고,0,1,0,0,차대사람 - 횡단중,보행자보호의무위반,건조,맑음,단일로 - 기타,승용,남,30세,상해없음,보행자,남,48세,중상
2012032000100568,2012년 3월 20일 22시,화요일,강원도 춘천시 석사동,경상사고,0,0,1,0,차대사람 - 횡단중,안전운전불이행,건조,맑음,단일로 - 기타,기타불명,기타불명,기타불명,기타불명,보행자,남,19세,경상
2012032000100569,2012년 3월 20일 22시,화요일,강원도 속초시 금호동,경상사고,0,0,1,0,차대차 - 추돌 - 진행중,안전운전불이행,건조,맑음,교차로 - 교차로부근,승용,남,30세,상해없음,승용,남,29세,경상
2012032000100601,2012년 3월 20일 23시,화요일,강원도 원주시 우산동,중상사고,0,1,1,0,차대차 - 추돌 - 주정차중,안전거리미확보,건조,맑음,단일로 - 기타,승용,남,56세,상해없음,승용,남,27세,중상
2012032100100126,2012년 3월 21일 08시,수요일,강원도 춘천시 석사동,경상사고,0,0,1,0,차대사람 - 기타,안전운전불이행,건조,맑음,교차로 - 교차로안,승용,여,33세,상해없음,보행자,남,58세,경상
2012032100100207,2012년 3월 21일 11시,수요일,강원도 동해시 망상동,중상사고,0,4,0,0,차량단독 - 도로외이탈 - 추락,안전운전불이행,건조,맑음,단일로 - 기타,승용,남,75세,상해없음,,,,
2012032100100224,2012년 3월 21일 12시,수요일,강원도 태백시 철암동,경상사고,0,0,1,0,차대사람 - 길가장자리구역통행중,안전운전불이행,건조,맑음,단일로 - 기타,승용,남,45세,상해없음,보행자,여,66세,경상
2012032100100252,2012년 3월 21일 13시,수요일,강원도 춘천시 중앙로1가,부상신고사고,0,0,0,1,차대사람 - 횡단중,보행자보호의무위반,건조,맑음,단일로 - 횡단보도상,승용,여,40세,상해없음,보행자,여,77세,부상신고
2012032100100253,2012년 3월 21일 13시,수요일,강원도 강릉시 입암동,중상사고,0,1,0,0,차대차 - 측면직각충돌,안전운전불이행,건조,맑음,교차로 - 교차로안,승용,남,40세,상해없음,이륜,남,49세,중상
2012032100100254,2012년 3월 21일 13시,수요일,강원도 원주시 무실동,중상사고,0,1,0,0,차대차 - 추돌 - 진행중,안전거리미확보,건조,맑음,교차로 - 교차로안,승용,남,50세,상해없음,승용,여,51세,중상
2012032100100305,2012년 3월 21일 15시,수요일,강원도 인제군 기린면,경상사고,0,0,1,1,차대사람 - 차도통행중,안전운전불이행,건조,맑음,단일로 - 기타,화물,남,55세,상해없음,보행자,남,37세,경상
2012032100100325,2012년 3월 21일 16시,수요일,강원도 정선군 정선읍,중상사고,0,2,0,1,차대차 - 기타,불법유턴,건조,맑음,단일로 - 기타,화물,남,70세,상해없음,승용,남,70세,중상
2012032100100354,2012년 3월 21일 17시,수요일,강원도 횡성군 서원면,사망사고,1,0,0,0,차량단독 - 도로외이탈 - 기타,안전운전불이행,건조,맑음,단일로 - 기타,원동기,남,54세,사망,,,,
2012032100100355,2012년 3월 21일 17시,수요일,강원도 동해시 대진동,중상사고,0,1,0,0,차대사람 - 횡단중,안전운전불이행,건조,맑음,단일로 - 기타,화물,남,44세,상해없음,보행자,남,8세,중상
2012032100100397,2012년 3월 21일 18시,수요일,강원도 원주시 우산동,경상사고,0,0,3,0,차대차 - 측면직각충돌,직진우회전진행방해,건조,맑음,교차로 - 교차로안,승용,여,43세,경상,승용,남,53세,경상
2012032100100424,2012년 3월 21일 19시,수요일,강원도 속초시 교동,경상사고,0,0,1,0,차대차 - 측면직각충돌,안전거리미확보,건조,맑음,단일로 - 기타,승용,여,36세,상해없음,화물,남,41세,경상
2012032100100425,2012년 3월 21일 19시,수요일,강원도 인제군 북면,중상사고,0,2,2,0,차대차 - 추돌 - 진행중,안전운전불이행,건조,맑음,교차로 - 교차로부근,승용,남,65세,상해없음,승용,남,36세,중상
2012032100100459,2012년 3월 21일 20시,수요일,강원도 춘천시 퇴계동,경상사고,0,0,2,0,차대차 - 측면직각충돌,중앙선침범,건조,맑음,교차로 - 교차로부근,화물,남,53세,상해없음,승용,남,45세,경상
2012032100100522,2012년 3월 21일 22시,수요일,강원도 원주시 소초면,경상사고,0,0,4,0,차대차 - 정면충돌,중앙선침범,건조,맑음,단일로 - 기타,승용,남,27세,상해없음,승용,남,36세,경상
2012032200100014,2012년 3월 22일 00시,목요일,강원도 원주시 단구동,경상사고,0,0,1,0,차대차 - 정면충돌,중앙선침범,건조,맑음,단일로 - 기타,승용,남,35세,상해없음,이륜,남,29세,경상
2012032200100015,2012년 3월 22일 00시,목요일,강원도 원주시 단구동,경상사고,0,0,1,0,차대차 - 추돌 - 주정차중,안전거리미확보,건조,흐림,교차로 - 교차로안,승용,남,35세,상해없음,승용,남,55세,경상
2012032200100016,2012년 3월 22일 00시,목요일,강원도 삼척시 원덕읍,중상사고,0,1,1,0,차량단독 - 공작물충돌,안전운전불이행,건조,맑음,교차로 - 교차로안,승용,남,57세,중상,,,,
2012032200100063,2012년 3월 22일 05시,목요일,강원도 강릉시 교동,사망사고,1,0,0,0,차대사람 - 횡단중,보행자보호의무위반,건조,맑음,단일로 - 횡단보도상,화물,남,30세,상해없음,보행자,여,64세,사망
2012032200100111,2012년 3월 22일 08시,목요일,강원도 원주시 단계동,중상사고,0,1,2,0,차대차 - 기타,차로위반,건조,맑음,교차로 - 교차로안,승용,남,44세,경상,화물,여,28세,중상
2012032200100112,2012년 3월 22일 08시,목요일,강원도 홍천군 홍천읍,경상사고,0,0,4,0,차대차 - 기타,안전운전불이행,건조,맑음,교차로 - 교차로안,승용,여,42세,상해없음,승합,여,32세,경상
2012032200100165,2012년 3월 22일 10시,목요일,강원도 원주시 반곡동,중상사고,0,1,0,0,차대사람 - 길가장자리구역통행중,안전운전불이행,건조,기타,기타 - 기타,승용,남,74세,상해없음,보행자,여,46세,중상
2012032200100202,2012년 3월 22일 12시,목요일,강원도 철원군 김화읍,사망사고,1,1,0,0,차대차 - 측면직각충돌,차로위반,건조,맑음,단일로 - 기타,화물,남,48세,상해없음,승용,여,67세,사망
2012032200100218,2012년 3월 22일 13시,목요일,강원도 강릉시 포남동,경상사고,0,0,1,0,차대차 - 측면직각충돌,안전운전불이행,건조,맑음,교차로 - 교차로안,이륜,남,39세,기타불명,화물,남,39세,경상
2012032200100251,2012년 3월 22일 14시,목요일,강원도 횡성군 우천면,중상사고,0,2,1,0,차량단독 - 기타,안전운전불이행,건조,맑음,단일로 - 기타,승용,남,38세,상해없음,,,,
2012032200100340,2012년 3월 22일 17시,목요일,강원도 속초시 교동,중상사고,0,1,0,0,차대차 - 측면직각충돌,교차로운행방법위반,건조,맑음,교차로 - 교차로안,승용,여,24세,상해없음,승용,여,53세,중상
2012032200100379,2012년 3월 22일 18시,목요일,강원도 춘천시 후평동,경상사고,0,0,1,0,차대차 - 측면직각충돌,교차로운행방법위반,건조,맑음,교차로 - 교차로부근,승용,여,47세,상해없음,승용,여,45세,경상
2012032200100449,2012년 3월 22일 20시,목요일,강원도 춘천시 조양동,경상사고,0,0,9,2,차대차 - 추돌 - 진행중,안전거리미확보,건조,맑음,단일로 - 기타,승용,여,55세,상해없음,승합,여,44세,경상
2012032200100498,2012년 3월 22일 21시,목요일,강원도 강릉시 내곡동,경상사고,0,0,1,0,차대차 - 측면직각충돌,안전운전불이행,건조,맑음,단일로 - 기타,승용,남,24세,상해없음,원동기,남,32세,경상
2012032200100542,2012년 3월 22일 22시,목요일,강원도 춘천시 석사동,중상사고,0,1,2,0,차대차 - 측면직각충돌,신호위반,건조,맑음,교차로 - 교차로안,승합,남,60세,상해없음,승용,남,64세,경상
2012032200100591,2012년 3월 22일 23시,목요일,강원도 원주시 태장동,부상신고사고,0,0,0,1,차대사람 - 길가장자리구역통행중,안전운전불이행,습기,비,교차로 - 교차로부근,승용,남,39세,상해없음,보행자,남,45세,부상신고
2012032300100013,2012년 3월 23일 00시,금요일,강원도 강릉시 교동,경상사고,0,0,2,0,차대차 - 정면충돌,신호위반,건조,맑음,교차로 - 교차로안,승용,남,29세,상해없음,승용,남,47세,경상
2012032300100014,2012년 3월 23일 00시,금요일,강원도 원주시 태장동,경상사고,0,0,1,0,차대차 - 추돌 - 주정차중,안전운전불이행,건조,맑음,교차로 - 교차로부근,승용,여,52세,상해없음,승용,남,29세,경상
2012032300100129,2012년 3월 23일 07시,금요일,강원도 춘천시 옥천동,경상사고,0,0,1,0,차대사람 - 길가장자리구역통행중,안전운전불이행,습기,비,단일로 - 기타,승용,여,51세,기타불명,보행자,여,13세,경상
2012032300100130,2012년 3월 23일 07시,금요일,강원도 평창군 대관령면,경상사고,0,0,1,0,차대차 - 측면직각충돌,안전운전불이행,적설,눈,교차로 - 교차로안,승용,남,58세,상해없음,화물,남,41세,경상
2012032300100216,2012년 3월 23일 10시,금요일,강원도 춘천시 효자동,경상사고,0,0,1,0,차대차 - 측면직각충돌,안전운전불이행,습기,비,단일로 - 기타,승용,여,38세,상해없음,원동기,남,48세,경상
2012032300100217,2012년 3월 23일 10시,금요일,강원도 강릉시 왕산면,중상사고,0,2,2,0,차대차 - 정면충돌,안전운전불이행,적설,눈,단일로 - 기타,승용,남,52세,중상,승합,남,53세,경상
2012032300100218,2012년 3월 23일 10시,금요일,강원도 고성군 토성면,중상사고,0,1,0,0,차량단독 - 기타,안전운전불이행,적설,눈,단일로 - 터널,승용,남,33세,상해없음,,,,
2012032300100219,2012년 3월 23일 10시,금요일,강원도 동해시 이도동,경상사고,0,0,1,0,차대차 - 측면직각충돌,안전거리미확보,습기,비,교차로 - 교차로부근,화물,남,66세,상해없음,승용,남,41세,경상
2012032300100287,2012년 3월 23일 12시,금요일,강원도 원주시 판부면,중상사고,0,1,1,0,차량단독 - 공작물충돌,안전운전불이행,습기,비,단일로 - 교량,승용,남,49세,상해없음,,,,
2012032300100321,2012년 3월 23일 13시,금요일,강원도 원주시 단계동,중상사고,0,1,0,0,차대사람 - 횡단중,안전운전불이행,건조,맑음,단일로 - 횡단보도상,승용,남,54세,상해없음,보행자,여,79세,중상
2012032300100352,2012년 3월 23일 14시,금요일,강원도 원주시 명륜동,경상사고,0,0,2,0,차대차 - 측면직각충돌,직진우회전진행방해,습기,흐림,교차로 - 교차로안,승용,남,34세,경상,승용,여,34세,경상
2012032300100383,2012년 3월 23일 15시,금요일,강원도 춘천시 근화동,경상사고,0,0,3,0,차대차 - 측면직각충돌,안전운전불이행,습기,비,단일로 - 기타,승용,남,76세,상해없음,승용,여,43세,경상
2012032300100384,2012년 3월 23일 15시,금요일,강원도 원주시 단계동,경상사고,0,0,1,0,차대차 - 추돌 - 주정차중,안전운전불이행,건조,맑음,교차로 - 교차로부근,승용,남,54세,상해없음,승용,남,44세,경상
2012032300100416,2012년 3월 23일 16시,금요일,강원도 춘천시 서면,중상사고,0,1,0,0,차대차 - 측면직각충돌,중앙선침범,건조,맑음,단일로 - 기타,화물,남,27세,상해없음,화물,남,52세,중상
2012032300100417,2012년 3월 23일 16시,금요일,강원도 강릉시 내곡동,경상사고,0,0,3,0,차대차 - 측면직각충돌,안전운전불이행,건조,맑음,교차로 - 교차로부근,승용,남,48세,상해없음,승용,남,43세,경상
2012032300100418,2012년 3월 23일 16시,금요일,강원도 원주시 명륜동,경상사고,0,0,1,0,차대차 - 추돌 - 주정차중,안전운전불이행,습기,비,단일로 - 기타,승용,남,27세,상해없음,승용,남,60세,경상
2012032300100443,2012년 3월 23일 17시,금요일,강원도 원주시 단구동,경상사고,0,0,3,0,차대차 - 측면직각충돌,교차로운행방법위반,습기,비,교차로 - 교차로안,승합,남,50세,상해없음,승용,여,65세,경상
2012032300100479,2012년 3월 23일 18시,금요일,강원도 춘천시 남산면,중상사고,0,2,1,0,차대차 - 측면직각충돌,중앙선침범,습기,비,교차로 - 교차로부근,승용,여,43세,상해없음,승용,여,31세,중상
2012032300100480,2012년 3월 23일 18시,금요일,강원도 강릉시 왕산면,경상사고,0,0,3,0,차대차 - 측면직각충돌,중앙선침범,적설,눈,단일로 - 기타,승용,남,58세,상해없음,승용,남,39세,경상
2012032300100481,2012년 3월 23일 18시,금요일,강원도 동해시 천곡동,중상사고,0,1,0,0,차대차 - 측면직각충돌,직진우회전진행방해,습기,비,교차로 - 교차로안,승용,여,28세,상해없음,이륜,남,61세,중상
2012032300100548,2012년 3월 23일 19시,금요일,강원도 홍천군 홍천읍,중상사고,0,1,0,0,차대차 - 기타,교차로운행방법위반,습기,비,교차로 - 교차로안,승용,여,42세,상해없음,이륜,남,60세,중상
2012032300100620,2012년 3월 23일 20시,금요일,강원도 원주시 명륜동,사망사고,1,0,0,0,차대사람 - 횡단중,보행자보호의무위반,습기,비,교차로 - 교차로부근,승용,남,40세,상해없음,보행자,여,60세,사망
2012032300100621,2012년 3월 23일 20시,금요일,강원도 원주시 무실동,경상사고,0,0,3,0,차대차 - 측면직각충돌,안전거리미확보,습기,비,단일로 - 기타,승용,남,36세,상해없음,승용,남,42세,경상
2012032300100622,2012년 3월 23일 20시,금요일,강원도 영월군 영월읍,경상사고,0,0,1,0,차대차 - 측면직각충돌,안전운전불이행,습기,비,단일로 - 기타,승용,남,53세,상해없음,승용,남,52세,상해없음
2012032300100623,2012년 3월 23일 20시,금요일,강원도 인제군 북면,중상사고,0,1,4,0,차대차 - 추돌 - 주정차중,안전운전불이행,결빙,눈,단일로 - 기타,승용,남,41세,상해없음,승용,남,50세,경상
2012032300100624,2012년 3월 23일 20시,금요일,강원도 철원군 동송읍,중상사고,0,1,0,0,차대사람 - 횡단중,안전운전불이행,습기,눈,단일로 - 기타,이륜,남,32세,상해없음,보행자,남,66세,중상
2012032300100625,2012년 3월 23일 20시,금요일,강원도 동해시 천곡동,경상사고,0,0,1,0,차대차 - 측면직각충돌,안전운전불이행,습기,비,단일로 - 기타,화물,남,52세,상해없음,승용,남,44세,경상
2012032300100683,2012년 3월 23일 21시,금요일,강원도 강릉시 옥천동,경상사고,0,0,1,0,차대사람 - 횡단중,안전운전불이행,습기,비,교차로 - 교차로부근,승합,남,59세,상해없음,보행자,남,40세,경상
2012032300100684,2012년 3월 23일 21시,금요일,강원도 원주시 봉산동,중상사고,0,1,0,0,차대사람 - 길가장자리구역통행중,안전운전불이행,습기,비,교차로 - 교차로부근,화물,남,41세,상해없음,보행자,남,28세,중상
2012032300100685,2012년 3월 23일 21시,금요일,강원도 속초시 교동,경상사고,0,0,1,0,차대차 - 측면직각충돌,교차로운행방법위반,습기,눈,교차로 - 교차로안,원동기,남,17세,상해없음,승용,여,31세,상해없음
2012032300100770,2012년 3월 23일 22시,금요일,강원도 춘천시 퇴계동,경상사고,0,0,1,0,차대사람 - 횡단중,신호위반,습기,비,단일로 - 횡단보도상,이륜,남,18세,상해없음,보행자,여,17세,경상
2012032300100771,2012년 3월 23일 22시,금요일,강원도 춘천시 퇴계동,경상사고,0,0,1,0,차대차 - 추돌 - 진행중,안전거리미확보,습기,비,단일로 - 기타,승용,남,60세,상해없음,승용,여,46세,경상
2012032300100772,2012년 3월 23일 22시,금요일,강원도 원주시 중앙동,중상사고,0,1,2,0,차대차 - 측면직각충돌,신호위반,습기,비,교차로 - 교차로부근,화물,남,36세,상해없음,승용,남,58세,중상
2012032300100773,2012년 3월 23일 22시,금요일,강원도 원주시 흥업면,경상사고,0,0,1,0,차량단독 - 공작물충돌,안전운전불이행,습기,흐림,교차로 - 교차로안,승용,남,46세,경상,,,,
2012032300100774,2012년 3월 23일 22시,금요일,강원도 원주시 단계동,경상사고,0,0,1,0,차대차 - 추돌 - 주정차중,기타,습기,비,교차로 - 교차로부근,승용,남,49세,상해없음,승용,남,38세,경상
2012032300100775,2012년 3월 23일 22시,금요일,강원도 속초시 조양동,중상사고,0,1,0,0,차대사람 - 횡단중,안전운전불이행,습기,눈,단일로 - 횡단보도부근,승용,남,66세,상해없음,보행자,여,54세,중상
2012032300100776,2012년 3월 23일 22시,금요일,강원도 홍천군 홍천읍,경상사고,0,0,2,0,차대차 - 측면직각충돌,안전운전불이행,습기,눈,단일로 - 기타,승용,남,44세,상해없음,승용,여,27세,경상
2012032300100825,2012년 3월 23일 23시,금요일,강원도 춘천시 칠전동,경상사고,0,0,1,0,차대차 - 추돌 - 진행중,안전운전불이행,건조,맑음,교차로 - 교차로부근,승용,남,27세,상해없음,승용,여,28세,경상
2012032300100826,2012년 3월 23일 23시,금요일,강원도 춘천시 동산면,중상사고,0,1,0,0,차대차 - 정면충돌,중앙선침범,적설,눈,단일로 - 기타,승용,여,50세,상해없음,승용,남,35세,중상
2012032300100827,2012년 3월 23일 23시,금요일,강원도 삼척시 남양동,경상사고,0,0,1,0,차대차 - 측면직각충돌,안전운전불이행,습기,비,교차로 - 교차로안,승용,남,51세,상해없음,승용,여,38세,경상
2012032400100021,2012년 3월 24일 00시,토요일,강원도 춘천시 석사동,중상사고,0,1,0,0,차대사람 - 횡단중,보행자보호의무위반,습기,비,단일로 - 횡단보도상,화물,여,48세,상해없음,보행자,남,27세,중상
2012032400100022,2012년 3월 24일 00시,토요일,강원도 태백시 문곡동,경상사고,0,0,1,0,차대차 - 추돌 - 주정차중,안전운전불이행,적설,눈,단일로 - 기타,승용,남,38세,상해없음,승용,남,23세,경상
2012032400100072,2012년 3월 24일 01시,토요일,강원도 강릉시 교동,경상사고,0,0,1,0,차대차 - 측면직각충돌,신호위반,습기,비,교차로 - 교차로안,승용,남,24세,상해없음,승용,남,50세,경상
2012032400100073,2012년 3월 24일 01시,토요일,강원도 원주시 단구동,경상사고,0,0,1,0,차대차 - 측면직각충돌,교차로운행방법위반,습기,비,교차로 - 교차로안,승용,남,48세,상해없음,승용,여,23세,경상
2012032400100197,2012년 3월 24일 06시,토요일,강원도 원주시 단계동,경상사고,0,0,2,0,차대차 - 측면직각충돌,신호위반,습기,비,교차로 - 교차로안,승용,남,35세,상해없음,화물,남,50세,경상
2012032400100242,2012년 3월 24일 08시,토요일,강원도 춘천시 동산면,중상사고,0,2,0,0,차대차 - 기타,안전운전불이행,결빙,눈,단일로 - 기타,화물,남,58세,상해없음,승용,남,54세,중상
2012032400100284,2012년 3월 24일 10시,토요일,강원도 영월군 남면,중상사고,0,1,0,0,차대차 - 측면직각충돌,교차로운행방법위반,습기,비,교차로 - 교차로안,승합,남,44세,상해없음,승용,여,51세,중상
2012032400100310,2012년 3월 24일 11시,토요일,강원도 양양군 강현면,중상사고,0,1,0,0,차대차 - 측면직각충돌,안전운전불이행,건조,맑음,교차로 - 교차로안,화물,남,42세,상해없음,자전거,여,62세,중상
2012032400100376,2012년 3월 24일 13시,토요일,강원도 강릉시 포남동,경상사고,0,0,1,0,차대사람 - 횡단중,안전운전불이행,건조,맑음,단일로 - 기타,승용,남,54세,상해없음,보행자,여,9세,경상
2012032400100377,2012년 3월 24일 13시,토요일,강원도 원주시 태장동,중상사고,0,1,0,0,차대사람 - 횡단중,중앙선침범,건조,맑음,교차로 - 교차로안,승용,여,30세,상해없음,보행자,남,77세,중상
2012032400100421,2012년 3월 24일 14시,토요일,강원도 원주시 개운동,경상사고,0,0,1,0,차대차 - 추돌 - 진행중,안전운전불이행,건조,맑음,단일로 - 기타,이륜,남,29세,상해없음,이륜,남,36세,경상
2012032400100460,2012년 3월 24일 15시,토요일,강원도 춘천시 온의동,경상사고,0,0,1,0,차대차 - 추돌 - 진행중,안전운전불이행,건조,맑음,단일로 - 기타,특수,남,55세,상해없음,승용,남,20세,경상
2012032400100461,2012년 3월 24일 15시,토요일,강원도 원주시 단계동,경상사고,0,0,1,0,차대차 - 추돌 - 주정차중,안전운전불이행,건조,맑음,교차로 - 교차로부근,화물,남,71세,상해없음,승용,남,54세,경상
2012032400100462,2012년 3월 24일 15시,토요일,강원도 홍천군 홍천읍,경상사고,0,0,1,0,차대사람 - 횡단중,보행자보호의무위반,건조,맑음,교차로 - 교차로부근,승합,남,37세,상해없음,보행자,남,8세,경상
2012032400100502,2012년 3월 24일 16시,토요일,강원도 화천군 화천읍,중상사고,0,1,0,0,차대차 - 측면직각충돌,안전운전불이행,건조,맑음,교차로 - 교차로부근,승용,남,36세,상해없음,화물,여,55세,중상
2012032400100582,2012년 3월 24일 18시,토요일,강원도 춘천시 석사동,중상사고,0,1,0,0,차대차 - 추돌 - 진행중,안전운전불이행,건조,맑음,교차로 - 교차로안,승용,남,28세,상해없음,승용,여,50세,중상
2012032400100583,2012년 3월 24일 18시,토요일,강원도 강릉시 내곡동,경상사고,0,0,1,0,차대사람 - 횡단중,보행자보호의무위반,건조,맑음,단일로 - 횡단보도상,승용,남,53세,상해없음,보행자,남,56세,경상
2012032400100624,2012년 3월 24일 19시,토요일,강원도 원주시 단구동,경상사고,0,0,7,0,차대차 - 추돌 - 주정차중,안전운전불이행,건조,맑음,교차로 - 교차로부근,승용,남,27세,상해없음,승용,여,42세,경상
2012032400100658,2012년 3월 24일 20시,토요일,강원도 원주시 행구동,경상사고,0,0,1,0,차대차 - 추돌 - 주정차중,안전거리미확보,건조,맑음,단일로 - 기타,승용,남,19세,상해없음,승용,남,67세,경상