사고번호,사고일시,요일,시군구,사고내용,사망자수,중상자수,경상자수,부상신고자수,사고유형,법규위반,노면상태,기상상태,도로형태,가해운전자 차종,가해운전자 성별,가해운전자 연령,가해운전자 상해정도,피해운전자 차종,피해운전자 성별,피해운전자 연령,피해운전자 상해정도
2012033100100020,2012년 3월 31일 00시,토요일,강원도 원주시 단계동,경상사고,0,0,2,0,차대차 - 추돌 - 진행중,안전운전불이행,건조,맑음,단일로 - 기타,승용,남,30세,상해없음,승용,남,49세,경상
2012033100100051,2012년 3월 31일 01시,토요일,강원도 홍천군 홍천읍,중상사고,0,1,0,0,차대사람 - 차도통행중,안전운전불이행,건조,맑음,기타 - 기타,승용,남,51세,상해없음,보행자,남,50세,중상
2012033100100088,2012년 3월 31일 03시,토요일,강원도 원주시 태장동,중상사고,0,1,1,0,차대차 - 기타,차로위반,건조,맑음,단일로 - 기타,기타불명,기타불명,기타불명,기타불명,승용,남,51세,상해없음
2012033100100089,2012년 3월 31일 03시,토요일,강원도 속초시 교동,중상사고,0,1,1,0,차대차 - 추돌 - 주정차중,안전운전불이행,건조,맑음,교차로 - 교차로안,승용,남,27세,상해없음,승용,남,29세,경상
2012033100100109,2012년 3월 31일 04시,토요일,강원도 원주시 명륜동,경상사고,0,0,1,0,차대사람 - 기타,안전운전불이행,건조,맑음,단일로 - 기타,기타불명,기타불명,기타불명,기타불명,보행자,여,26세,경상
2012033100100110,2012년 3월 31일 04시,토요일,강원도 삼척시 도계읍,경상사고,0,0,1,0,차대차 - 측면직각충돌,안전운전불이행,건조,맑음,교차로 - 교차로안,화물,남,41세,상해없음,승합,남,70세,경상
2012033100100124,2012년 3월 31일 05시,토요일,강원도 원주시 단구동,경상사고,0,0,1,0,차대차 - 추돌 - 주정차중,안전운전불이행,건조,맑음,교차로 - 교차로부근,승용,남,28세,상해없음,화물,남,45세,경상
2012033100100136,2012년 3월 31일 06시,토요일,강원도 삼척시 도계읍,경상사고,0,0,1,0,차대차 - 측면직각충돌,중앙선침범,건조,맑음,단일로 - 기타,승용,남,54세,상해없음,승용,남,56세,상해없음
2012033100100185,2012년 3월 31일 09시,토요일,강원도 강릉시 주문진읍,경상사고,0,0,1,0,차대차 - 측면직각충돌,안전운전불이행,건조,맑음,단일로 - 기타,승용,남,68세,상해없음,승용,여,56세,경상
2012033100100210,2012년 3월 31일 10시,토요일,강원도 강릉시 사천면,경상사고,0,0,2,0,차대차 - 측면직각충돌,안전운전불이행,건조,맑음,교차로 - 교차로안,승용,여,35세,상해없음,승합,남,43세,경상
2012033100100233,2012년 3월 31일 11시,토요일,강원도 속초시 중앙동,경상사고,0,0,1,0,차대차 - 측면직각충돌,안전운전불이행,건조,맑음,단일로 - 기타,승용,여,55세,상해없음,원동기,남,60세,경상
2012033100100256,2012년 3월 31일 12시,토요일,강원도 춘천시 후평동,중상사고,0,2,1,0,차대차 - 측면직각충돌,중앙선침범,건조,맑음,단일로 - 기타,승용,남,53세,상해없음,승합,남,23세,중상
2012033100100257,2012년 3월 31일 12시,토요일,강원도 삼척시 남양동,경상사고,0,0,2,0,차대차 - 측면직각충돌,안전운전불이행,건조,맑음,교차로 - 교차로부근,승용,남,50세,상해없음,승용,남,27세,경상
2012033100100362,2012년 3월 31일 15시,토요일,강원도 춘천시 후평동,경상사고,0,0,1,0,차대차 - 측면직각충돌,교차로운행방법위반,건조,맑음,교차로 - 교차로안,원동기,남,21세,상해없음,승용,여,34세,경상
2012033100100363,2012년 3월 31일 15시,토요일,강원도 고성군 거진읍,중상사고,0,1,1,0,차대차 - 기타,안전운전불이행,건조,맑음,단일로 - 기타,승용,남,65세,상해없음,승용,남,29세,경상
2012033100100436,2012년 3월 31일 17시,토요일,강원도 화천군 사내면,중상사고,0,1,1,0,차대차 - 정면충돌,중앙선침범,습기,눈,단일로 - 기타,승용,여,33세,상해없음,승용,여,29세,중상
2012033100100492,2012년 3월 31일 19시,토요일,강원도 원주시 문막읍,경상사고,0,0,1,0,차대차 - 추돌 - 주정차중,안전운전불이행,건조,흐림,기타 - 기타,승용,남,42세,상해없음,승용,여,47세,경상
2012033100100535,2012년 3월 31일 20시,토요일,강원도 강릉시 주문진읍,경상사고,0,0,2,0,차량단독 - 도로외이탈 - 추락,안전운전불이행,건조,흐림,교차로 - 교차로부근,승용,남,24세,상해없음,,,,
2012033100100610,2012년 3월 31일 22시,토요일,강원도 평창군 대관령면,경상사고,0,0,2,0,차량단독 - 공작물충돌,안전운전불이행,건조,흐림,단일로 - 기타,승용,남,27세,경상,,,,
2012040100100019,2012년 4월 1일 00시,일요일,강원도 춘천시 석사동,경상사고,0,0,1,0,차대차 - 측면직각충돌,안전운전불이행,건조,맑음,단일로 - 기타,승합,남,36세,상해없음,승용,여,53세,경상
2012040100100093,2012년 4월 1일 03시,일요일,강원도 원주시 무실동,중상사고,0,1,1,0,차대차 - 측면직각충돌,직진우회전진행방해,건조,맑음,교차로 - 교차로안,승용,남,29세,중상,승용,남,34세,경상
2012040100100094,2012년 4월 1일 03시,일요일,강원도 삼척시 남양동,경상사고,0,0,1,0,차대차 - 기타,안전운전불이행,건조,맑음,교차로 - 교차로안,승용,남,19세,상해없음,자전거,남,51세,경상
2012040100100095,2012년 4월 1일 03시,일요일,강원도 동해시 망상동,중상사고,0,5,0,0,차량단독 - 공작물충돌,안전운전불이행,건조,맑음,단일로 - 기타,승용,남,17세,중상,,,,
2012040100100109,2012년 4월 1일 04시,일요일,강원도 원주시 지정면,중상사고,0,1,1,0,차대차 - 추돌 - 진행중,안전거리미확보,건조,맑음,단일로 - 기타,승용,남,31세,상해없음,승용,남,45세,경상
2012040100100139,2012년 4월 1일 07시,일요일,강원도 춘천시 석사동,중상사고,0,1,0,0,차대차 - 측면직각충돌,중앙선침범,건조,맑음,단일로 - 기타,승용,남,75세,상해없음,승용,남,24세,중상
2012040100100155,2012년 4월 1일 08시,일요일,강원도 춘천시 신북읍,경상사고,0,0,1,0,차대사람 - 차도통행중,안전운전불이행,건조,맑음,단일로 - 기타,기타불명,기타불명,기타불명,기타불명,보행자,여,71세,경상
2012040100100156,2012년 4월 1일 08시,일요일,강원도 강릉시 교동,경상사고,0,0,1,0,차대차 - 측면직각충돌,안전운전불이행,건조,맑음,단일로 - 기타,화물,남,70세,상해없음,승용,남,51세,상해없음
2012040100100157,2012년 4월 1일 08시,일요일,강원도 삼척시 당저동,경상사고,0,0,1,0,차대차 - 측면직각충돌,교차로운행방법위반,건조,맑음,교차로 - 교차로안,화물,남,43세,상해없음,승용,여,56세,경상
2012040100100173,2012년 4월 1일 09시,일요일,강원도 홍천군 홍천읍,경상사고,0,0,1,0,차대차 - 기타,안전운전불이행,건조,맑음,단일로 - 기타,화물,남,42세,상해없음,화물,남,36세,경상
2012040100100192,2012년 4월 1일 10시,일요일,강원도 원주시 태장동,경상사고,0,0,2,0,차대차 - 추돌 - 진행중,안전거리미확보,건조,맑음,단일로 - 기타,승용,남,22세,상해없음,승용,여,29세,경상
2012040100100235,2012년 4월 1일 12시,일요일,강원도 춘천시 동면,경상사고,0,0,1,0,차대차 - 측면직각충돌,교차로운행방법위반,건조,맑음,교차로 - 교차로안,승용,여,39세,상해없음,원동기,남,72세,경상
2012040100100236,2012년 4월 1일 12시,일요일,강원도 강릉시 내곡동,중상사고,0,1,1,0,차대사람 - 횡단중,보행자보호의무위반,건조,맑음,단일로 - 횡단보도상,승용,남,40세,상해없음,보행자,여,35세,중상
2012040100100261,2012년 4월 1일 13시,일요일,강원도 원주시 인동,경상사고,0,0,1,0,차대차 - 추돌 - 진행중,차로위반,건조,맑음,단일로 - 기타,승용,여,55세,상해없음,화물,남,51세,경상
2012040100100262,2012년 4월 1일 13시,일요일,강원도 원주시 단구동,경상사고,0,0,1,0,차대차 - 기타,안전거리미확보,건조,맑음,단일로 - 기타,승용,남,51세,상해없음,이륜,남,40세,경상
2012040100100263,2012년 4월 1일 13시,일요일,강원도 홍천군 홍천읍,경상사고,0,0,1,0,차대사람 - 차도통행중,안전운전불이행,건조,맑음,단일로 - 기타,승용,남,36세,상해없음,보행자,남,37세,경상
2012040100100285,2012년 4월 1일 14시,일요일,강원도 원주시 지정면,중상사고,0,1,0,0,차대사람 - 횡단중,안전운전불이행,건조,흐림,미분류 - 미분류,승용,남,54세,상해없음,보행자,남,24세,중상
2012040100100343,2012년 4월 1일 16시,일요일,강원도 강릉시 연곡면,경상사고,0,0,2,0,차대차 - 정면충돌,중앙선침범,건조,맑음,교차로 - 교차로부근,화물,남,58세,상해없음,승합,남,68세,상해없음
2012040100100511,2012년 4월 1일 21시,일요일,강원도 춘천시 온의동,경상사고,0,0,2,0,차대차 - 추돌 - 진행중,안전운전불이행,건조,맑음,교차로 - 교차로부근,승용,남,49세,상해없음,승용,남,54세,경상
2012040100100533,2012년 4월 1일 22시,일요일,강원도 속초시 노학동,중상사고,0,1,0,0,차대사람 - 길가장자리구역통행중,안전운전불이행,건조,맑음,교차로 - 교차로안,승용,남,45세,상해없음,보행자,여,18세,중상
2012040100100554,2012년 4월 1일 23시,일요일,강원도 원주시 무실동,중상사고,0,1,0,0,차대차 - 측면직각충돌,안전운전불이행,건조,맑음,교차로 - 교차로안,승용,남,27세,상해없음,승용,남,56세,중상
2012040100100555,2012년 4월 1일 23시,일요일,강원도 홍천군 내면,사망사고,1,0,0,0,차량단독 - 공작물충돌,안전운전불이행,건조,맑음,교차로 - 교차로안,화물,남,47세,사망,,,,
2012040200100006,2012년 4월 2일 00시,월요일,강원도 춘천시 후평동,경상사고,0,0,1,0,차량단독 - 공작물충돌,안전운전불이행,건조,맑음,단일로 - 기타,승용,남,57세,상해없음,,,,
2012040200100062,2012년 4월 2일 07시,월요일,강원도 춘천시 석사동,경상사고,0,0,1,0,차대차 - 측면직각충돌,교차로운행방법위반,건조,맑음,교차로 - 교차로부근,특수,남,39세,상해없음,승용,여,47세,경상
2012040200100063,2012년 4월 2일 07시,월요일,강원도 춘천시 퇴계동,중상사고,0,2,0,0,차대차 - 측면직각충돌,신호위반,건조,맑음,교차로 - 교차로안,승용,여,44세,상해없음,승용,남,40세,중상
2012040200100064,2012년 4월 2일 07시,월요일,강원도 원주시 단계동,경상사고,0,0,1,0,차대차 - 측면직각충돌,안전운전불이행,건조,맑음,교차로 - 교차로안,승용,남,57세,상해없음,이륜,남,38세,경상
2012040200100101,2012년 4월 2일 08시,월요일,강원도 원주시 무실동,사망사고,1,0,0,0,차대사람 - 횡단중,안전운전불이행,건조,흐림,교차로 - 교차로안,승용,여,33세,상해없음,보행자,남,80세,사망
2012040200100102,2012년 4월 2일 08시,월요일,강원도 홍천군 홍천읍,경상사고,0,0,1,0,차대차 - 추돌 - 진행중,안전운전불이행,건조,맑음,단일로 - 교량,화물,남,48세,상해없음,건설기계,남,28세,경상
2012040200100158,2012년 4월 2일 10시,월요일,강원도 동해시 천곡동,중상사고,0,2,0,0,차대차 - 측면직각충돌,교차로운행방법위반,건조,맑음,교차로 - 교차로안,승용,여,47세,상해없음,원동기,남,72세,중상
2012040200100185,2012년 4월 2일 11시,월요일,강원도 춘천시 소양로1가,경상사고,0,0,2,0,차대차 - 기타,안전운전불이행,건조,맑음,단일로 - 기타,승용,남,54세,상해없음,승용,남,38세,경상
2012040200100263,2012년 4월 2일 14시,월요일,강원도 원주시 흥업면,중상사고,0,1,1,0,차대차 - 추돌 - 주정차중,안전거리미확보,건조,맑음,교차로 - 교차로부근,승용,남,40세,상해없음,승용,여,56세,경상
2012040200100264,2012년 4월 2일 14시,월요일,강원도 원주시 무실동,중상사고,0,1,0,0,차대사람 - 횡단중,보행자보호의무위반,건조,맑음,단일로 - 기타,승용,남,52세,상해없음,보행자,남,67세,중상
2012040200100328,2012년 4월 2일 16시,월요일,강원도 강릉시 교동,경상사고,0,0,1,0,차대사람 - 차도통행중,안전운전불이행,건조,맑음,단일로 - 기타,승용,남,42세,상해없음,보행자,남,90세 이상,경상
2012040200100329,2012년 4월 2일 16시,월요일,강원도 원주시 문막읍,경상사고,0,0,2,0,차대차 - 추돌 - 진행중,안전거리미확보,건조,맑음,교차로 - 교차로부근,화물,남,49세,상해없음,승용,남,57세,경상
2012040200100403,2012년 4월 2일 18시,월요일,강원도 홍천군 홍천읍,경상사고,0,0,1,0,차대차 - 측면직각충돌,안전운전불이행,습기,비,교차로 - 교차로안,승용,남,60세,상해없음,화물,남,32세,경상
2012040200100463,2012년 4월 2일 19시,월요일,강원도 춘천시 중앙로1가,경상사고,0,0,1,0,차대차 - 추돌 - 진행중,안전운전불이행,건조,맑음,교차로 - 교차로부근,승용,여,53세,상해없음,승용,여,46세,경상
2012040200100464,2012년 4월 2일 19시,월요일,강원도 강릉시 교동,경상사고,0,0,2,0,차대차 - 추돌 - 진행중,안전운전불이행,습기,비,교차로 - 교차로부근,승용,남,50세,상해없음,승용,남,53세,상해없음
2012040200100518,2012년 4월 2일 20시,월요일,강원도 원주시 명륜동,경상사고,0,0,2,0,차대차 - 측면직각충돌,안전운전불이행,습기,비,단일로 - 기타,승용,남,70세,상해없음,승용,남,47세,경상
2012040200100519,2012년 4월 2일 20시,월요일,강원도 원주시 판부면,사망사고,1,0,0,0,차대차 - 추돌 - 진행중,안전운전불이행,습기,비,단일로 - 기타,승용,남,45세,상해없음,자전거,남,79세,사망
2012040200100520,2012년 4월 2일 20시,월요일,강원도 평창군 용평면,경상사고,0,0,1,0,차대사람 - 길가장자리구역통행중,안전운전불이행,습기,비,단일로 - 기타,화물,여,40세,상해없음,보행자,남,29세,경상
2012040200100566,2012년 4월 2일 21시,월요일,강원도 춘천시 효자동,중상사고,0,1,5,0,차대차 - 추돌 - 진행중,안전운전불이행,습기,비,교차로 - 교차로부근,승용,남,41세,상해없음,승용,여,44세,경상
2012040200100567,2012년 4월 2일 21시,월요일,강원도 강릉시 사천면,중상사고,0,1,0,0,차대차 - 추돌 - 진행중,안전거리미확보,습기,비,단일로 - 기타,화물,남,53세,상해없음,농기계,남,66세,중상
2012040200100620,2012년 4월 2일 22시,월요일,강원도 강릉시 노암동,경상사고,0,0,1,0,차대차 - 측면직각충돌,중앙선침범,습기,비,단일로 - 기타,승용,남,49세,상해없음,승용,남,27세,경상
2012040200100621,2012년 4월 2일 22시,월요일,강원도 원주시 명륜동,중상사고,0,1,0,0,차대사람 - 횡단중,중앙선침범,습기,비,단일로 - 기타,승용,여,30세,상해없음,보행자,남,50세,중상
2012040200100622,2012년 4월 2일 22시,월요일,강원도 원주시 문막읍,중상사고,0,1,0,0,차대차 - 추돌 - 주정차중,안전운전불이행,습기,비,교차로 - 교차로부근,승용,남,44세,상해없음,승용,남,29세,중상
2012040200100623,2012년 4월 2일 22시,월요일,강원도 원주시 문막읍,중상사고,0,1,0,0,차대사람 - 차도통행중,안전운전불이행,습기,비,단일로 - 기타,화물,남,50세,상해없음,보행자,남,53세,중상
2012040200100624,2012년 4월 2일 22시,월요일,강원도 원주시 무실동,중상사고,0,1,0,0,차대차 - 추돌 - 주정차중,안전운전불이행,습기,비,단일로 - 기타,승합,남,55세,중상,화물,남,58세,상해없음
2012040200100690,2012년 4월 2일 23시,월요일,강원도 강릉시 안현동,경상사고,0,0,1,0,차대차 - 측면직각충돌,중앙선침범,습기,비,단일로 - 기타,승용,남,29세,상해없음,승용,여,33세,경상
2012040200100691,2012년 4월 2일 23시,월요일,강원도 원주시 중앙동,중상사고,0,1,1,0,차대차 - 측면직각충돌,직진우회전진행방해,습기,비,교차로 - 교차로안,승용,남,27세,상해없음,승합,남,56세,중상
2012040200100692,2012년 4월 2일 23시,월요일,강원도 원주시 단구동,중상사고,0,1,1,0,차대차 - 측면직각충돌,신호위반,습기,비,교차로 - 교차로안,승용,남,56세,상해없음,승용,남,72세,중상
2012040300100160,2012년 4월 3일 07시,화요일,강원도 평창군 진부면,중상사고,0,1,0,0,차대차 - 추돌 - 진행중,안전운전불이행,결빙,눈,단일로 - 교량,화물,남,46세,상해없음,승용,여,48세,중상
2012040300100205,2012년 4월 3일 08시,화요일,강원도 강릉시 주문진읍,중상사고,0,1,0,0,차대사람 - 길가장자리구역통행중,안전운전불이행,적설,눈,교차로 - 교차로부근,승합,남,43세,상해없음,보행자,여,17세,중상
2012040300100206,2012년 4월 3일 08시,화요일,강원도 원주시 관설동,중상사고,0,2,1,0,차대차 - 추돌 - 진행중,안전운전불이행,건조,맑음,단일로 - 기타,승용,남,24세,상해없음,화물,남,52세,중상
2012040300100207,2012년 4월 3일 08시,화요일,강원도 홍천군 두촌면,경상사고,0,0,2,0,차대차 - 추돌 - 주정차중,안전거리미확보,적설,눈,기타 - 기타,승용,남,72세,상해없음,승용,여,41세,경상
2012040300100208,2012년 4월 3일 08시,화요일,강원도 고성군 간성읍,경상사고,0,0,3,0,차대차 - 추돌 - 진행중,안전운전불이행,적설,눈,단일로 - 기타,승용,여,37세,상해없음,승합,남,34세,경상
2012040300100209,2012년 4월 3일 08시,화요일,강원도 철원군 동송읍,경상사고,0,0,1,0,차대차 - 측면직각충돌,안전운전불이행,결빙,눈,단일로 - 기타,승용,남,36세,상해없음,승용,여,35세,경상
2012040300100271,2012년 4월 3일 10시,화요일,강원도 춘천시 온의동,경상사고,0,0,1,0,차대차 - 기타,교차로운행방법위반,습기,비,교차로 - 교차로안,승용,남,57세,상해없음,승용,남,30세,경상
2012040300100272,2012년 4월 3일 10시,화요일,강원도 속초시 조양동,경상사고,0,0,1,0,차대차 - 측면직각충돌,신호위반,적설,눈,단일로 - 기타,승용,남,27세,상해없음,승용,여,31세,경상
2012040300100273,2012년 4월 3일 10시,화요일,강원도 횡성군 공근면,중상사고,0,1,1,0,차대차 - 측면직각충돌,안전운전불이행,습기,눈,단일로 - 기타,승용,남,39세,상해없음,화물,남,45세,중상
2012040300100302,2012년 4월 3일 11시,화요일,강원도 원주시 개운동,중상사고,0,1,1,0,차대차 - 측면직각충돌,차로위반,습기,비,단일로 - 기타,화물,남,56세,상해없음,화물,남,44세,중상
2012040300100321,2012년 4월 3일 12시,화요일,강원도 원주시 우산동,경상사고,0,0,2,0,차대차 - 기타,안전운전불이행,건조,맑음,교차로 - 교차로안,승용,남,30세,상해없음,승용,남,58세,경상
2012040300100362,2012년 4월 3일 14시,화요일,강원도 춘천시 소양로1가,경상사고,0,0,1,0,차대차 - 추돌 - 주정차중,안전거리미확보,습기,비,단일로 - 횡단보도부근,이륜,남,18세,상해없음,승합,남,31세,경상
2012040300100417,2012년 4월 3일 16시,화요일,강원도 원주시 학성동,경상사고,0,0,2,0,차대차 - 측면직각충돌,교차로운행방법위반,건조,흐림,교차로 - 교차로안,승용,남,29세,경상,이륜,남,24세,경상
2012040300100418,2012년 4월 3일 16시,화요일,강원도 고성군 거진읍,경상사고,0,0,1,0,차대차 - 추돌 - 진행중,안전운전불이행,습기,비,단일로 - 기타,승용,남,72세,상해없음,승용,남,68세,상해없음
2012040300100445,2012년 4월 3일 17시,화요일,강원도 철원군 동송읍,경상사고,0,0,1,0,차대차 - 추돌 - 주정차중,안전거리미확보,건조,맑음,교차로 - 교차로부근,승용,여,53세,상해없음,승합,남,44세,상해없음
2012040300100446,2012년 4월 3일 17시,화요일,강원도 양구군 양구읍,경상사고,0,0,1,0,차대차 - 측면직각충돌,중앙선침범,습기,흐림,단일로 - 기타,화물,남,40세,상해없음,승용,여,44세,경상
2012040300100480,2012년 4월 3일 18시,화요일,강원도 춘천시 효자동,경상사고,0,0,1,0,차대차 - 기타,차로위반,건조,맑음,단일로 - 기타,승용,여,42세,상해없음,승용,남,37세,경상
2012040300100529,2012년 4월 3일 20시,화요일,강원도 춘천시 석사동,경상사고,0,0,1,0,차대차 - 기타,안전운전불이행,건조,맑음,단일로 - 기타,승용,남,40세,상해없음,원동기,남,16세,경상
2012040300100530,2012년 4월 3일 20시,화요일,강원도 강릉시 성내동,경상사고,0,0,2,0,차대차 - 측면직각충돌,안전운전불이행,건조,흐림,교차로 - 교차로안,승용,남,49세,상해없음,승용,남,40세,경상
2012040300100531,2012년 4월 3일 20시,화요일,강원도 강릉시 포남동,경상사고,0,0,1,0,차대사람 - 기타,안전운전불이행,건조,맑음,교차로 - 교차로부근,승용,남,30세,상해없음,보행자,남,41세,경상
2012040300100556,2012년 4월 3일 21시,화요일,강원도 동해시 평릉동,중상사고,0,1,1,0,차대차 - 측면직각충돌,교차로운행방법위반,건조,맑음,교차로 - 교차로안,승용,여,31세,기타불명,승용,남,59세,경상
2012040300100598,2012년 4월 3일 22시,화요일,강원도 원주시 우산동,경상사고,0,0,1,0,차대차 - 기타,안전운전불이행,건조,맑음,교차로 - 교차로부근,승용,남,49세,상해없음,승용,남,45세,경상
2012040300100599,2012년 4월 3일 22시,화요일,강원도 양구군 양구읍,중상사고,0,1,0,0,차대차 - 측면직각충돌,안전운전불이행,습기,흐림,교차로 - 교차로안,승용,남,30세,상해없음,이륜,남,20세,중상
2012040400100014,2012년 4월 4일 00시,수요일,강원도 홍천군 서석면,중상사고,0,3,2,0,차대차 - 기타,안전운전불이행,결빙,흐림,기타 - 기타,승용,남,44세,상해없음,승용,남,56세,상해없음
2012040400100051,2012년 4월 4일 04시,수요일,강원도 강릉시 옥천동,중상사고,0,2,1,0,차량단독 - 전도전복,안전운전불이행,건조,맑음,단일로 - 기타,승용,남,17세,상해없음,,,,
2012040400100116,2012년 4월 4일 08시,수요일,강원도 춘천시 후평동,경상사고,0,0,2,0,차대차 - 추돌 - 주정차중,안전운전불이행,건조,맑음,단일로 - 기타,원동기,남,19세,상해없음,승용,여,47세,경상
2012040400100117,2012년 4월 4일 08시,수요일,강원도 원주시 판부면,경상사고,0,0,1,0,차대차 - 추돌 - 진행중,안전운전불이행,건조,맑음,단일로 - 기타,승용,남,58세,상해없음,승용,여,33세,경상
2012040400100150,2012년 4월 4일 09시,수요일,강원도 평창군 대관령면,중상사고,0,1,1,0,차대차 - 측면직각충돌,중앙선침범,습기,맑음,단일로 - 기타,승용,남,29세,중상,승용,여,42세,경상
2012040400100190,2012년 4월 4일 11시,수요일,강원도 원주시 문막읍,경상사고,0,0,2,0,차대차 - 기타,안전운전불이행,건조,맑음,교차로 - 교차로안,승용,남,68세,경상,승용,남,75세,경상
2012040400100224,2012년 4월 4일 13시,수요일,강원도 철원군 갈말읍,경상사고,0,0,4,0,차대차 - 측면직각충돌,교차로운행방법위반,건조,맑음,교차로 - 교차로안,이륜,남,75세,상해없음,승용,남,40세,경상
2012040400100242,2012년 4월 4일 14시,수요일,강원도 춘천시 효자동,중상사고,0,1,0,0,차대사람 - 길가장자리구역통행중,안전운전불이행,건조,맑음,단일로 - 기타,승용,여,49세,상해없음,보행자,남,31세,중상
2012040400100243,2012년 4월 4일 14시,수요일,강원도 양양군 현남면,중상사고,0,1,0,0,차대차 - 추돌 - 주정차중,안전운전불이행,건조,맑음,단일로 - 기타,화물,남,19세,상해없음,승용,여,30세,중상
2012040400100313,2012년 4월 4일 16시,수요일,강원도 춘천시 신동면,경상사고,0,0,1,0,차대차 - 추돌 - 진행중,안전운전불이행,건조,맑음,단일로 - 기타,승용,남,50세,상해없음,승용,남,55세,경상
2012040400100314,2012년 4월 4일 16시,수요일,강원도 태백시 문곡동,경상사고,0,0,1,0,차대차 - 측면직각충돌,교차로운행방법위반,건조,맑음,교차로 - 교차로안,승용,남,70세,상해없음,화물,남,64세,상해없음
2012040400100383,2012년 4월 4일 18시,수요일,강원도 강릉시 교동,중상사고,0,1,0,0,차대차 - 측면직각충돌,신호위반,건조,맑음,교차로 - 교차로안,승용,여,39세,상해없음,이륜,남,33세,중상
2012040400100413,2012년 4월 4일 19시,수요일,강원도 춘천시 동면,중상사고,0,1,0,0,차대사람 - 횡단중,안전운전불이행,건조,맑음,단일로 - 기타,화물,남,52세,상해없음,보행자,남,29세,중상
2012040400100414,2012년 4월 4일 19시,수요일,강원도 춘천시 효자동,경상사고,0,0,1,0,차량단독 - 공작물충돌,안전운전불이행,건조,맑음,단일로 - 기타,원동기,남,76세,경상,,,,
2012040400100415,2012년 4월 4일 19시,수요일,강원도 속초시 동명동,경상사고,0,0,1,0,차대차 - 측면직각충돌,안전운전불이행,건조,맑음,단일로 - 기타,승용,남,48세,상해없음,승용,여,38세,경상
2012040400100416,2012년 4월 4일 19시,수요일,강원도 태백시 황지동,경상사고,0,0,5,0,차대차 - 정면충돌,직진우회전진행방해,건조,맑음,교차로 - 교차로안,승합,남,40세,상해없음,승용,남,54세,경상
2012040400100448,2012년 4월 4일 20시,수요일,강원도 강릉시 내곡동,경상사고,0,0,1,0,차대차 - 측면직각충돌,신호위반,건조,맑음,교차로 - 교차로안,승용,남,56세,상해없음,원동기,남,18세,경상
2012040400100548,2012년 4월 4일 23시,수요일,강원도 춘천시 석사동,경상사고,0,0,2,0,차대차 - 측면직각충돌,안전운전불이행,건조,맑음,교차로 - 교차로부근,화물,남,65세,상해없음,승용,남,22세,경상
2012040500100037,2012년 4월 5일 01시,목요일,강원도 강릉시 교동,경상사고,0,0,1,0,차대차 - 추돌 - 진행중,안전운전불이행,건조,맑음,교차로 - 교차로부근,승용,남,45세,상해없음,승용,여,31세,경상
2012040500100038,2012년 4월 5일 01시,목요일,강원도 강릉시 포남동,경상사고,0,0,2,0,차대차 - 측면직각충돌,안전운전불이행,건조,맑음,교차로 - 교차로부근,승용,여,51세,상해없음,승용,남,47세,경상
2012040500100069,2012년 4월 5일 03시,목요일,강원도 동해시 천곡동,경상사고,0,0,2,0,차대차 - 측면직각충돌,신호위반,건조,맑음,교차로 - 교차로안,승용,남,29세,상해없음,승용,남,40세,경상
2012040500100094,2012년 4월 5일 06시,목요일,강원도 춘천시 중앙로3가,중상사고,0,1,0,0,차대사람 - 기타,안전운전불이행,건조,맑음,교차로 - 교차로부근,승용,여,50세,상해없음,보행자,여,84세,중상
2012040500100112,2012년 4월 5일 07시,목요일,강원도 원주시 태장동,경상사고,0,0,3,0,차대차 - 추돌 - 진행중,안전거리미확보,건조,맑음,단일로 - 기타,화물,남,54세,상해없음,승용,남,24세,경상
2012040500100215,2012년 4월 5일 11시,목요일,강원도 홍천군 남면,사망사고,1,1,1,0,차대차 - 기타,중앙선침범,건조,맑음,단일로 - 기타,승용,남,76세,상해없음,승용,남,51세,중상
2012040500100244,2012년 4월 5일 12시,목요일,강원도 동해시 부곡동,경상사고,0,0,1,0,차대사람 - 횡단중,안전운전불이행,건조,맑음,단일로 - 기타,승용,남,58세,상해없음,보행자,남,69세,경상
2012040500100364,2012년 4월 5일 16시,목요일,강원도 정선군 고한읍,경상사고,0,0,2,0,차대차 - 측면직각충돌,신호위반,건조,맑음,교차로 - 교차로안,승합,남,39세,상해없음,승용,남,43세,경상
2012040500100435,2012년 4월 5일 18시,목요일,강원도 춘천시 후평동,경상사고,0,0,5,0,차대차 - 측면직각충돌,안전운전불이행,건조,맑음,단일로 - 기타,승용,남,46세,상해없음,승용,남,31세,경상
2012040500100436,2012년 4월 5일 18시,목요일,강원도 홍천군 홍천읍,경상사고,0,0,1,0,차대차 - 측면직각충돌,안전운전불이행,건조,맑음,단일로 - 기타,승용,남,46세,기타불명,자전거,남,13세,경상
2012040500100512,2012년 4월 5일 20시,목요일,강원도 춘천시 후평동,중상사고,0,1,0,0,차대사람 - 횡단중,안전운전불이행,건조,맑음,단일로 - 기타,승용,남,50세,상해없음,보행자,남,50세,중상
2012040500100583,2012년 4월 5일 22시,목요일,강원도 원주시 무실동,경상사고,0,0,1,0,차량단독 - 공작물충돌,안전운전불이행,건조,맑음,단일로 - 기타,승용,여,32세,상해없음,,,,
2012040500100584,2012년 4월 5일 22시,목요일,강원도 속초시 대포동,경상사고,0,0,2,0,차대차 - 추돌 - 진행중,불법유턴,건조,맑음,교차로 - 교차로부근,승용,남,68세,상해없음,승용,여,50세,경상
2012040500100585,2012년 4월 5일 22시,목요일,강원도 평창군 평창읍,중상사고,0,1,0,0,차대사람 - 길가장자리구역통행중,안전운전불이행,건조,맑음,교차로 - 교차로안,승용,남,55세,상해없음,보행자,미분류,12세,중상