사고번호,사고일시,요일,시군구,사고내용,사망자수,중상자수,경상자수,부상신고자수,사고유형,법규위반,노면상태,기상상태,도로형태,가해운전자 차종,가해운전자 성별,가해운전자 연령,가해운전자 상해정도,피해운전자 차종,피해운전자 성별,피해운전자 연령,피해운전자 상해정도
2012041100100105,2012년 4월 11일 02시,수요일,강원도 인제군 북면,경상사고,0,0,1,0,차대차 - 측면직각충돌,안전운전불이행,습기,비,교차로 - 교차로안,승용,여,33세,상해없음,승용,남,27세,경상
2012041100100165,2012년 4월 11일 05시,수요일,강원도 춘천시 사북면,경상사고,0,0,1,0,차량단독 - 공작물충돌,안전운전불이행,습기,비,단일로 - 기타,승용,남,22세,기타불명,,,,
2012041100100240,2012년 4월 11일 09시,수요일,강원도 영월군 영월읍,경상사고,0,0,1,0,차대차 - 측면직각충돌,교차로운행방법위반,습기,비,교차로 - 교차로안,승용,남,67세,상해없음,승용,남,71세,상해없음
2012041100100264,2012년 4월 11일 10시,수요일,강원도 정선군 정선읍,경상사고,0,0,2,0,차대차 - 정면충돌,중앙선침범,습기,비,단일로 - 기타,화물,남,58세,상해없음,화물,남,58세,경상
2012041100100318,2012년 4월 11일 12시,수요일,강원도 원주시 원동,중상사고,0,1,0,0,차대사람 - 차도통행중,안전운전불이행,건조,맑음,단일로 - 기타,승합,남,32세,상해없음,보행자,남,62세,중상
2012041100100357,2012년 4월 11일 13시,수요일,강원도 원주시 문막읍,경상사고,0,0,1,0,차대차 - 기타,교차로운행방법위반,건조,맑음,교차로 - 교차로안,기타불명,기타불명,기타불명,기타불명,화물,남,45세,경상
2012041100100421,2012년 4월 11일 15시,수요일,강원도 화천군 화천읍,경상사고,0,0,2,0,차대차 - 추돌 - 주정차중,안전거리미확보,건조,맑음,단일로 - 기타,승용,남,37세,상해없음,승용,여,35세,경상
2012041100100479,2012년 4월 11일 17시,수요일,강원도 강릉시 성남동,경상사고,0,0,2,0,차대차 - 추돌 - 진행중,안전운전불이행,건조,맑음,교차로 - 교차로부근,승용,남,42세,상해없음,승용,남,29세,경상
2012041100100480,2012년 4월 11일 17시,수요일,강원도 원주시 단구동,경상사고,0,0,1,0,차대차 - 측면직각충돌,안전거리미확보,건조,맑음,교차로 - 교차로부근,승용,여,30세,상해없음,자전거,여,30세,경상
2012041100100481,2012년 4월 11일 17시,수요일,강원도 고성군 토성면,중상사고,0,3,0,0,차대차 - 추돌 - 진행중,안전운전불이행,습기,비,기타 - 기타,승용,여,46세,중상,승용,여,54세,중상
2012041100100544,2012년 4월 11일 19시,수요일,강원도 강릉시 노암동,경상사고,0,0,1,0,차대차 - 측면직각충돌,신호위반,건조,맑음,교차로 - 교차로안,승합,남,37세,상해없음,승용,남,44세,경상
2012041100100545,2012년 4월 11일 19시,수요일,강원도 강릉시 포남동,경상사고,0,0,2,0,차대차 - 추돌 - 진행중,안전운전불이행,습기,흐림,교차로 - 교차로부근,승합,남,49세,상해없음,승용,여,41세,경상
2012041100100546,2012년 4월 11일 19시,수요일,강원도 원주시 문막읍,경상사고,0,0,1,0,차대차 - 추돌 - 주정차중,안전거리미확보,건조,맑음,교차로 - 교차로부근,승용,남,46세,상해없음,승용,남,32세,경상
2012041100100547,2012년 4월 11일 19시,수요일,강원도 원주시 단구동,경상사고,0,0,2,0,차대차 - 측면직각충돌,안전운전불이행,건조,흐림,교차로 - 교차로안,승용,남,46세,상해없음,승용,남,29세,경상
2012041100100579,2012년 4월 11일 20시,수요일,강원도 춘천시 후평동,경상사고,0,0,2,0,차대차 - 측면직각충돌,교차로운행방법위반,건조,맑음,교차로 - 교차로안,승용,남,49세,상해없음,승용,여,49세,경상
2012041100100580,2012년 4월 11일 20시,수요일,강원도 홍천군 홍천읍,경상사고,0,0,1,0,차대차 - 정면충돌,중앙선침범,건조,맑음,단일로 - 기타,승용,남,46세,상해없음,승합,남,54세,경상
2012041100100581,2012년 4월 11일 20시,수요일,강원도 태백시 황지동,경상사고,0,0,1,0,차대사람 - 횡단중,안전운전불이행,건조,맑음,단일로 - 기타,승용,남,66세,상해없음,보행자,남,54세,경상
2012041100100616,2012년 4월 11일 21시,수요일,강원도 춘천시 근화동,중상사고,0,1,0,0,차대차 - 측면직각충돌,안전운전불이행,건조,맑음,교차로 - 교차로안,승용,남,36세,상해없음,이륜,남,17세,중상
2012041100100617,2012년 4월 11일 21시,수요일,강원도 영월군 한반도면,사망사고,1,0,0,0,차량단독 - 전도전복,안전운전불이행,건조,맑음,단일로 - 기타,화물,남,45세,사망,,,,
2012041100100618,2012년 4월 11일 21시,수요일,강원도 화천군 화천읍,중상사고,0,2,0,0,차량단독 - 공작물충돌,안전운전불이행,건조,맑음,단일로 - 기타,승용,여,25세,중상,,,,
2012041100100660,2012년 4월 11일 23시,수요일,강원도 원주시 단구동,경상사고,0,0,1,0,차대차 - 기타,중앙선침범,건조,맑음,단일로 - 기타,승용,남,25세,상해없음,자전거,남,43세,경상
2012041100100661,2012년 4월 11일 23시,수요일,강원도 동해시 북평동,경상사고,0,0,1,0,차대차 - 측면직각충돌,직진우회전진행방해,습기,흐림,교차로 - 교차로안,승용,남,57세,상해없음,원동기,남,16세,경상
2012041200100007,2012년 4월 12일 00시,목요일,강원도 춘천시 효자동,경상사고,0,0,1,0,차대차 - 정면충돌,중앙선침범,건조,맑음,단일로 - 기타,화물,남,23세,상해없음,이륜,남,22세,경상
2012041200100025,2012년 4월 12일 02시,목요일,강원도 강릉시 주문진읍,경상사고,0,0,1,0,차량단독 - 기타,안전운전불이행,건조,맑음,단일로 - 기타,승용,남,51세,상해없음,,,,
2012041200100032,2012년 4월 12일 03시,목요일,강원도 강릉시 교동,경상사고,0,0,2,0,차대차 - 추돌 - 진행중,안전운전불이행,건조,맑음,단일로 - 기타,승용,남,63세,상해없음,승용,남,72세,경상
2012041200100053,2012년 4월 12일 05시,목요일,강원도 춘천시 효자동,경상사고,0,0,2,0,차대차 - 추돌 - 진행중,안전거리미확보,건조,맑음,단일로 - 기타,승용,남,32세,상해없음,승용,남,50세,경상
2012041200100081,2012년 4월 12일 07시,목요일,강원도 원주시 문막읍,중상사고,0,1,6,0,차대차 - 기타,안전운전불이행,건조,맑음,단일로 - 기타,승용,남,62세,중상,화물,남,52세,경상
2012041200100122,2012년 4월 12일 08시,목요일,강원도 태백시 문곡동,경상사고,0,0,4,0,차대차 - 측면직각충돌,안전운전불이행,건조,맑음,교차로 - 교차로안,승용,여,51세,상해없음,승합,여,43세,경상
2012041200100154,2012년 4월 12일 09시,목요일,강원도 원주시 봉산동,경상사고,0,0,1,0,차대사람 - 횡단중,안전운전불이행,건조,맑음,교차로 - 교차로부근,화물,남,30세,상해없음,보행자,여,33세,경상
2012041200100221,2012년 4월 12일 11시,목요일,강원도 춘천시 근화동,경상사고,0,0,2,0,차대차 - 추돌 - 진행중,안전거리미확보,건조,맑음,단일로 - 기타,승용,남,69세,상해없음,승용,여,42세,경상
2012041200100222,2012년 4월 12일 11시,목요일,강원도 원주시 문막읍,경상사고,0,0,4,0,차대차 - 추돌 - 진행중,안전거리미확보,건조,맑음,교차로 - 교차로부근,승용,남,51세,상해없음,화물,남,56세,경상
2012041200100293,2012년 4월 12일 13시,목요일,강원도 춘천시 후평동,부상신고사고,0,0,0,1,차대사람 - 길가장자리구역통행중,안전운전불이행,건조,맑음,단일로 - 기타,승용,남,67세,상해없음,보행자,남,6세,부상신고
2012041200100294,2012년 4월 12일 13시,목요일,강원도 태백시 장성동,경상사고,0,0,1,0,차대사람 - 길가장자리구역통행중,안전운전불이행,건조,맑음,단일로 - 기타,승용,여,52세,상해없음,보행자,여,14세,경상
2012041200100321,2012년 4월 12일 14시,목요일,강원도 춘천시 신동면,경상사고,0,0,1,0,차대차 - 측면직각충돌,중앙선침범,건조,맑음,단일로 - 기타,승용,남,50세,상해없음,승용,남,40세,경상
2012041200100322,2012년 4월 12일 14시,목요일,강원도 원주시 명륜동,중상사고,0,1,1,0,차대차 - 측면직각충돌,직진우회전진행방해,건조,맑음,교차로 - 교차로안,승용,여,45세,상해없음,승용,남,52세,경상
2012041200100350,2012년 4월 12일 15시,목요일,강원도 동해시 이도동,경상사고,0,0,1,0,차대차 - 측면직각충돌,교차로운행방법위반,건조,맑음,교차로 - 교차로안,승용,여,53세,상해없음,승용,남,49세,경상
2012041200100412,2012년 4월 12일 17시,목요일,강원도 양양군 양양읍,경상사고,0,0,1,0,차대차 - 측면직각충돌,교차로운행방법위반,건조,맑음,교차로 - 교차로안,승용,남,42세,상해없음,승용,여,40세,경상
2012041200100447,2012년 4월 12일 18시,목요일,강원도 양구군 동면,사망사고,1,0,0,0,차량단독 - 전도전복,안전운전불이행,건조,맑음,단일로 - 기타,이륜,남,78세,사망,,,,
2012041200100497,2012년 4월 12일 19시,목요일,강원도 강릉시 포남동,중상사고,0,1,0,0,차대차 - 측면직각충돌,안전운전불이행,건조,맑음,교차로 - 교차로안,승용,남,32세,상해없음,자전거,여,24세,중상
2012041200100534,2012년 4월 12일 20시,목요일,강원도 속초시 교동,경상사고,0,0,1,0,차대사람 - 길가장자리구역통행중,안전운전불이행,건조,맑음,단일로 - 기타,승용,남,55세,상해없음,보행자,여,28세,경상
2012041200100561,2012년 4월 12일 21시,목요일,강원도 춘천시 동면,경상사고,0,0,1,0,차대차 - 측면직각충돌,신호위반,건조,맑음,교차로 - 교차로안,승용,여,52세,상해없음,승용,여,50세,경상
2012041200100562,2012년 4월 12일 21시,목요일,강원도 원주시 무실동,중상사고,0,1,0,0,차대차 - 측면직각충돌,신호위반,건조,맑음,교차로 - 교차로안,승용,여,32세,상해없음,승용,남,36세,중상
2012041200100620,2012년 4월 12일 23시,목요일,강원도 강릉시 포남동,경상사고,0,0,2,0,차대사람 - 기타,안전운전불이행,건조,맑음,단일로 - 기타,승용,여,41세,상해없음,보행자,남,29세,경상
2012041300100007,2012년 4월 13일 00시,금요일,강원도 강릉시 교동,경상사고,0,0,2,0,차대차 - 추돌 - 진행중,안전운전불이행,건조,맑음,교차로 - 교차로부근,승용,남,44세,기타불명,승용,남,47세,경상
2012041300100008,2012년 4월 13일 00시,금요일,강원도 원주시 단계동,경상사고,0,0,2,0,차대차 - 추돌 - 진행중,안전거리미확보,건조,맑음,단일로 - 기타,승용,남,26세,상해없음,승용,남,40세,경상
2012041300100130,2012년 4월 13일 08시,금요일,강원도 원주시 단구동,경상사고,0,0,2,0,차대차 - 추돌 - 진행중,안전운전불이행,건조,맑음,단일로 - 기타,승용,남,27세,상해없음,승용,여,37세,경상
2012041300100131,2012년 4월 13일 08시,금요일,강원도 삼척시 교동,경상사고,0,0,5,0,차대차 - 측면직각충돌,안전운전불이행,건조,맑음,단일로 - 기타,승용,여,51세,상해없음,승용,남,23세,경상
2012041300100209,2012년 4월 13일 11시,금요일,강원도 춘천시 퇴계동,중상사고,0,1,0,0,차대차 - 기타,안전운전불이행,건조,맑음,단일로 - 기타,승용,여,43세,상해없음,원동기,남,34세,중상
2012041300100210,2012년 4월 13일 11시,금요일,강원도 춘천시 칠전동,경상사고,0,0,1,0,차대차 - 측면직각충돌,교차로운행방법위반,건조,맑음,교차로 - 교차로안,승용,남,38세,상해없음,승용,여,48세,경상
2012041300100232,2012년 4월 13일 12시,금요일,강원도 횡성군 갑천면,중상사고,0,1,1,0,차대차 - 추돌 - 진행중,과속,건조,맑음,단일로 - 기타,화물,남,36세,상해없음,승용,남,69세,경상
2012041300100253,2012년 4월 13일 13시,금요일,강원도 강릉시 옥천동,사망사고,1,0,0,0,차대차 - 측면직각충돌,신호위반,건조,맑음,교차로 - 교차로안,이륜,남,88세,사망,승합,남,40세,상해없음
2012041300100254,2012년 4월 13일 13시,금요일,강원도 강릉시 성산면,중상사고,0,1,0,0,차대차 - 측면직각충돌,중앙선침범,건조,맑음,단일로 - 기타,승합,남,44세,상해없음,이륜,남,36세,중상
2012041300100255,2012년 4월 13일 13시,금요일,강원도 평창군 대화면,경상사고,0,0,2,0,차대차 - 측면직각충돌,안전운전불이행,건조,맑음,단일로 - 기타,승용,남,19세,상해없음,승용,남,39세,경상
2012041300100256,2012년 4월 13일 13시,금요일,강원도 횡성군 횡성읍,중상사고,0,1,0,0,차대차 - 추돌 - 진행중,안전운전불이행,건조,맑음,단일로 - 기타,화물,남,22세,상해없음,화물,남,71세,중상
2012041300100289,2012년 4월 13일 14시,금요일,강원도 속초시 중앙동,경상사고,0,0,1,0,차대사람 - 횡단중,보행자보호의무위반,건조,맑음,단일로 - 기타,화물,남,41세,상해없음,보행자,남,7세,경상
2012041300100346,2012년 4월 13일 16시,금요일,강원도 원주시 단계동,중상사고,0,2,5,0,차대차 - 추돌 - 진행중,교차로운행방법위반,건조,맑음,교차로 - 교차로안,승합,남,49세,상해없음,승용,여,57세,중상
2012041300100370,2012년 4월 13일 17시,금요일,강원도 춘천시 효자동,경상사고,0,0,2,0,차대차 - 추돌 - 주정차중,안전거리미확보,건조,맑음,단일로 - 기타,승용,남,55세,상해없음,승용,남,52세,경상
2012041300100371,2012년 4월 13일 17시,금요일,강원도 춘천시 동내면,중상사고,0,1,0,0,차대차 - 기타,안전운전불이행,건조,맑음,단일로 - 기타,특수,남,36세,상해없음,승용,남,70세,중상
2012041300100407,2012년 4월 13일 18시,금요일,강원도 춘천시 후평동,경상사고,0,0,2,0,차대차 - 기타,교차로운행방법위반,건조,맑음,교차로 - 교차로안,승용,남,59세,상해없음,승용,남,37세,경상
2012041300100441,2012년 4월 13일 19시,금요일,강원도 춘천시 효자동,경상사고,0,0,2,0,차대차 - 추돌 - 진행중,안전거리미확보,건조,맑음,단일로 - 기타,승용,남,55세,상해없음,승용,남,32세,경상
2012041300100442,2012년 4월 13일 19시,금요일,강원도 원주시 단계동,경상사고,0,0,1,0,차대차 - 추돌 - 진행중,안전거리미확보,건조,맑음,단일로 - 기타,화물,남,61세,상해없음,승용,남,36세,경상
2012041300100480,2012년 4월 13일 20시,금요일,강원도 원주시 단계동,중상사고,0,1,0,0,차대사람 - 횡단중,보행자보호의무위반,건조,맑음,단일로 - 횡단보도상,승용,여,34세,상해없음,보행자,여,21세,중상
2012041300100481,2012년 4월 13일 20시,금요일,강원도 원주시 문막읍,경상사고,0,0,1,0,차대차 - 측면직각충돌,교차로운행방법위반,건조,맑음,교차로 - 교차로안,승용,남,21세,상해없음,이륜,남,16세,경상
2012041300100482,2012년 4월 13일 20시,금요일,강원도 삼척시 사직동,경상사고,0,0,1,0,차대차 - 측면직각충돌,안전운전불이행,건조,맑음,교차로 - 교차로부근,승용,남,54세,상해없음,승용,남,55세,경상
2012041300100522,2012년 4월 13일 21시,금요일,강원도 강릉시 남문동,경상사고,0,0,1,0,차대사람 - 기타,안전운전불이행,건조,맑음,단일로 - 기타,승용,여,29세,상해없음,보행자,남,54세,경상
2012041300100524,2012년 4월 13일 21시,금요일,강원도 원주시 단계동,경상사고,0,0,1,0,차대차 - 측면직각충돌,교차로운행방법위반,건조,맑음,교차로 - 교차로안,승합,남,61세,상해없음,이륜,남,21세,경상
2012041300100559,2012년 4월 13일 22시,금요일,강원도 춘천시 석사동,경상사고,0,0,1,0,차대차 - 측면직각충돌,신호위반,건조,맑음,교차로 - 교차로안,이륜,남,16세,경상,승용,남,47세,상해없음
2012041300100560,2012년 4월 13일 22시,금요일,강원도 횡성군 둔내면,중상사고,0,1,0,0,차대차 - 정면충돌,중앙선침범,건조,맑음,단일로 - 기타,화물,남,34세,상해없음,승용,남,50세,중상
2012041300100595,2012년 4월 13일 23시,금요일,강원도 춘천시 후평동,경상사고,0,0,1,0,차대사람 - 기타,보행자보호의무위반,건조,맑음,단일로 - 기타,승용,여,50세,상해없음,보행자,남,69세,경상
2012041300100596,2012년 4월 13일 23시,금요일,강원도 강릉시 교동,중상사고,0,2,0,0,차대차 - 추돌 - 진행중,신호위반,건조,맑음,교차로 - 교차로안,이륜,남,13세,중상,승용,남,40세,상해없음
2012041300100597,2012년 4월 13일 23시,금요일,강원도 원주시 단구동,중상사고,0,3,3,0,차대차 - 측면직각충돌,직진우회전진행방해,건조,맑음,교차로 - 교차로안,승용,여,51세,중상,승용,남,20세,경상
2012041300100598,2012년 4월 13일 23시,금요일,강원도 삼척시 남양동,경상사고,0,0,3,0,차대차 - 측면직각충돌,안전운전불이행,건조,맑음,교차로 - 교차로안,승용,여,46세,상해없음,승용,남,53세,경상
2012041300100599,2012년 4월 13일 23시,금요일,강원도 삼척시 남양동,경상사고,0,0,1,0,차대차 - 측면직각충돌,안전운전불이행,건조,맑음,교차로 - 교차로안,특수,남,28세,상해없음,승용,남,56세,경상
2012041400100012,2012년 4월 14일 00시,토요일,강원도 춘천시 효자동,경상사고,0,0,2,0,차대차 - 측면직각충돌,직진우회전진행방해,건조,맑음,교차로 - 교차로안,승용,여,60세,상해없음,승용,남,33세,경상
2012041400100026,2012년 4월 14일 01시,토요일,강원도 강릉시 교동,경상사고,0,0,1,0,차대사람 - 차도통행중,안전운전불이행,건조,맑음,단일로 - 기타,승용,남,23세,상해없음,보행자,남,45세,경상
2012041400100027,2012년 4월 14일 01시,토요일,강원도 삼척시 도계읍,경상사고,0,0,2,0,차대차 - 측면직각충돌,안전운전불이행,건조,맑음,교차로 - 교차로안,승용,남,22세,상해없음,승용,여,38세,경상
2012041400100028,2012년 4월 14일 01시,토요일,강원도 평창군 대관령면,경상사고,0,0,1,0,차대차 - 측면직각충돌,중앙선침범,건조,맑음,단일로 - 기타,승용,남,36세,상해없음,승용,남,27세,경상
2012041400100071,2012년 4월 14일 03시,토요일,강원도 춘천시 석사동,경상사고,0,0,1,0,차대차 - 측면직각충돌,안전운전불이행,건조,맑음,단일로 - 기타,승용,남,57세,상해없음,승용,남,47세,상해없음
2012041400100072,2012년 4월 14일 03시,토요일,강원도 원주시 행구동,중상사고,0,2,2,0,차대차 - 추돌 - 진행중,안전운전불이행,건조,맑음,단일로 - 기타,승용,남,21세,상해없음,승용,남,35세,경상
2012041400100073,2012년 4월 14일 03시,토요일,강원도 속초시 조양동,경상사고,0,0,1,0,차대차 - 측면직각충돌,중앙선침범,건조,맑음,단일로 - 기타,승용,남,35세,상해없음,승용,남,44세,경상
2012041400100105,2012년 4월 14일 05시,토요일,강원도 원주시 무실동,경상사고,0,0,2,0,차대차 - 추돌 - 주정차중,안전거리미확보,건조,맑음,단일로 - 기타,승용,여,47세,상해없음,승용,남,24세,경상
2012041400100150,2012년 4월 14일 08시,토요일,강원도 원주시 단계동,경상사고,0,0,1,0,차대차 - 측면직각충돌,교차로운행방법위반,건조,맑음,단일로 - 기타,승용,여,34세,상해없음,이륜,남,32세,경상
2012041400100151,2012년 4월 14일 08시,토요일,강원도 속초시 노학동,중상사고,0,1,0,0,차대차 - 측면직각충돌,안전운전불이행,건조,맑음,교차로 - 교차로부근,승용,남,43세,상해없음,이륜,남,22세,중상
2012041400100152,2012년 4월 14일 08시,토요일,강원도 철원군 동송읍,중상사고,0,1,0,0,차대사람 - 횡단중,안전운전불이행,건조,맑음,교차로 - 교차로부근,화물,남,45세,상해없음,보행자,여,58세,중상
2012041400100175,2012년 4월 14일 09시,토요일,강원도 춘천시 근화동,경상사고,0,0,1,0,차대사람 - 기타,안전운전불이행,건조,맑음,단일로 - 기타,승용,여,46세,상해없음,보행자,여,43세,경상
2012041400100229,2012년 4월 14일 11시,토요일,강원도 홍천군 홍천읍,경상사고,0,0,3,0,차대차 - 기타,교차로운행방법위반,건조,맑음,교차로 - 교차로안,승용,남,68세,상해없음,승용,남,35세,상해없음
2012041400100268,2012년 4월 14일 12시,토요일,강원도 춘천시 근화동,중상사고,0,1,1,0,차대차 - 추돌 - 진행중,안전거리미확보,건조,맑음,단일로 - 기타,건설기계,남,60세,상해없음,승용,여,41세,중상
2012041400100269,2012년 4월 14일 12시,토요일,강원도 원주시 태장동,중상사고,0,1,0,0,차대차 - 측면직각충돌,안전운전불이행,건조,맑음,단일로 - 기타,승용,여,47세,상해없음,이륜,남,58세,중상
2012041400100270,2012년 4월 14일 12시,토요일,강원도 삼척시 교동,경상사고,0,0,1,0,차대차 - 측면직각충돌,안전운전불이행,건조,맑음,단일로 - 기타,원동기,남,19세,경상,승용,남,28세,상해없음
2012041400100321,2012년 4월 14일 13시,토요일,강원도 강릉시 견소동,경상사고,0,0,1,0,차대차 - 추돌 - 진행중,안전운전불이행,건조,맑음,단일로 - 기타,승용,남,19세,상해없음,승용,남,56세,경상
2012041400100322,2012년 4월 14일 13시,토요일,강원도 속초시 조양동,경상사고,0,0,3,0,차대차 - 추돌 - 주정차중,안전운전불이행,건조,맑음,교차로 - 교차로부근,승용,여,27세,상해없음,승용,남,35세,경상
2012041400100363,2012년 4월 14일 14시,토요일,강원도 강릉시 교동,경상사고,0,0,2,0,차대차 - 측면직각충돌,안전운전불이행,건조,맑음,교차로 - 교차로부근,승용,여,40세,상해없음,승용,여,42세,경상
2012041400100406,2012년 4월 14일 15시,토요일,강원도 춘천시 효자동,경상사고,0,0,1,0,차대차 - 측면직각충돌,교차로운행방법위반,건조,맑음,교차로 - 교차로안,승용,남,36세,경상,승용,남,45세,상해없음
2012041400100407,2012년 4월 14일 15시,토요일,강원도 춘천시 동면,경상사고,0,0,2,0,차대차 - 측면직각충돌,안전거리미확보,건조,맑음,단일로 - 기타,승용,남,42세,상해없음,승용,여,41세,경상
2012041400100408,2012년 4월 14일 15시,토요일,강원도 강릉시 포남동,경상사고,0,0,5,0,차대차 - 추돌 - 진행중,기타,건조,맑음,교차로 - 교차로부근,승용,여,60세,상해없음,승용,여,50세,경상
2012041400100444,2012년 4월 14일 16시,토요일,강원도 강릉시 견소동,중상사고,0,1,0,0,차대차 - 측면직각충돌,안전운전불이행,건조,맑음,단일로 - 기타,승용,여,50세,상해없음,자전거,남,12세,중상
2012041400100445,2012년 4월 14일 16시,토요일,강원도 삼척시 성내동,경상사고,0,0,1,0,차대차 - 추돌 - 진행중,안전운전불이행,건조,맑음,교차로 - 교차로부근,승용,여,31세,상해없음,승용,남,46세,경상
2012041400100446,2012년 4월 14일 16시,토요일,강원도 평창군 봉평면,경상사고,0,0,10,0,차대차 - 측면직각충돌,안전운전불이행,건조,맑음,교차로 - 교차로안,승용,여,41세,상해없음,승합,남,80세,상해없음
2012041400100488,2012년 4월 14일 17시,토요일,강원도 원주시 단구동,경상사고,0,0,4,0,차대차 - 측면직각충돌,안전거리미확보,건조,맑음,단일로 - 기타,승용,여,46세,경상,승용,남,24세,경상
2012041400100489,2012년 4월 14일 17시,토요일,강원도 동해시 효가동,중상사고,0,2,0,0,차대차 - 추돌 - 진행중,안전거리미확보,건조,맑음,단일로 - 기타,승용,여,33세,상해없음,승용,여,49세,중상
2012041400100525,2012년 4월 14일 18시,토요일,강원도 원주시 평원동,경상사고,0,0,2,1,차대차 - 추돌 - 진행중,안전거리미확보,건조,맑음,단일로 - 기타,승용,여,54세,경상,승용,남,49세,경상
2012041400100526,2012년 4월 14일 18시,토요일,강원도 철원군 동송읍,중상사고,0,1,0,0,차량단독 - 전도전복,안전운전불이행,건조,맑음,단일로 - 기타,이륜,남,63세,중상,,,,
2012041400100654,2012년 4월 14일 21시,토요일,강원도 원주시 태장동,중상사고,0,1,0,0,차대사람 - 보도통행중,신호위반,건조,맑음,교차로 - 교차로부근,승용,남,23세,상해없음,보행자,여,55세,중상
2012041400100655,2012년 4월 14일 21시,토요일,강원도 원주시 문막읍,중상사고,0,1,0,0,차대차 - 측면직각충돌,안전운전불이행,건조,맑음,교차로 - 교차로안,승용,여,32세,상해없음,이륜,남,16세,중상
2012041400100708,2012년 4월 14일 23시,토요일,강원도 원주시 단구동,경상사고,0,0,2,0,차대차 - 측면직각충돌,직진우회전진행방해,건조,맑음,교차로 - 교차로안,승용,남,23세,상해없음,승용,여,24세,경상
2012041500100042,2012년 4월 15일 01시,일요일,강원도 춘천시 효자동,경상사고,0,0,1,0,차대차 - 기타,안전운전불이행,건조,맑음,단일로 - 기타,승용,남,27세,상해없음,승용,남,49세,경상
2012041500100043,2012년 4월 15일 01시,일요일,강원도 강릉시 남문동,경상사고,0,0,2,0,차대차 - 추돌 - 진행중,신호위반,건조,맑음,교차로 - 교차로안,승용,남,41세,상해없음,승용,남,37세,경상
2012041500100044,2012년 4월 15일 01시,일요일,강원도 원주시 학성동,경상사고,0,0,1,0,차대차 - 측면직각충돌,안전거리미확보,건조,맑음,단일로 - 기타,승용,남,25세,상해없음,승용,남,43세,경상
2012041500100091,2012년 4월 15일 03시,일요일,강원도 동해시 천곡동,경상사고,0,0,1,0,차대차 - 추돌 - 주정차중,안전거리미확보,건조,맑음,단일로 - 기타,승용,남,21세,상해없음,승용,남,70세,경상
2012041500100128,2012년 4월 15일 06시,일요일,강원도 춘천시 효자동,경상사고,0,0,1,0,차대사람 - 기타,안전운전불이행,건조,맑음,단일로 - 기타,승용,남,51세,상해없음,보행자,남,33세,경상
2012041500100139,2012년 4월 15일 07시,일요일,강원도 강릉시 교동,경상사고,0,0,2,0,차대차 - 측면직각충돌,중앙선침범,건조,맑음,단일로 - 기타,승용,여,46세,상해없음,승용,남,53세,경상
2012041500100140,2012년 4월 15일 07시,일요일,강원도 속초시 노학동,경상사고,0,0,1,0,차대차 - 측면직각충돌,기타,건조,맑음,교차로 - 교차로안,승용,남,33세,상해없음,승용,남,56세,경상
2012041500100171,2012년 4월 15일 09시,일요일,강원도 양양군 양양읍,경상사고,0,0,1,0,차대차 - 측면직각충돌,안전운전불이행,건조,맑음,교차로 - 교차로안,원동기,남,66세,상해없음,승용,남,52세,경상
2012041500100190,2012년 4월 15일 10시,일요일,강원도 원주시 명륜동,경상사고,0,0,1,0,차대차 - 기타,안전운전불이행,건조,맑음,단일로 - 기타,승용,남,51세,상해없음,승용,남,40세,경상
2012041500100206,2012년 4월 15일 11시,일요일,강원도 원주시 우산동,경상사고,0,0,3,0,차대차 - 추돌 - 진행중,안전거리미확보,건조,맑음,단일로 - 기타,승용,남,50세,상해없음,승용,남,36세,경상
2012041500100231,2012년 4월 15일 12시,일요일,강원도 춘천시 죽림동,경상사고,0,0,1,0,차대사람 - 기타,안전운전불이행,건조,맑음,단일로 - 기타,기타불명,기타불명,기타불명,기타불명,보행자,남,39세,경상
2012041500100318,2012년 4월 15일 15시,일요일,강원도 강릉시 주문진읍,경상사고,0,0,1,0,차대차 - 측면직각충돌,안전운전불이행,건조,맑음,단일로 - 기타,승용,여,54세,상해없음,승용,남,45세,상해없음
2012041500100319,2012년 4월 15일 15시,일요일,강원도 원주시 무실동,부상신고사고,0,0,0,1,차대차 - 기타,안전거리미확보,건조,맑음,단일로 - 기타,화물,남,39세,상해없음,승용,남,43세,상해없음
2012041500100351,2012년 4월 15일 16시,일요일,강원도 원주시 단계동,중상사고,0,1,1,0,차대차 - 측면직각충돌,신호위반,건조,맑음,교차로 - 교차로부근,승용,남,40세,상해없음,승용,남,65세,중상
2012041500100352,2012년 4월 15일 16시,일요일,강원도 원주시 개운동,중상사고,0,1,1,0,차대차 - 추돌 - 주정차중,중앙선침범,건조,맑음,단일로 - 기타,승용,남,46세,상해없음,승용,여,50세,상해없음
2012041500100353,2012년 4월 15일 16시,일요일,강원도 삼척시 정상동,경상사고,0,0,1,0,차대차 - 추돌 - 주정차중,안전운전불이행,건조,맑음,단일로 - 교량,승용,남,39세,상해없음,승용,남,50세,경상
2012041500100387,2012년 4월 15일 17시,일요일,강원도 강릉시 안현동,경상사고,0,0,1,0,차대사람 - 횡단중,안전운전불이행,건조,맑음,단일로 - 기타,승용,남,28세,상해없음,보행자,남,62세,경상
2012041500100388,2012년 4월 15일 17시,일요일,강원도 인제군 인제읍,경상사고,0,0,2,0,차대차 - 추돌 - 주정차중,안전운전불이행,건조,맑음,단일로 - 기타,승용,남,56세,상해없음,승용,남,29세,경상