사고번호,사고일시,요일,시군구,사고내용,사망자수,중상자수,경상자수,부상신고자수,사고유형,법규위반,노면상태,기상상태,도로형태,가해운전자 차종,가해운전자 성별,가해운전자 연령,가해운전자 상해정도,피해운전자 차종,피해운전자 성별,피해운전자 연령,피해운전자 상해정도
2012042600100088,2012년 4월 26일 02시,목요일,강원도 춘천시 후평동,경상사고,0,0,1,0,차대차 - 측면직각충돌,안전운전불이행,건조,흐림,교차로 - 교차로부근,승용,남,29세,상해없음,승용,여,42세,경상
2012042600100135,2012년 4월 26일 06시,목요일,강원도 원주시 단구동,경상사고,0,0,1,0,차대차 - 측면직각충돌,신호위반,습기,비,교차로 - 교차로안,승용,남,26세,상해없음,승용,남,30세,경상
2012042600100196,2012년 4월 26일 08시,목요일,강원도 강릉시 연곡면,사망사고,1,0,0,0,차대차 - 기타,안전운전불이행,건조,맑음,단일로 - 기타,화물,남,79세,상해없음,이륜,남,27세,사망
2012042600100197,2012년 4월 26일 08시,목요일,강원도 원주시 평원동,경상사고,0,0,1,0,차대차 - 추돌 - 주정차중,안전거리미확보,습기,맑음,교차로 - 교차로부근,원동기,남,17세,상해없음,승용,여,59세,상해없음
2012042600100337,2012년 4월 26일 12시,목요일,강원도 원주시 봉산동,경상사고,0,0,1,0,차대차 - 측면직각충돌,안전운전불이행,건조,맑음,단일로 - 기타,승용,남,39세,상해없음,승용,남,26세,상해없음
2012042600100338,2012년 4월 26일 12시,목요일,강원도 동해시 묵호진동,경상사고,0,0,1,0,차대차 - 추돌 - 주정차중,안전운전불이행,건조,맑음,교차로 - 교차로안,승합,남,58세,상해없음,승용,남,49세,경상
2012042600100370,2012년 4월 26일 13시,목요일,강원도 춘천시 석사동,경상사고,0,0,1,0,차대차 - 기타,차로위반,건조,맑음,단일로 - 기타,승용,남,68세,상해없음,승합,남,53세,상해없음
2012042600100402,2012년 4월 26일 14시,목요일,강원도 원주시 행구동,경상사고,0,0,1,0,차대차 - 측면직각충돌,안전운전불이행,건조,맑음,교차로 - 교차로부근,승용,남,64세,상해없음,승용,여,57세,경상
2012042600100403,2012년 4월 26일 14시,목요일,강원도 원주시 원동,경상사고,0,0,2,0,차대차 - 추돌 - 진행중,안전운전불이행,건조,맑음,단일로 - 기타,승용,남,64세,상해없음,승용,남,28세,경상
2012042600100442,2012년 4월 26일 15시,목요일,강원도 춘천시 서면,경상사고,0,0,3,0,차대차 - 추돌 - 진행중,안전운전불이행,건조,맑음,단일로 - 기타,건설기계,남,41세,상해없음,화물,남,69세,경상
2012042600100443,2012년 4월 26일 15시,목요일,강원도 원주시 단계동,경상사고,0,0,1,0,차대사람 - 횡단중,신호위반,건조,맑음,교차로 - 교차로안,승용,여,31세,상해없음,보행자,여,10세,경상
2012042600100488,2012년 4월 26일 16시,목요일,강원도 강릉시 교동,경상사고,0,0,1,0,차대차 - 측면직각충돌,안전운전불이행,건조,맑음,교차로 - 교차로부근,승용,여,70세,상해없음,승용,여,28세,경상
2012042600100489,2012년 4월 26일 16시,목요일,강원도 동해시 효가동,경상사고,0,0,1,0,차대차 - 측면직각충돌,차로위반,건조,맑음,교차로 - 교차로부근,화물,남,51세,상해없음,승용,여,42세,경상
2012042600100526,2012년 4월 26일 17시,목요일,강원도 원주시 명륜동,부상신고사고,0,0,0,1,차대사람 - 기타,안전운전불이행,건조,맑음,단일로 - 기타,승용,남,56세,상해없음,보행자,남,54세,부상신고
2012042600100527,2012년 4월 26일 17시,목요일,강원도 고성군 간성읍,경상사고,0,0,1,0,차대차 - 추돌 - 주정차중,안전운전불이행,건조,맑음,교차로 - 교차로부근,화물,남,40세,상해없음,승용,여,41세,경상
2012042600100573,2012년 4월 26일 18시,목요일,강원도 강릉시 교동,경상사고,0,0,1,0,차대사람 - 횡단중,보행자보호의무위반,건조,맑음,단일로 - 횡단보도상,원동기,남,17세,상해없음,보행자,여,27세,경상
2012042600100622,2012년 4월 26일 19시,목요일,강원도 속초시 대포동,중상사고,0,2,0,0,차대차 - 추돌 - 주정차중,안전운전불이행,건조,맑음,교차로 - 교차로부근,승용,남,58세,상해없음,승용,남,36세,중상
2012042600100660,2012년 4월 26일 20시,목요일,강원도 춘천시 후평동,중상사고,0,1,0,1,차대차 - 추돌 - 진행중,안전거리미확보,건조,맑음,교차로 - 교차로안,승합,남,47세,상해없음,승용,남,64세,중상
2012042600100685,2012년 4월 26일 21시,목요일,강원도 원주시 명륜동,경상사고,0,0,2,0,차대차 - 측면직각충돌,직진우회전진행방해,건조,맑음,교차로 - 교차로안,승용,여,43세,경상,승용,남,38세,경상
2012042600100686,2012년 4월 26일 21시,목요일,강원도 고성군 토성면,중상사고,0,1,2,0,차대차 - 기타,신호위반,건조,맑음,교차로 - 교차로부근,승용,남,38세,경상,승용,남,42세,상해없음
2012042600100766,2012년 4월 26일 23시,목요일,강원도 원주시 단계동,경상사고,0,0,1,0,차대차 - 추돌 - 진행중,안전거리미확보,건조,맑음,단일로 - 기타,승용,남,31세,상해없음,승용,남,55세,경상
2012042700100044,2012년 4월 27일 01시,금요일,강원도 삼척시 도계읍,경상사고,0,0,2,0,차대차 - 측면직각충돌,안전운전불이행,건조,맑음,교차로 - 교차로부근,승용,여,40세,상해없음,승용,남,56세,경상
2012042700100075,2012년 4월 27일 03시,금요일,강원도 홍천군 홍천읍,중상사고,0,1,0,0,차량단독 - 도로외이탈 - 추락,안전운전불이행,건조,맑음,교차로 - 교차로부근,승용,여,47세,상해없음,,,,
2012042700100105,2012년 4월 27일 06시,금요일,강원도 강릉시 교동,경상사고,0,0,2,0,차대차 - 측면직각충돌,안전운전불이행,건조,맑음,교차로 - 교차로안,승용,여,25세,상해없음,승용,남,62세,경상
2012042700100106,2012년 4월 27일 06시,금요일,강원도 원주시 귀래면,중상사고,0,1,1,1,차대차 - 추돌 - 진행중,안전운전불이행,건조,맑음,단일로 - 기타,승용,남,31세,부상신고,화물,남,52세,경상
2012042700100130,2012년 4월 27일 07시,금요일,강원도 춘천시 교동,경상사고,0,0,1,0,차대차 - 추돌 - 진행중,안전거리미확보,건조,맑음,단일로 - 기타,승용,남,32세,상해없음,승용,남,62세,경상
2012042700100164,2012년 4월 27일 08시,금요일,강원도 춘천시 석사동,중상사고,0,1,0,0,차대사람 - 횡단중,신호위반,건조,맑음,단일로 - 횡단보도상,승용,여,38세,상해없음,보행자,여,24세,중상
2012042700100165,2012년 4월 27일 08시,금요일,강원도 강릉시 교동,경상사고,0,0,1,0,차대차 - 추돌 - 진행중,안전운전불이행,건조,맑음,단일로 - 기타,승용,남,36세,상해없음,승용,여,58세,경상
2012042700100166,2012년 4월 27일 08시,금요일,강원도 횡성군 둔내면,중상사고,0,1,0,0,차대사람 - 길가장자리구역통행중,안전운전불이행,건조,맑음,단일로 - 기타,화물,남,52세,상해없음,보행자,남,9세,중상
2012042700100225,2012년 4월 27일 10시,금요일,강원도 강릉시 성남동,중상사고,0,1,0,0,차대사람 - 기타,안전운전불이행,건조,맑음,교차로 - 교차로안,승용,남,45세,상해없음,보행자,여,53세,중상
2012042700100251,2012년 4월 27일 11시,금요일,강원도 춘천시 근화동,중상사고,0,1,0,0,차대차 - 측면직각충돌,신호위반,건조,맑음,교차로 - 교차로안,승용,남,52세,상해없음,승용,여,54세,중상
2012042700100252,2012년 4월 27일 11시,금요일,강원도 양양군 서면,중상사고,0,1,0,0,차량단독 - 기타,안전운전불이행,건조,맑음,단일로 - 기타,화물,남,62세,상해없음,,,,
2012042700100253,2012년 4월 27일 11시,금요일,강원도 태백시 장성동,경상사고,0,0,1,0,차대차 - 측면직각충돌,교차로운행방법위반,건조,맑음,교차로 - 교차로부근,승합,남,27세,상해없음,승용,여,64세,경상
2012042700100371,2012년 4월 27일 15시,금요일,강원도 춘천시 동면,중상사고,0,1,0,0,차대차 - 측면직각충돌,교차로운행방법위반,건조,맑음,교차로 - 교차로안,승합,남,29세,상해없음,자전거,남,70세,중상
2012042700100415,2012년 4월 27일 16시,금요일,강원도 춘천시 남산면,중상사고,0,2,0,0,차대차 - 기타,안전운전불이행,건조,맑음,단일로 - 기타,기타불명,기타불명,기타불명,기타불명,원동기,여,20세,중상
2012042700100416,2012년 4월 27일 16시,금요일,강원도 속초시 영랑동,중상사고,0,1,0,0,차대차 - 추돌 - 진행중,안전운전불이행,건조,맑음,단일로 - 기타,기타불명,기타불명,기타불명,기타불명,자전거,남,71세,중상
2012042700100452,2012년 4월 27일 17시,금요일,강원도 강릉시 옥천동,경상사고,0,0,1,0,차대차 - 측면직각충돌,안전운전불이행,건조,맑음,단일로 - 기타,승용,여,41세,상해없음,원동기,남,76세,경상
2012042700100453,2012년 4월 27일 17시,금요일,강원도 강릉시 성내동,경상사고,0,0,1,0,차대차 - 측면직각충돌,안전운전불이행,건조,맑음,단일로 - 기타,승용,남,58세,상해없음,승용,남,34세,경상
2012042700100454,2012년 4월 27일 17시,금요일,강원도 원주시 평원동,경상사고,0,0,1,0,차대차 - 기타,안전운전불이행,건조,맑음,교차로 - 교차로안,승용,남,67세,상해없음,자전거,남,56세,경상
2012042700100455,2012년 4월 27일 17시,금요일,강원도 동해시 발한동,사망사고,1,0,0,0,차대사람 - 기타,안전운전불이행,건조,맑음,단일로 - 기타,승용,남,30세,상해없음,보행자,남,49세,사망
2012042700100509,2012년 4월 27일 18시,금요일,강원도 춘천시 후평동,중상사고,0,1,0,0,차대차 - 측면직각충돌,신호위반,건조,맑음,교차로 - 교차로안,승용,여,23세,상해없음,이륜,남,38세,중상
2012042700100559,2012년 4월 27일 19시,금요일,강원도 원주시 행구동,사망사고,1,0,0,0,차대차 - 측면직각충돌,중앙선침범,건조,맑음,단일로 - 기타,승용,남,49세,상해없음,이륜,남,73세,사망
2012042700100560,2012년 4월 27일 19시,금요일,강원도 원주시 단구동,중상사고,0,2,0,0,차대차 - 측면직각충돌,직진우회전진행방해,건조,맑음,교차로 - 교차로안,승용,남,35세,상해없음,이륜,남,70세,중상
2012042700100561,2012년 4월 27일 19시,금요일,강원도 횡성군 우천면,중상사고,0,2,0,0,차량단독 - 도로외이탈 - 추락,안전운전불이행,건조,맑음,단일로 - 기타,화물,남,50세,중상,,,,
2012042700100628,2012년 4월 27일 21시,금요일,강원도 원주시 일산동,경상사고,0,0,1,0,차대차 - 기타,교차로운행방법위반,건조,맑음,교차로 - 교차로안,이륜,남,27세,경상,승용,여,58세,상해없음
2012042700100629,2012년 4월 27일 21시,금요일,강원도 원주시 관설동,경상사고,0,0,3,0,차대차 - 기타,안전운전불이행,건조,맑음,교차로 - 교차로안,승용,남,52세,상해없음,승용,남,45세,경상
2012042700100670,2012년 4월 27일 22시,금요일,강원도 강릉시 교동,중상사고,0,1,0,0,차대차 - 측면직각충돌,중앙선침범,건조,맑음,단일로 - 기타,승용,남,25세,상해없음,이륜,남,25세,중상
2012042700100671,2012년 4월 27일 22시,금요일,강원도 원주시 봉산동,중상사고,0,2,0,0,차대차 - 측면직각충돌,직진우회전진행방해,건조,맑음,교차로 - 교차로안,승용,남,57세,상해없음,승합,여,51세,중상
2012042700100672,2012년 4월 27일 22시,금요일,강원도 속초시 교동,중상사고,0,1,0,0,차대사람 - 횡단중,안전운전불이행,건조,맑음,단일로 - 기타,승용,남,63세,상해없음,보행자,남,13세,중상
2012042700100709,2012년 4월 27일 23시,금요일,강원도 철원군 김화읍,경상사고,0,0,1,0,차량단독 - 전도전복,안전운전불이행,건조,맑음,단일로 - 기타,승용,남,26세,상해없음,,,,
2012042800100017,2012년 4월 28일 00시,토요일,강원도 강릉시 임당동,경상사고,0,0,1,0,차대차 - 추돌 - 진행중,안전거리미확보,건조,맑음,교차로 - 교차로부근,승용,남,28세,상해없음,승용,여,37세,경상
2012042800100018,2012년 4월 28일 00시,토요일,강원도 평창군 대관령면,경상사고,0,0,1,0,차량단독 - 공작물충돌,교차로운행방법위반,건조,맑음,교차로 - 교차로부근,승용,여,36세,상해없음,,,,
2012042800100114,2012년 4월 28일 06시,토요일,강원도 영월군 북면,사망사고,1,0,0,0,차량단독 - 공작물충돌,안전운전불이행,건조,맑음,단일로 - 기타,승용,남,35세,상해없음,,,,
2012042800100187,2012년 4월 28일 09시,토요일,강원도 춘천시 후평동,중상사고,0,1,0,0,차대사람 - 횡단중,보행자보호의무위반,건조,맑음,단일로 - 횡단보도상,승용,남,27세,상해없음,보행자,여,63세,중상
2012042800100188,2012년 4월 28일 09시,토요일,강원도 강릉시 포남동,경상사고,0,0,1,0,차대사람 - 횡단중,안전운전불이행,건조,맑음,단일로 - 기타,승용,여,39세,상해없음,보행자,남,11세,경상
2012042800100189,2012년 4월 28일 09시,토요일,강원도 원주시 흥업면,경상사고,0,0,1,0,차대차 - 측면직각충돌,교차로운행방법위반,건조,맑음,교차로 - 교차로안,승용,남,46세,상해없음,이륜,남,25세,경상
2012042800100216,2012년 4월 28일 10시,토요일,강원도 원주시 개운동,중상사고,0,1,1,0,차대차 - 추돌 - 진행중,안전거리미확보,건조,맑음,교차로 - 교차로부근,화물,남,52세,상해없음,승용,남,54세,경상
2012042800100217,2012년 4월 28일 10시,토요일,강원도 영월군 영월읍,경상사고,0,0,1,0,차대차 - 측면직각충돌,직진우회전진행방해,건조,맑음,교차로 - 교차로안,화물,남,64세,상해없음,승용,여,40세,경상
2012042800100247,2012년 4월 28일 11시,토요일,강원도 영월군 영월읍,중상사고,0,1,0,0,차대차 - 측면직각충돌,교차로운행방법위반,건조,맑음,교차로 - 교차로안,승용,남,37세,상해없음,원동기,남,37세,중상
2012042800100282,2012년 4월 28일 12시,토요일,강원도 강릉시 주문진읍,경상사고,0,0,1,0,차대차 - 측면직각충돌,기타,건조,맑음,단일로 - 기타,승용,남,59세,상해없음,승용,남,25세,상해없음
2012042800100283,2012년 4월 28일 12시,토요일,강원도 철원군 동송읍,중상사고,0,1,0,0,차대사람 - 횡단중,안전운전불이행,건조,맑음,단일로 - 기타,이륜,남,17세,상해없음,보행자,남,89세,중상
2012042800100314,2012년 4월 28일 13시,토요일,강원도 춘천시 효자동,경상사고,0,0,1,0,차대사람 - 기타,기타,건조,맑음,단일로 - 기타,승용,남,46세,상해없음,보행자,남,38세,경상
2012042800100315,2012년 4월 28일 13시,토요일,강원도 원주시 일산동,경상사고,0,0,4,0,차대차 - 추돌 - 주정차중,안전거리미확보,건조,맑음,교차로 - 교차로안,승용,남,24세,상해없음,승용,여,58세,경상
2012042800100316,2012년 4월 28일 13시,토요일,강원도 삼척시 사직동,경상사고,0,0,3,0,차대차 - 측면직각충돌,안전운전불이행,건조,맑음,교차로 - 교차로부근,승용,남,23세,경상,승용,남,49세,상해없음
2012042800100317,2012년 4월 28일 13시,토요일,강원도 고성군 죽왕면,경상사고,0,0,5,0,차대차 - 측면직각충돌,안전운전불이행,건조,맑음,교차로 - 교차로안,승용,남,55세,경상,승용,남,45세,경상
2012042800100346,2012년 4월 28일 14시,토요일,강원도 강릉시 교동,경상사고,0,0,1,0,차대사람 - 횡단중,안전운전불이행,건조,맑음,단일로 - 기타,화물,남,24세,상해없음,보행자,남,8세,경상
2012042800100347,2012년 4월 28일 14시,토요일,강원도 원주시 소초면,중상사고,0,2,3,0,차대차 - 측면직각충돌,교차로운행방법위반,건조,맑음,교차로 - 교차로안,승용,남,30세,상해없음,승용,여,44세,경상
2012042800100348,2012년 4월 28일 14시,토요일,강원도 속초시 교동,경상사고,0,0,1,0,차대차 - 추돌 - 진행중,안전운전불이행,건조,맑음,단일로 - 기타,원동기,남,16세,상해없음,승용,남,67세,경상
2012042800100349,2012년 4월 28일 14시,토요일,강원도 삼척시 정상동,경상사고,0,0,4,0,차대차 - 측면직각충돌,중앙선침범,건조,맑음,단일로 - 기타,화물,여,41세,상해없음,승용,남,42세,경상
2012042800100350,2012년 4월 28일 14시,토요일,강원도 화천군 상서면,중상사고,0,1,0,0,차대사람 - 횡단중,안전운전불이행,건조,맑음,단일로 - 기타,승용,남,24세,상해없음,보행자,남,69세,중상
2012042800100387,2012년 4월 28일 15시,토요일,강원도 강릉시 교동,경상사고,0,0,1,0,차대차 - 기타,안전운전불이행,건조,맑음,단일로 - 기타,승용,남,34세,상해없음,자전거,남,21세,경상
2012042800100388,2012년 4월 28일 15시,토요일,강원도 강릉시 대전동,중상사고,0,1,3,0,차대차 - 측면직각충돌,신호위반,건조,맑음,교차로 - 교차로안,승용,남,18세,상해없음,승합,남,44세,상해없음
2012042800100389,2012년 4월 28일 15시,토요일,강원도 강릉시 구정면,경상사고,0,0,1,0,차대차 - 측면직각충돌,중앙선침범,건조,맑음,단일로 - 기타,승용,남,53세,상해없음,승용,남,35세,경상
2012042800100390,2012년 4월 28일 15시,토요일,강원도 원주시 단계동,경상사고,0,0,1,0,차대차 - 측면직각충돌,신호위반,건조,맑음,교차로 - 교차로안,승용,여,59세,상해없음,이륜,남,44세,경상
2012042800100391,2012년 4월 28일 15시,토요일,강원도 동해시 묵호진동,경상사고,0,0,5,0,차대차 - 추돌 - 진행중,안전운전불이행,건조,맑음,단일로 - 횡단보도상,승용,남,44세,상해없음,승용,남,33세,경상
2012042800100429,2012년 4월 28일 16시,토요일,강원도 춘천시 효자동,경상사고,0,0,1,0,차대차 - 측면직각충돌,교차로운행방법위반,건조,맑음,교차로 - 교차로안,승용,남,64세,상해없음,이륜,남,17세,경상
2012042800100430,2012년 4월 28일 16시,토요일,강원도 강릉시 주문진읍,사망사고,1,0,0,0,차대사람 - 횡단중,안전운전불이행,건조,맑음,단일로 - 기타,승용,남,55세,상해없음,보행자,여,77세,사망
2012042800100431,2012년 4월 28일 16시,토요일,강원도 원주시 단구동,경상사고,0,0,1,0,차대차 - 측면직각충돌,교차로운행방법위반,건조,맑음,교차로 - 교차로부근,승용,여,42세,상해없음,원동기,남,18세,경상
2012042800100472,2012년 4월 28일 17시,토요일,강원도 춘천시 동면,경상사고,0,0,1,0,차대차 - 기타,중앙선침범,건조,맑음,단일로 - 기타,승용,남,34세,상해없음,승합,남,36세,경상
2012042800100473,2012년 4월 28일 17시,토요일,강원도 원주시 흥업면,경상사고,0,0,2,0,차대차 - 추돌 - 주정차중,불법유턴,건조,맑음,단일로 - 기타,승용,여,54세,상해없음,승용,남,25세,경상
2012042800100474,2012년 4월 28일 17시,토요일,강원도 영월군 한반도면,중상사고,0,2,1,0,차대차 - 기타,안전운전불이행,건조,맑음,단일로 - 기타,화물,남,43세,상해없음,화물,남,46세,경상
2012042800100550,2012년 4월 28일 19시,토요일,강원도 원주시 흥업면,중상사고,0,3,2,0,차대차 - 추돌 - 주정차중,안전운전불이행,건조,맑음,단일로 - 기타,승용,남,50세,경상,승용,남,41세,중상
2012042800100589,2012년 4월 28일 20시,토요일,강원도 춘천시 남산면,중상사고,0,1,0,0,차대사람 - 횡단중,안전운전불이행,건조,맑음,단일로 - 기타,승용,남,52세,상해없음,보행자,남,3세,중상
2012042800100629,2012년 4월 28일 21시,토요일,강원도 원주시 호저면,경상사고,0,0,2,0,차대차 - 측면직각충돌,안전운전불이행,건조,맑음,교차로 - 교차로안,승용,남,41세,상해없음,승용,여,32세,경상
2012042800100630,2012년 4월 28일 21시,토요일,강원도 원주시 우산동,경상사고,0,0,5,0,차대차 - 측면직각충돌,교차로운행방법위반,건조,맑음,교차로 - 교차로안,승용,남,28세,상해없음,승용,여,29세,경상
2012042800100665,2012년 4월 28일 22시,토요일,강원도 춘천시 남산면,경상사고,0,0,2,0,차대차 - 기타,중앙선침범,건조,맑음,단일로 - 기타,승용,남,47세,상해없음,승용,남,37세,경상
2012042800100693,2012년 4월 28일 23시,토요일,강원도 강릉시 내곡동,경상사고,0,0,1,0,차대차 - 측면직각충돌,안전운전불이행,건조,맑음,교차로 - 교차로안,승용,기타불명,기타불명,기타불명,승용,여,52세,경상
2012042900100014,2012년 4월 29일 00시,일요일,강원도 춘천시 효자동,경상사고,0,0,1,0,차대차 - 측면직각충돌,교차로운행방법위반,건조,맑음,교차로 - 교차로안,승용,여,28세,상해없음,승용,남,37세,경상
2012042900100015,2012년 4월 29일 00시,일요일,강원도 원주시 단구동,중상사고,0,2,1,0,차대차 - 측면직각충돌,신호위반,건조,맑음,교차로 - 교차로안,승용,남,31세,중상,승용,남,30세,경상
2012042900100043,2012년 4월 29일 01시,일요일,강원도 원주시 단계동,경상사고,0,0,1,0,차대사람 - 횡단중,기타,건조,맑음,교차로 - 교차로안,승용,남,48세,상해없음,보행자,남,29세,경상
2012042900100103,2012년 4월 29일 05시,일요일,강원도 춘천시 석사동,경상사고,0,0,2,0,차대차 - 측면직각충돌,안전운전불이행,건조,맑음,단일로 - 기타,화물,여,57세,상해없음,승용,여,24세,경상
2012042900100104,2012년 4월 29일 05시,일요일,강원도 원주시 지정면,경상사고,0,0,2,0,차대차 - 추돌 - 주정차중,안전운전불이행,건조,맑음,단일로 - 기타,승용,남,29세,경상,승용,남,39세,경상
2012042900100138,2012년 4월 29일 08시,일요일,강원도 춘천시 석사동,중상사고,0,1,0,0,차대사람 - 횡단중,보행자보호의무위반,건조,맑음,단일로 - 횡단보도상,승용,남,69세,상해없음,보행자,여,61세,중상
2012042900100139,2012년 4월 29일 08시,일요일,강원도 원주시 중앙동,경상사고,0,0,3,1,차대차 - 추돌 - 진행중,신호위반,건조,맑음,교차로 - 교차로안,승용,남,47세,상해없음,승용,남,42세,경상
2012042900100156,2012년 4월 29일 09시,일요일,강원도 원주시 흥업면,경상사고,0,0,2,0,차대차 - 추돌 - 진행중,불법유턴,건조,맑음,단일로 - 기타,화물,남,47세,상해없음,승용,남,42세,경상
2012042900100191,2012년 4월 29일 11시,일요일,강원도 원주시 원동,경상사고,0,0,3,0,차대차 - 측면직각충돌,교차로운행방법위반,건조,맑음,교차로 - 교차로안,승용,여,55세,상해없음,승용,남,32세,경상
2012042900100192,2012년 4월 29일 11시,일요일,강원도 평창군 평창읍,중상사고,0,1,1,0,차대차 - 추돌 - 진행중,안전거리미확보,건조,맑음,단일로 - 기타,이륜,남,36세,중상,승용,남,61세,경상
2012042900100193,2012년 4월 29일 11시,일요일,강원도 태백시 화전동,중상사고,0,2,0,0,차대차 - 측면직각충돌,안전운전불이행,건조,맑음,단일로 - 기타,승합,남,68세,상해없음,승용,여,43세,중상
2012042900100209,2012년 4월 29일 12시,일요일,강원도 철원군 철원읍,경상사고,0,0,1,0,차대차 - 측면직각충돌,교차로운행방법위반,건조,맑음,교차로 - 교차로안,승용,여,54세,경상,화물,남,66세,상해없음
2012042900100232,2012년 4월 29일 13시,일요일,강원도 춘천시 남산면,부상신고사고,0,0,0,1,차대차 - 측면직각충돌,안전운전불이행,건조,맑음,단일로 - 기타,원동기,여,31세,상해없음,승용,남,28세,상해없음
2012042900100260,2012년 4월 29일 14시,일요일,강원도 춘천시 효자동,중상사고,0,1,0,1,차대차 - 추돌 - 진행중,안전운전불이행,건조,맑음,단일로 - 기타,건설기계,남,51세,상해없음,화물,남,36세,기타불명
2012042900100312,2012년 4월 29일 16시,일요일,강원도 강릉시 연곡면,경상사고,0,0,3,0,차대차 - 정면충돌,중앙선침범,건조,맑음,단일로 - 기타,이륜,남,48세,상해없음,승용,남,26세,경상
2012042900100338,2012년 4월 29일 17시,일요일,강원도 강릉시 교동,경상사고,0,0,3,0,차대차 - 추돌 - 진행중,안전운전불이행,건조,맑음,교차로 - 교차로부근,승용,남,50세,상해없음,승합,남,24세,경상
2012042900100339,2012년 4월 29일 17시,일요일,강원도 원주시 단구동,중상사고,0,1,0,0,차대차 - 추돌 - 진행중,안전운전불이행,건조,맑음,교차로 - 교차로부근,자전거,남,51세,중상,승합,남,47세,상해없음
2012042900100371,2012년 4월 29일 18시,일요일,강원도 원주시 일산동,중상사고,0,1,0,0,차대사람 - 횡단중,기타,건조,맑음,단일로 - 기타,승용,남,57세,상해없음,보행자,여,7세,중상
2012042900100398,2012년 4월 29일 19시,일요일,강원도 삼척시 남양동,경상사고,0,0,1,0,차대사람 - 기타,안전운전불이행,건조,맑음,교차로 - 교차로안,기타불명,기타불명,기타불명,기타불명,보행자,남,17세,경상
2012042900100399,2012년 4월 29일 19시,일요일,강원도 영월군 남면,경상사고,0,0,1,0,차대차 - 정면충돌,중앙선침범,건조,맑음,단일로 - 터널,화물,남,44세,상해없음,승용,여,51세,경상
2012042900100400,2012년 4월 29일 19시,일요일,강원도 동해시 효가동,경상사고,0,0,2,0,차대차 - 측면직각충돌,신호위반,건조,맑음,교차로 - 교차로안,승용,남,20세,상해없음,승용,여,45세,경상
2012042900100438,2012년 4월 29일 20시,일요일,강원도 원주시 단구동,경상사고,0,0,1,0,차대사람 - 길가장자리구역통행중,안전운전불이행,건조,맑음,단일로 - 기타,승용,남,49세,상해없음,보행자,남,26세,경상
2012042900100439,2012년 4월 29일 20시,일요일,강원도 고성군 토성면,중상사고,0,1,0,0,차대차 - 측면직각충돌,안전운전불이행,건조,맑음,단일로 - 기타,승용,남,21세,상해없음,이륜,남,19세,중상
2012042900100524,2012년 4월 29일 23시,일요일,강원도 동해시 천곡동,경상사고,0,0,1,0,차대차 - 추돌 - 주정차중,안전운전불이행,건조,맑음,교차로 - 교차로안,승용,남,29세,상해없음,승용,남,26세,경상
2012043000100009,2012년 4월 30일 00시,월요일,강원도 원주시 개운동,중상사고,0,1,2,0,차대차 - 측면직각충돌,교차로운행방법위반,건조,맑음,교차로 - 교차로안,승용,여,41세,상해없음,화물,남,24세,중상
2012043000100039,2012년 4월 30일 03시,월요일,강원도 강릉시 금학동,경상사고,0,0,1,0,차대사람 - 길가장자리구역통행중,신호위반,건조,맑음,단일로 - 기타,기타불명,기타불명,기타불명,기타불명,보행자,남,18세,경상
2012043000100089,2012년 4월 30일 07시,월요일,강원도 원주시 행구동,중상사고,0,1,0,0,차대차 - 측면직각충돌,안전거리미확보,건조,맑음,단일로 - 기타,화물,남,30세,상해없음,승용,남,40세,중상
2012043000100090,2012년 4월 30일 07시,월요일,강원도 양양군 서면,중상사고,0,1,0,0,차대차 - 측면직각충돌,안전운전불이행,건조,맑음,단일로 - 기타,화물,남,43세,상해없음,승용,남,62세,중상
2012043000100122,2012년 4월 30일 08시,월요일,강원도 춘천시 효자동,부상신고사고,0,0,0,1,차대사람 - 횡단중,보행자보호의무위반,건조,맑음,교차로 - 교차로안,기타불명,기타불명,기타불명,기타불명,보행자,여,20세,부상신고
2012043000100123,2012년 4월 30일 08시,월요일,강원도 동해시 발한동,경상사고,0,0,1,0,차대차 - 기타,안전운전불이행,건조,맑음,교차로 - 교차로부근,승용,여,52세,상해없음,승합,여,52세,경상
2012043000100162,2012년 4월 30일 09시,월요일,강원도 원주시 흥업면,중상사고,0,1,0,0,차량단독 - 기타,안전운전불이행,건조,맑음,단일로 - 기타,자전거,남,39세,중상,,,,
2012043000100225,2012년 4월 30일 11시,월요일,강원도 춘천시 효자동,경상사고,0,0,1,0,차대사람 - 기타,보행자보호의무위반,건조,맑음,교차로 - 교차로안,기타불명,기타불명,기타불명,기타불명,보행자,여,76세,경상
2012043000100226,2012년 4월 30일 11시,월요일,강원도 홍천군 동면,경상사고,0,0,2,0,차대차 - 기타,안전운전불이행,건조,맑음,교차로 - 교차로안,승용,남,45세,상해없음,화물,남,56세,경상
2012043000100259,2012년 4월 30일 12시,월요일,강원도 강릉시 주문진읍,중상사고,0,1,0,0,차대차 - 측면직각충돌,안전운전불이행,건조,맑음,단일로 - 기타,이륜,남,72세,상해없음,원동기,남,64세,중상
2012043000100260,2012년 4월 30일 12시,월요일,강원도 원주시 단구동,경상사고,0,0,3,0,차대차 - 측면직각충돌,신호위반,건조,맑음,단일로 - 기타,승용,여,25세,경상,승용,여,49세,경상
2012043000100261,2012년 4월 30일 12시,월요일,강원도 속초시 교동,중상사고,0,1,0,0,차대차 - 측면직각충돌,신호위반,건조,맑음,교차로 - 교차로안,승용,남,36세,상해없음,이륜,남,45세,중상