사고번호,사고일시,요일,시군구,사고내용,사망자수,중상자수,경상자수,부상신고자수,사고유형,법규위반,노면상태,기상상태,도로형태,가해운전자 차종,가해운전자 성별,가해운전자 연령,가해운전자 상해정도,피해운전자 차종,피해운전자 성별,피해운전자 연령,피해운전자 상해정도
2012050400100361,2012년 5월 4일 14시,금요일,강원도 원주시 일산동,중상사고,0,1,1,0,차대차 - 추돌 - 주정차중,안전거리미확보,건조,맑음,교차로 - 교차로부근,화물,남,31세,상해없음,승합,남,57세,중상
2012050400100390,2012년 5월 4일 15시,금요일,강원도 태백시 황지동,경상사고,0,0,1,0,차대사람 - 횡단중,보행자보호의무위반,건조,맑음,단일로 - 횡단보도상,승합,남,47세,상해없음,보행자,남,7세,경상
2012050400100422,2012년 5월 4일 16시,금요일,강원도 속초시 교동,중상사고,0,1,0,0,차대사람 - 횡단중,안전운전불이행,건조,흐림,교차로 - 교차로부근,승합,여,44세,상해없음,보행자,남,7세,중상
2012050400100465,2012년 5월 4일 17시,금요일,강원도 춘천시 퇴계동,경상사고,0,0,2,0,차대차 - 측면직각충돌,안전거리미확보,건조,맑음,단일로 - 기타,승용,남,50세,상해없음,승용,남,39세,경상
2012050400100507,2012년 5월 4일 18시,금요일,강원도 강릉시 연곡면,경상사고,0,0,1,0,차대사람 - 차도통행중,안전운전불이행,건조,맑음,단일로 - 횡단보도부근,승용,남,30세,상해없음,보행자,남,15세,경상
2012050400100508,2012년 5월 4일 18시,금요일,강원도 원주시 단계동,중상사고,0,3,0,0,차대차 - 측면직각충돌,교차로운행방법위반,건조,맑음,교차로 - 교차로안,승용,여,29세,중상,승용,남,50세,중상
2012050400100509,2012년 5월 4일 18시,금요일,강원도 동해시 송정동,중상사고,0,1,0,0,차대차 - 측면직각충돌,안전운전불이행,습기,비,교차로 - 교차로부근,승용,남,39세,상해없음,자전거,남,63세,중상
2012050400100592,2012년 5월 4일 20시,금요일,강원도 양양군 양양읍,중상사고,0,1,0,0,차대사람 - 횡단중,안전운전불이행,건조,맑음,교차로 - 교차로안,승용,남,44세,상해없음,보행자,남,58세,중상
2012050400100593,2012년 5월 4일 20시,금요일,강원도 양양군 현북면,경상사고,0,0,3,0,차대차 - 측면직각충돌,안전거리미확보,건조,맑음,단일로 - 기타,승용,남,23세,경상,승용,남,55세,상해없음
2012050400100594,2012년 5월 4일 20시,금요일,강원도 동해시 부곡동,중상사고,0,1,2,0,차대차 - 측면직각충돌,신호위반,건조,맑음,교차로 - 교차로안,승용,여,39세,경상,승용,여,49세,중상
2012050400100622,2012년 5월 4일 21시,금요일,강원도 철원군 동송읍,중상사고,0,1,0,0,차대사람 - 횡단중,안전운전불이행,건조,맑음,단일로 - 기타,승용,남,23세,상해없음,보행자,남,59세,중상
2012050400100699,2012년 5월 4일 23시,금요일,강원도 춘천시 온의동,부상신고사고,0,0,0,1,차대차 - 정면충돌,안전운전불이행,건조,맑음,교차로 - 교차로부근,승용,남,60세,상해없음,이륜,남,17세,부상신고
2012050400100700,2012년 5월 4일 23시,금요일,강원도 강릉시 교동,경상사고,0,0,2,0,차대차 - 추돌 - 진행중,안전운전불이행,건조,맑음,단일로 - 기타,승용,남,49세,상해없음,원동기,남,18세,경상
2012050500100011,2012년 5월 5일 00시,토요일,강원도 춘천시 동내면,경상사고,0,0,2,0,차대차 - 측면직각충돌,신호위반,건조,맑음,교차로 - 교차로안,승용,남,25세,상해없음,승용,남,22세,경상
2012050500100091,2012년 5월 5일 03시,토요일,강원도 춘천시 석사동,부상신고사고,0,0,0,1,차대차 - 측면직각충돌,안전거리미확보,건조,맑음,단일로 - 기타,승용,남,18세,상해없음,승용,남,43세,부상신고
2012050500100136,2012년 5월 5일 06시,토요일,강원도 영월군 중동면,경상사고,0,0,3,0,차대차 - 추돌 - 진행중,안전거리미확보,건조,맑음,단일로 - 기타,승합,남,45세,상해없음,승합,남,27세,경상
2012050500100137,2012년 5월 5일 06시,토요일,강원도 홍천군 홍천읍,중상사고,0,4,6,1,차량단독 - 공작물충돌,안전운전불이행,건조,맑음,단일로 - 기타,승합,남,52세,상해없음,,,,
2012050500100158,2012년 5월 5일 07시,토요일,강원도 원주시 지정면,경상사고,0,0,2,0,차대차 - 측면직각충돌,안전운전불이행,건조,맑음,교차로 - 교차로부근,승용,남,23세,상해없음,승용,남,53세,경상
2012050500100171,2012년 5월 5일 08시,토요일,강원도 춘천시 효자동,중상사고,0,1,0,0,차대차 - 추돌 - 진행중,교차로운행방법위반,건조,맑음,교차로 - 교차로안,승용,여,46세,상해없음,자전거,남,14세,중상
2012050500100215,2012년 5월 5일 10시,토요일,강원도 동해시 단봉동,경상사고,0,0,2,0,차대차 - 기타,안전거리미확보,건조,맑음,단일로 - 기타,특수,남,54세,상해없음,승용,여,43세,경상
2012050500100244,2012년 5월 5일 11시,토요일,강원도 원주시 문막읍,중상사고,0,1,0,0,차대차 - 추돌 - 진행중,안전거리미확보,건조,맑음,단일로 - 기타,승용,남,49세,상해없음,승용,남,50세,중상
2012050500100273,2012년 5월 5일 12시,토요일,강원도 춘천시 온의동,경상사고,0,0,1,0,차대차 - 측면직각충돌,신호위반,건조,맑음,교차로 - 교차로안,승용,남,41세,상해없음,화물,남,26세,경상
2012050500100274,2012년 5월 5일 12시,토요일,강원도 평창군 대관령면,경상사고,0,0,1,0,차대사람 - 길가장자리구역통행중,안전운전불이행,건조,맑음,단일로 - 기타,승합,남,66세,상해없음,보행자,여,34세,경상
2012050500100275,2012년 5월 5일 12시,토요일,강원도 춘천시 신동면,중상사고,0,1,2,0,차대차 - 추돌 - 주정차중,안전운전불이행,건조,맑음,단일로 - 기타,승합,남,37세,상해없음,승용,여,27세,중상
2012050500100354,2012년 5월 5일 14시,토요일,강원도 원주시 단계동,중상사고,0,1,1,0,차대사람 - 횡단중,안전운전불이행,건조,맑음,교차로 - 교차로부근,승용,남,42세,상해없음,보행자,남,12세,중상
2012050500100355,2012년 5월 5일 14시,토요일,강원도 동해시 평릉동,경상사고,0,0,1,0,차대사람 - 기타,안전운전불이행,건조,맑음,단일로 - 기타,화물,남,37세,상해없음,보행자,남,59세,경상
2012050500100387,2012년 5월 5일 15시,토요일,강원도 강릉시 교동,경상사고,0,0,2,0,차대차 - 측면직각충돌,안전운전불이행,건조,맑음,교차로 - 교차로안,승용,남,25세,상해없음,승용,여,25세,경상
2012050500100388,2012년 5월 5일 15시,토요일,강원도 원주시 단계동,경상사고,0,0,1,0,차대차 - 추돌 - 진행중,안전거리미확보,건조,맑음,단일로 - 기타,승합,남,44세,상해없음,승용,남,53세,경상
2012050500100422,2012년 5월 5일 16시,토요일,강원도 춘천시 석사동,중상사고,0,1,4,0,차대차 - 측면직각충돌,신호위반,건조,맑음,교차로 - 교차로안,승용,남,72세,상해없음,승용,여,48세,중상
2012050500100423,2012년 5월 5일 16시,토요일,강원도 강릉시 대전동,경상사고,0,0,2,0,차대차 - 추돌 - 진행중,안전운전불이행,건조,맑음,교차로 - 교차로부근,승용,남,51세,상해없음,승용,남,40세,경상
2012050500100424,2012년 5월 5일 16시,토요일,강원도 양양군 강현면,중상사고,0,1,0,0,차량단독 - 도로외이탈 - 기타,안전운전불이행,건조,맑음,단일로 - 기타,승용,남,23세,상해없음,,,,
2012050500100425,2012년 5월 5일 16시,토요일,강원도 철원군 근남면,중상사고,0,1,1,0,차량단독 - 전도전복,안전운전불이행,건조,맑음,단일로 - 기타,원동기,여,18세,경상,,,,
2012050500100462,2012년 5월 5일 17시,토요일,강원도 속초시 조양동,경상사고,0,0,1,0,차대차 - 측면직각충돌,교차로운행방법위반,건조,맑음,교차로 - 교차로안,화물,남,51세,상해없음,승용,남,72세,경상
2012050500100463,2012년 5월 5일 17시,토요일,강원도 인제군 기린면,사망사고,1,0,0,0,차대사람 - 길가장자리구역통행중,안전운전불이행,건조,맑음,단일로 - 기타,건설기계,남,50세,상해없음,보행자,여,81세,사망
2012050500100464,2012년 5월 5일 17시,토요일,강원도 고성군 죽왕면,경상사고,0,0,5,0,차대차 - 측면직각충돌,교차로운행방법위반,건조,맑음,교차로 - 교차로안,승용,남,46세,상해없음,승용,남,41세,경상
2012050500100504,2012년 5월 5일 18시,토요일,강원도 춘천시 남산면,중상사고,0,1,0,0,차대차 - 측면직각충돌,중앙선침범,건조,맑음,단일로 - 기타,이륜,남,10세,상해없음,이륜,여,23세,중상
2012050500100505,2012년 5월 5일 18시,토요일,강원도 원주시 단계동,경상사고,0,0,1,0,차대차 - 측면직각충돌,신호위반,건조,맑음,교차로 - 교차로안,승합,남,63세,상해없음,승용,여,52세,경상
2012050500100539,2012년 5월 5일 19시,토요일,강원도 춘천시 온의동,중상사고,0,1,0,0,차대차 - 측면직각충돌,중앙선침범,건조,맑음,교차로 - 교차로부근,승용,남,49세,상해없음,이륜,남,45세,중상
2012050500100540,2012년 5월 5일 19시,토요일,강원도 원주시 소초면,중상사고,0,1,0,0,차대사람 - 횡단중,안전운전불이행,건조,맑음,단일로 - 기타,승용,남,56세,상해없음,보행자,여,82세,중상
2012050500100584,2012년 5월 5일 20시,토요일,강원도 양양군 현북면,경상사고,0,0,2,0,차대차 - 측면직각충돌,안전운전불이행,건조,맑음,교차로 - 교차로부근,승용,남,34세,상해없음,승용,남,22세,상해없음
2012050500100627,2012년 5월 5일 21시,토요일,강원도 인제군 인제읍,중상사고,0,2,0,0,차대차 - 추돌 - 진행중,안전운전불이행,건조,맑음,교차로 - 교차로부근,승용,남,38세,상해없음,승용,여,37세,중상
2012050500100662,2012년 5월 5일 22시,토요일,강원도 춘천시 온의동,중상사고,0,1,1,0,차대차 - 추돌 - 주정차중,안전운전불이행,건조,맑음,교차로 - 교차로부근,승용,남,31세,상해없음,승용,남,34세,경상
2012050500100663,2012년 5월 5일 22시,토요일,강원도 원주시 무실동,경상사고,0,0,4,0,차대차 - 측면직각충돌,신호위반,건조,맑음,교차로 - 교차로안,승용,남,56세,상해없음,승용,남,43세,경상
2012050500100664,2012년 5월 5일 22시,토요일,강원도 원주시 태장동,중상사고,0,1,1,0,차대차 - 추돌 - 주정차중,안전거리미확보,건조,맑음,교차로 - 교차로부근,승용,남,36세,상해없음,승용,남,52세,중상
2012050500100697,2012년 5월 5일 23시,토요일,강원도 철원군 서면,중상사고,0,1,0,0,차대차 - 추돌 - 주정차중,안전운전불이행,건조,맑음,단일로 - 기타,이륜,남,50세,중상,화물,남,43세,기타불명
2012050600100013,2012년 5월 6일 00시,일요일,강원도 춘천시 근화동,중상사고,0,2,0,0,차대차 - 측면직각충돌,신호위반,건조,맑음,교차로 - 교차로안,승용,남,25세,상해없음,승용,남,39세,중상
2012050600100061,2012년 5월 6일 03시,일요일,강원도 화천군 간동면,중상사고,0,2,0,0,차대차 - 추돌 - 진행중,안전운전불이행,건조,맑음,단일로 - 터널,승용,남,25세,상해없음,승용,남,51세,중상
2012050600100076,2012년 5월 6일 04시,일요일,강원도 춘천시 교동,경상사고,0,0,2,0,차량단독 - 공작물충돌,안전운전불이행,건조,맑음,교차로 - 교차로부근,승용,남,20세,기타불명,,,,
2012050600100091,2012년 5월 6일 05시,일요일,강원도 속초시 조양동,중상사고,0,1,1,2,차량단독 - 공작물충돌,안전운전불이행,건조,맑음,교차로 - 교차로부근,승용,남,25세,상해없음,,,,
2012050600100143,2012년 5월 6일 09시,일요일,강원도 원주시 개운동,경상사고,0,0,2,0,차대차 - 측면직각충돌,신호위반,건조,맑음,교차로 - 교차로안,승용,남,67세,경상,승용,여,32세,경상
2012050600100157,2012년 5월 6일 10시,일요일,강원도 원주시 판부면,중상사고,0,3,4,0,차대차 - 추돌 - 진행중,안전거리미확보,건조,맑음,단일로 - 기타,승합,남,44세,중상,화물,남,40세,중상
2012050600100185,2012년 5월 6일 11시,일요일,강원도 강릉시 연곡면,경상사고,0,0,2,0,차대차 - 추돌 - 진행중,안전운전불이행,건조,맑음,교차로 - 교차로부근,승용,남,54세,상해없음,승용,남,37세,경상
2012050600100255,2012년 5월 6일 13시,일요일,강원도 춘천시 효자동,경상사고,0,0,1,0,차대차 - 추돌 - 진행중,안전운전불이행,건조,맑음,단일로 - 기타,승용,여,36세,상해없음,승용,남,76세,경상
2012050600100256,2012년 5월 6일 13시,일요일,강원도 인제군 북면,경상사고,0,0,1,0,차대차 - 추돌 - 진행중,안전운전불이행,건조,맑음,단일로 - 기타,승용,남,58세,상해없음,승용,남,38세,기타불명
2012050600100257,2012년 5월 6일 13시,일요일,강원도 철원군 동송읍,중상사고,0,1,2,0,차대차 - 측면직각충돌,중앙선침범,건조,맑음,단일로 - 기타,승용,남,37세,상해없음,승용,남,41세,중상
2012050600100292,2012년 5월 6일 14시,일요일,강원도 삼척시 원덕읍,중상사고,0,1,3,0,차대차 - 측면직각충돌,중앙선침범,건조,맑음,단일로 - 기타,승용,남,34세,상해없음,승용,남,32세,중상
2012050600100317,2012년 5월 6일 15시,일요일,강원도 춘천시 온의동,경상사고,0,0,1,0,차대차 - 측면직각충돌,차로위반,건조,맑음,단일로 - 기타,승용,남,37세,상해없음,이륜,남,21세,경상
2012050600100318,2012년 5월 6일 15시,일요일,강원도 춘천시 후평동,경상사고,0,0,1,0,차대차 - 측면직각충돌,신호위반,건조,맑음,교차로 - 교차로안,승용,남,65세,상해없음,승용,남,47세,경상
2012050600100319,2012년 5월 6일 15시,일요일,강원도 속초시 중앙동,경상사고,0,0,1,0,차대차 - 측면직각충돌,안전거리미확보,건조,맑음,단일로 - 기타,승합,남,30세,상해없음,원동기,남,17세,경상
2012050600100320,2012년 5월 6일 15시,일요일,강원도 삼척시 가곡면,경상사고,0,0,2,0,차대차 - 측면직각충돌,안전운전불이행,건조,맑음,단일로 - 기타,화물,남,60세,상해없음,화물,남,62세,경상
2012050600100321,2012년 5월 6일 15시,일요일,강원도 원주시 호저면,중상사고,0,3,2,0,차대차 - 추돌 - 진행중,안전거리미확보,건조,맑음,단일로 - 기타,승용,남,32세,상해없음,승용,남,37세,경상
2012050600100350,2012년 5월 6일 16시,일요일,강원도 춘천시 운교동,중상사고,0,1,4,0,차대차 - 추돌 - 진행중,안전거리미확보,건조,맑음,단일로 - 기타,승용,남,41세,상해없음,승용,남,59세,경상
2012050600100382,2012년 5월 6일 17시,일요일,강원도 원주시 명륜동,경상사고,0,0,3,1,차대차 - 추돌 - 진행중,안전거리미확보,건조,맑음,교차로 - 교차로부근,승용,남,50세,상해없음,승용,남,36세,경상
2012050600100383,2012년 5월 6일 17시,일요일,강원도 강릉시 구정면,경상사고,0,0,2,0,차량단독 - 공작물충돌,안전운전불이행,건조,맑음,단일로 - 기타,특수,남,31세,상해없음,,,,
2012050600100415,2012년 5월 6일 18시,일요일,강원도 춘천시 효자동,경상사고,0,0,1,0,차대사람 - 보도통행중,기타,건조,맑음,단일로 - 기타,원동기,남,24세,상해없음,보행자,남,18세,경상
2012050600100416,2012년 5월 6일 18시,일요일,강원도 원주시 단구동,경상사고,0,0,1,0,차대차 - 측면직각충돌,교차로운행방법위반,건조,맑음,교차로 - 교차로안,승용,남,50세,상해없음,원동기,남,17세,경상
2012050600100417,2012년 5월 6일 18시,일요일,강원도 삼척시 교동,경상사고,0,0,2,0,차대차 - 추돌 - 주정차중,안전운전불이행,건조,맑음,단일로 - 기타,승용,남,28세,상해없음,승용,남,58세,상해없음
2012050600100418,2012년 5월 6일 18시,일요일,강원도 평창군 용평면,중상사고,0,1,1,0,차대차 - 추돌 - 주정차중,안전운전불이행,건조,맑음,단일로 - 기타,승합,남,24세,상해없음,승용,남,24세,중상
2012050600100446,2012년 5월 6일 19시,일요일,강원도 원주시 평원동,중상사고,0,1,0,0,차대사람 - 횡단중,안전운전불이행,건조,맑음,교차로 - 교차로안,화물,남,63세,상해없음,보행자,여,45세,중상
2012050600100476,2012년 5월 6일 20시,일요일,강원도 원주시 단계동,경상사고,0,0,1,0,차대차 - 측면직각충돌,신호위반,건조,맑음,교차로 - 교차로안,승용,남,54세,상해없음,원동기,남,43세,경상
2012050600100515,2012년 5월 6일 21시,일요일,강원도 춘천시 동내면,중상사고,0,1,0,0,차대차 - 측면직각충돌,신호위반,건조,맑음,교차로 - 교차로안,승용,남,44세,상해없음,승용,남,41세,중상
2012050600100516,2012년 5월 6일 21시,일요일,강원도 원주시 단구동,경상사고,0,0,2,0,차대차 - 추돌 - 진행중,안전운전불이행,건조,맑음,교차로 - 교차로부근,승용,남,41세,상해없음,승용,여,33세,경상
2012050600100517,2012년 5월 6일 21시,일요일,강원도 원주시 단구동,경상사고,0,0,1,0,차대차 - 추돌 - 진행중,안전거리미확보,건조,맑음,교차로 - 교차로부근,승용,남,50세,상해없음,화물,남,58세,경상
2012050600100579,2012년 5월 6일 23시,일요일,강원도 춘천시 우두동,경상사고,0,0,4,0,차대차 - 추돌 - 진행중,안전운전불이행,건조,맑음,단일로 - 기타,승용,남,55세,상해없음,승용,남,55세,경상
2012050700100059,2012년 5월 7일 05시,월요일,강원도 강릉시 임당동,경상사고,0,0,1,0,차대차 - 측면직각충돌,안전운전불이행,건조,맑음,단일로 - 기타,승용,남,66세,상해없음,승합,남,62세,상해없음
2012050700100068,2012년 5월 7일 06시,월요일,강원도 횡성군 갑천면,경상사고,0,0,3,0,차대차 - 측면직각충돌,안전운전불이행,건조,맑음,교차로 - 교차로부근,승합,남,70세,상해없음,승합,남,61세,상해없음
2012050700100090,2012년 5월 7일 07시,월요일,강원도 원주시 판부면,경상사고,0,0,2,0,차대차 - 측면직각충돌,교차로운행방법위반,건조,맑음,교차로 - 교차로안,화물,남,71세,경상,승용,남,54세,경상
2012050700100120,2012년 5월 7일 08시,월요일,강원도 원주시 태장동,경상사고,0,0,1,0,차대차 - 측면직각충돌,안전운전불이행,건조,맑음,교차로 - 교차로안,승용,남,55세,상해없음,자전거,남,13세,경상
2012050700100121,2012년 5월 7일 08시,월요일,강원도 고성군 죽왕면,중상사고,0,1,0,0,차대차 - 추돌 - 주정차중,안전운전불이행,건조,맑음,단일로 - 기타,승용,여,31세,상해없음,농기계,남,63세,기타불명
2012050700100149,2012년 5월 7일 09시,월요일,강원도 원주시 일산동,경상사고,0,0,2,0,차대차 - 추돌 - 진행중,중앙선침범,건조,맑음,단일로 - 기타,승용,남,24세,상해없음,승용,남,49세,경상
2012050700100150,2012년 5월 7일 09시,월요일,강원도 동해시 천곡동,경상사고,0,0,1,0,차대차 - 측면직각충돌,중앙선침범,건조,맑음,단일로 - 기타,승용,남,73세,상해없음,승용,여,52세,경상
2012050700100215,2012년 5월 7일 11시,월요일,강원도 원주시 단계동,경상사고,0,0,1,0,차대차 - 측면직각충돌,차로위반,건조,맑음,단일로 - 횡단보도상,승용,남,50세,상해없음,화물,남,31세,경상
2012050700100286,2012년 5월 7일 14시,월요일,강원도 화천군 화천읍,사망사고,1,0,0,0,차량단독 - 공작물충돌,안전운전불이행,건조,맑음,단일로 - 기타,승용,여,36세,사망,,,,
2012050700100327,2012년 5월 7일 15시,월요일,강원도 춘천시 후평동,부상신고사고,0,0,0,1,차대차 - 측면직각충돌,중앙선침범,건조,맑음,단일로 - 기타,자전거,남,12세,부상신고,승용,여,50세,상해없음
2012050700100360,2012년 5월 7일 16시,월요일,강원도 춘천시 서면,사망사고,1,1,1,0,차대차 - 추돌 - 주정차중,안전거리미확보,건조,맑음,단일로 - 기타,화물,남,83세,사망,화물,남,42세,경상
2012050700100361,2012년 5월 7일 16시,월요일,강원도 삼척시 오분동,경상사고,0,0,2,0,차대차 - 추돌 - 진행중,안전운전불이행,건조,맑음,교차로 - 교차로부근,승용,여,48세,상해없음,승용,남,47세,경상
2012050700100398,2012년 5월 7일 17시,월요일,강원도 춘천시 남산면,중상사고,0,2,0,0,차대차 - 측면직각충돌,중앙선침범,건조,맑음,교차로 - 교차로부근,화물,남,36세,상해없음,승용,남,50세,중상
2012050700100399,2012년 5월 7일 17시,월요일,강원도 춘천시 후평동,경상사고,0,0,1,0,차대차 - 기타,안전운전불이행,건조,맑음,단일로 - 횡단보도상,승용,여,43세,상해없음,자전거,남,9세,경상
2012050700100400,2012년 5월 7일 17시,월요일,강원도 영월군 주천면,중상사고,0,1,0,0,차량단독 - 도로외이탈 - 추락,안전운전불이행,기타,기타,단일로 - 기타,이륜,남,72세,중상,,,,
2012050700100436,2012년 5월 7일 18시,월요일,강원도 속초시 조양동,경상사고,0,0,1,0,차대차 - 추돌 - 진행중,중앙선침범,건조,맑음,교차로 - 교차로안,승용,여,21세,상해없음,승용,여,26세,경상
2012050700100476,2012년 5월 7일 19시,월요일,강원도 원주시 단계동,경상사고,0,0,1,0,차대사람 - 횡단중,신호위반,건조,맑음,단일로 - 횡단보도상,승용,여,40세,상해없음,보행자,여,24세,경상
2012050700100511,2012년 5월 7일 20시,월요일,강원도 강릉시 내곡동,경상사고,0,0,1,0,차대차 - 측면직각충돌,중앙선침범,건조,맑음,단일로 - 기타,승용,남,47세,상해없음,이륜,남,55세,경상
2012050700100512,2012년 5월 7일 20시,월요일,강원도 정선군 임계면,중상사고,0,1,0,0,차대차 - 추돌 - 진행중,안전운전불이행,건조,맑음,단일로 - 기타,승용,남,51세,상해없음,화물,남,33세,상해없음
2012050700100559,2012년 5월 7일 21시,월요일,강원도 삼척시 정상동,경상사고,0,0,1,0,차대사람 - 길가장자리구역통행중,안전운전불이행,건조,맑음,단일로 - 기타,승용,여,55세,상해없음,보행자,남,43세,경상
2012050800100114,2012년 5월 8일 08시,화요일,강원도 홍천군 홍천읍,사망사고,4,3,1,0,차대차 - 기타,중앙선침범,건조,맑음,단일로 - 기타,승용,여,76세,중상,승합,남,53세,중상
2012050800100155,2012년 5월 8일 09시,화요일,강원도 원주시 우산동,중상사고,0,1,0,0,차대차 - 추돌 - 진행중,차로위반,건조,맑음,단일로 - 기타,화물,남,53세,상해없음,화물,여,50세,중상
2012050800100232,2012년 5월 8일 12시,화요일,강원도 영월군 영월읍,중상사고,0,1,0,0,차대차 - 측면직각충돌,교차로운행방법위반,건조,맑음,교차로 - 교차로안,승용,여,37세,상해없음,승용,남,33세,상해없음
2012050800100253,2012년 5월 8일 13시,화요일,강원도 홍천군 북방면,중상사고,0,1,0,0,차대차 - 기타,신호위반,건조,맑음,교차로 - 교차로안,승용,여,33세,상해없음,승용,남,53세,상해없음
2012050800100255,2012년 5월 8일 13시,화요일,강원도 태백시 황지동,중상사고,0,1,0,0,차대사람 - 횡단중,보행자보호의무위반,건조,맑음,단일로 - 횡단보도상,승용,여,57세,상해없음,보행자,여,71세,중상
2012050800100319,2012년 5월 8일 15시,화요일,강원도 원주시 명륜동,중상사고,0,1,0,0,차대차 - 측면직각충돌,신호위반,건조,맑음,교차로 - 교차로안,승용,남,47세,상해없음,자전거,남,54세,중상
2012050800100446,2012년 5월 8일 18시,화요일,강원도 원주시 흥업면,중상사고,0,1,0,0,차대차 - 측면직각충돌,교차로운행방법위반,건조,맑음,교차로 - 교차로안,화물,남,58세,상해없음,원동기,남,66세,중상
2012050800100447,2012년 5월 8일 18시,화요일,강원도 철원군 갈말읍,경상사고,0,0,1,0,차대차 - 측면직각충돌,교차로운행방법위반,건조,맑음,교차로 - 교차로안,승용,여,40세,상해없음,승용,남,49세,경상
2012050800100522,2012년 5월 8일 20시,화요일,강원도 원주시 단구동,경상사고,0,0,1,0,차대차 - 추돌 - 진행중,안전운전불이행,건조,맑음,단일로 - 기타,승용,남,55세,상해없음,자전거,남,51세,경상
2012050800100523,2012년 5월 8일 20시,화요일,강원도 원주시 명륜동,경상사고,0,0,1,0,차대사람 - 기타,안전운전불이행,건조,맑음,단일로 - 기타,승용,여,39세,상해없음,보행자,남,19세,경상
2012050800100524,2012년 5월 8일 20시,화요일,강원도 원주시 단구동,경상사고,0,0,1,0,차대차 - 추돌 - 주정차중,안전운전불이행,건조,맑음,교차로 - 교차로안,기타불명,기타불명,기타불명,기타불명,승용,남,47세,경상
2012050800100525,2012년 5월 8일 20시,화요일,강원도 속초시 조양동,경상사고,0,0,1,0,차대차 - 측면직각충돌,교차로운행방법위반,건조,맑음,교차로 - 교차로안,승용,남,37세,상해없음,원동기,남,40세,경상
2012050800100567,2012년 5월 8일 21시,화요일,강원도 원주시 문막읍,경상사고,0,0,3,0,차대차 - 측면직각충돌,신호위반,건조,맑음,교차로 - 교차로안,승용,남,39세,상해없음,원동기,남,17세,경상
2012050800100568,2012년 5월 8일 21시,화요일,강원도 삼척시 미로면,중상사고,0,3,0,0,차량단독 - 공작물충돌,안전운전불이행,건조,맑음,교차로 - 교차로부근,승용,여,54세,중상,,,,
2012050800100569,2012년 5월 8일 21시,화요일,강원도 동해시 효가동,중상사고,0,2,0,0,차대차 - 정면충돌,안전운전불이행,건조,맑음,단일로 - 기타,승용,여,36세,상해없음,승용,여,61세,중상
2012050800100640,2012년 5월 8일 23시,화요일,강원도 삼척시 교동,중상사고,0,2,0,0,차량단독 - 전도전복,안전운전불이행,건조,맑음,단일로 - 기타,원동기,남,17세,상해없음,,,,
2012050800100641,2012년 5월 8일 23시,화요일,강원도 태백시 황지동,중상사고,0,1,0,0,차대차 - 측면직각충돌,중앙선침범,건조,맑음,단일로 - 기타,승용,남,55세,상해없음,이륜,남,50세,중상
2012050900100086,2012년 5월 9일 07시,수요일,강원도 원주시 단계동,경상사고,0,0,1,0,차대차 - 측면직각충돌,안전운전불이행,건조,맑음,단일로 - 기타,건설기계,남,50세,상해없음,승용,여,33세,경상
2012050900100111,2012년 5월 9일 08시,수요일,강원도 춘천시 온의동,중상사고,0,1,0,0,차대사람 - 보도통행중,안전운전불이행,건조,맑음,단일로 - 기타,승용,여,46세,상해없음,보행자,여,19세,중상
2012050900100150,2012년 5월 9일 09시,수요일,강원도 고성군 현내면,경상사고,0,0,1,0,차대차 - 측면직각충돌,안전운전불이행,건조,맑음,단일로 - 기타,승용,남,49세,상해없음,화물,남,55세,경상
2012050900100183,2012년 5월 9일 10시,수요일,강원도 횡성군 횡성읍,경상사고,0,0,1,0,차대차 - 측면직각충돌,안전운전불이행,건조,맑음,단일로 - 횡단보도상,승합,여,52세,상해없음,자전거,남,74세,경상
2012050900100184,2012년 5월 9일 10시,수요일,강원도 횡성군 공근면,중상사고,0,1,1,0,차대차 - 추돌 - 진행중,안전운전불이행,건조,맑음,단일로 - 기타,화물,남,37세,중상,화물,남,34세,경상
2012050900100210,2012년 5월 9일 11시,수요일,강원도 춘천시 퇴계동,경상사고,0,0,3,0,차대차 - 추돌 - 진행중,안전거리미확보,건조,맑음,단일로 - 기타,화물,남,42세,상해없음,승용,남,48세,상해없음
2012050900100240,2012년 5월 9일 12시,수요일,강원도 춘천시 송암동,중상사고,0,1,4,0,차대차 - 측면직각충돌,직진우회전진행방해,건조,맑음,교차로 - 교차로안,승용,여,24세,상해없음,승용,남,74세,경상
2012050900100270,2012년 5월 9일 13시,수요일,강원도 원주시 명륜동,경상사고,0,0,2,0,차대차 - 기타,안전운전불이행,건조,맑음,단일로 - 기타,승용,남,33세,기타불명,승용,남,52세,상해없음
2012050900100292,2012년 5월 9일 14시,수요일,강원도 춘천시 남산면,중상사고,0,1,1,0,차대차 - 정면충돌,중앙선침범,건조,맑음,단일로 - 기타,원동기,남,16세,중상,승용,남,57세,상해없음
2012050900100365,2012년 5월 9일 16시,수요일,강원도 속초시 청학동,중상사고,0,1,0,0,차대차 - 측면직각충돌,안전운전불이행,건조,맑음,교차로 - 교차로안,승용,남,30세,상해없음,자전거,남,50세,중상
2012050900100366,2012년 5월 9일 16시,수요일,강원도 철원군 동송읍,중상사고,0,1,0,0,차대차 - 추돌 - 진행중,안전운전불이행,건조,맑음,단일로 - 기타,화물,남,47세,상해없음,자전거,남,12세,중상
2012050900100393,2012년 5월 9일 17시,수요일,강원도 정선군 고한읍,중상사고,0,1,3,0,차대차 - 측면직각충돌,안전운전불이행,건조,맑음,기타 - 기타,승용,남,39세,상해없음,승용,여,52세,경상