사고번호,사고일시,요일,시군구,사고내용,사망자수,중상자수,경상자수,부상신고자수,사고유형,법규위반,노면상태,기상상태,도로형태,가해운전자 차종,가해운전자 성별,가해운전자 연령,가해운전자 상해정도,피해운전자 차종,피해운전자 성별,피해운전자 연령,피해운전자 상해정도
2012050900100394,2012년 5월 9일 17시,수요일,강원도 고성군 간성읍,경상사고,0,0,2,0,차대차 - 측면직각충돌,중앙선침범,건조,맑음,단일로 - 기타,승용,남,27세,상해없음,승합,남,55세,상해없음
2012050900100432,2012년 5월 9일 18시,수요일,강원도 춘천시 우두동,중상사고,0,1,1,0,차대차 - 측면직각충돌,신호위반,건조,맑음,교차로 - 교차로안,승용,남,71세,상해없음,승용,여,40세,중상
2012050900100433,2012년 5월 9일 18시,수요일,강원도 춘천시 동내면,경상사고,0,0,1,0,차대사람 - 기타,안전운전불이행,건조,맑음,단일로 - 기타,승용,남,50세,상해없음,보행자,여,55세,경상
2012050900100434,2012년 5월 9일 18시,수요일,강원도 원주시 문막읍,경상사고,0,0,1,0,차량단독 - 공작물충돌,안전운전불이행,건조,맑음,교차로 - 교차로안,이륜,남,52세,경상,,,,
2012050900100508,2012년 5월 9일 20시,수요일,강원도 속초시 노학동,경상사고,0,0,1,0,차대차 - 정면충돌,신호위반,건조,맑음,교차로 - 교차로안,화물,남,46세,상해없음,승용,여,52세,경상
2012050900100509,2012년 5월 9일 20시,수요일,강원도 속초시 교동,경상사고,0,0,1,0,차대차 - 측면직각충돌,안전운전불이행,건조,맑음,교차로 - 교차로안,승용,남,49세,상해없음,승용,여,51세,경상
2012050900100510,2012년 5월 9일 20시,수요일,강원도 속초시 조양동,중상사고,0,1,0,0,차대차 - 측면직각충돌,신호위반,건조,맑음,교차로 - 교차로안,승용,남,53세,상해없음,승용,남,45세,중상
2012050900100511,2012년 5월 9일 20시,수요일,강원도 속초시 동명동,중상사고,0,1,0,0,차대사람 - 횡단중,보행자보호의무위반,건조,맑음,교차로 - 교차로안,이륜,남,18세,상해없음,보행자,여,8세,중상
2012050900100590,2012년 5월 9일 22시,수요일,강원도 원주시 단계동,경상사고,0,0,3,0,차대차 - 측면직각충돌,안전운전불이행,건조,맑음,교차로 - 교차로부근,승용,남,23세,상해없음,승용,남,28세,경상
2012050900100591,2012년 5월 9일 22시,수요일,강원도 삼척시 남양동,경상사고,0,0,1,0,차대차 - 추돌 - 진행중,신호위반,건조,맑음,교차로 - 교차로안,승용,남,28세,상해없음,승용,남,41세,상해없음
2012051000100014,2012년 5월 10일 00시,목요일,강원도 철원군 갈말읍,사망사고,1,0,0,0,차량단독 - 공작물충돌,안전운전불이행,건조,맑음,교차로 - 교차로안,승합,남,35세,사망,,,,
2012051000100035,2012년 5월 10일 01시,목요일,강원도 춘천시 효자동,경상사고,0,0,1,0,차대차 - 측면직각충돌,중앙선침범,건조,맑음,교차로 - 교차로부근,승용,남,60세,상해없음,자전거,여,23세,경상
2012051000100077,2012년 5월 10일 04시,목요일,강원도 동해시 부곡동,중상사고,0,1,1,0,차대차 - 추돌 - 진행중,안전거리미확보,습기,맑음,단일로 - 기타,승용,남,48세,상해없음,승용,남,49세,경상
2012051000100120,2012년 5월 10일 07시,목요일,강원도 평창군 대관령면,경상사고,0,0,2,0,차대차 - 측면직각충돌,중앙선침범,습기,안개,단일로 - 기타,승용,남,31세,경상,승용,남,53세,경상
2012051000100121,2012년 5월 10일 07시,목요일,강원도 정선군 신동읍,중상사고,0,1,0,0,차량단독 - 기타,안전운전불이행,건조,맑음,단일로 - 기타,원동기,남,68세,중상,,,,
2012051000100159,2012년 5월 10일 08시,목요일,강원도 춘천시 석사동,경상사고,0,0,1,0,차대차 - 추돌 - 주정차중,안전운전불이행,건조,맑음,교차로 - 교차로부근,승용,남,29세,상해없음,승용,여,42세,경상
2012051000100160,2012년 5월 10일 08시,목요일,강원도 강릉시 성산면,경상사고,0,0,1,0,차대차 - 측면직각충돌,신호위반,습기,흐림,교차로 - 교차로안,승용,남,35세,상해없음,승용,남,48세,경상
2012051000100194,2012년 5월 10일 09시,목요일,강원도 철원군 갈말읍,중상사고,0,1,1,0,차대차 - 측면직각충돌,안전운전불이행,건조,맑음,단일로 - 기타,승합,남,45세,상해없음,원동기,남,76세,중상
2012051000100226,2012년 5월 10일 10시,목요일,강원도 원주시 일산동,경상사고,0,0,1,0,차대차 - 측면직각충돌,신호위반,건조,맑음,교차로 - 교차로안,승합,남,47세,상해없음,화물,남,49세,상해없음
2012051000100227,2012년 5월 10일 10시,목요일,강원도 평창군 대화면,경상사고,0,0,2,0,차대차 - 측면직각충돌,안전운전불이행,건조,맑음,단일로 - 기타,농기계,여,75세,상해없음,화물,남,44세,경상
2012051000100250,2012년 5월 10일 11시,목요일,강원도 삼척시 원덕읍,중상사고,0,2,0,0,차대차 - 정면충돌,중앙선침범,건조,맑음,단일로 - 기타,화물,남,57세,상해없음,승용,여,40세,중상
2012051000100276,2012년 5월 10일 12시,목요일,강원도 고성군 토성면,중상사고,0,1,0,0,차대사람 - 기타,안전운전불이행,건조,맑음,단일로 - 기타,승합,남,56세,상해없음,보행자,남,13세,중상
2012051000100297,2012년 5월 10일 13시,목요일,강원도 원주시 단구동,중상사고,0,1,0,0,차대사람 - 보도통행중,신호위반,건조,맑음,교차로 - 교차로안,이륜,남,31세,상해없음,보행자,여,76세,중상
2012051000100352,2012년 5월 10일 15시,목요일,강원도 원주시 단구동,경상사고,0,0,1,0,차대차 - 추돌 - 진행중,안전운전불이행,건조,맑음,단일로 - 기타,승합,남,22세,상해없음,승용,남,46세,경상
2012051000100389,2012년 5월 10일 16시,목요일,강원도 춘천시 사농동,경상사고,0,0,1,0,차대차 - 측면직각충돌,교차로운행방법위반,건조,맑음,교차로 - 교차로안,화물,남,38세,상해없음,승용,여,42세,상해없음
2012051000100390,2012년 5월 10일 16시,목요일,강원도 원주시 우산동,중상사고,0,1,1,0,차대차 - 측면직각충돌,안전거리미확보,건조,맑음,단일로 - 기타,승용,남,30세,상해없음,승용,여,58세,중상
2012051000100391,2012년 5월 10일 16시,목요일,강원도 속초시 교동,경상사고,0,0,2,0,차대차 - 측면직각충돌,안전거리미확보,건조,맑음,단일로 - 기타,승용,남,25세,상해없음,승용,남,50세,경상
2012051000100428,2012년 5월 10일 17시,목요일,강원도 양양군 강현면,경상사고,0,0,1,0,차대차 - 측면직각충돌,신호위반,건조,맑음,교차로 - 교차로안,승합,남,66세,상해없음,특수,남,36세,경상
2012051000100466,2012년 5월 10일 18시,목요일,강원도 춘천시 사농동,경상사고,0,0,3,0,차대차 - 측면직각충돌,교차로운행방법위반,건조,맑음,교차로 - 교차로안,승용,남,33세,상해없음,승용,여,45세,경상
2012051000100467,2012년 5월 10일 18시,목요일,강원도 강릉시 청량동,경상사고,0,0,2,0,차대차 - 추돌 - 주정차중,안전운전불이행,습기,비,단일로 - 기타,승용,여,45세,상해없음,화물,여,47세,경상
2012051000100468,2012년 5월 10일 18시,목요일,강원도 원주시 봉산동,경상사고,0,0,1,0,차대사람 - 보도통행중,신호위반,건조,맑음,교차로 - 교차로부근,승용,남,69세,상해없음,보행자,남,12세,경상
2012051000100469,2012년 5월 10일 18시,목요일,강원도 원주시 단계동,중상사고,0,1,1,0,차대차 - 측면직각충돌,직진우회전진행방해,건조,맑음,교차로 - 교차로안,승용,남,51세,경상,승용,남,46세,중상
2012051000100470,2012년 5월 10일 18시,목요일,강원도 동해시 천곡동,중상사고,0,1,2,0,차대사람 - 기타,안전운전불이행,습기,흐림,단일로 - 기타,승용,남,53세,상해없음,보행자,남,60세,경상
2012051000100506,2012년 5월 10일 19시,목요일,강원도 영월군 주천면,경상사고,0,0,1,0,차대차 - 측면직각충돌,신호위반,건조,맑음,교차로 - 교차로안,화물,남,54세,상해없음,승용,여,45세,경상
2012051000100554,2012년 5월 10일 20시,목요일,강원도 원주시 소초면,중상사고,0,1,0,0,차대차 - 측면직각충돌,안전운전불이행,건조,맑음,단일로 - 기타,승합,남,53세,상해없음,이륜,남,45세,중상
2012051000100555,2012년 5월 10일 20시,목요일,강원도 동해시 발한동,경상사고,0,0,4,0,차대차 - 추돌 - 주정차중,안전운전불이행,습기,비,교차로 - 교차로부근,승용,남,41세,상해없음,승용,남,51세,경상
2012051000100578,2012년 5월 10일 21시,목요일,강원도 춘천시 퇴계동,경상사고,0,0,1,0,차대차 - 추돌 - 주정차중,안전운전불이행,건조,맑음,교차로 - 교차로부근,승용,남,48세,상해없음,승용,여,43세,경상
2012051000100579,2012년 5월 10일 21시,목요일,강원도 양구군 동면,중상사고,0,1,0,0,차대사람 - 횡단중,안전운전불이행,건조,맑음,단일로 - 기타,승용,여,20세,상해없음,보행자,남,49세,중상
2012051000100637,2012년 5월 10일 23시,목요일,강원도 화천군 하남면,중상사고,0,1,0,0,차대차 - 정면충돌,중앙선침범,건조,맑음,단일로 - 기타,승용,남,41세,상해없음,화물,남,47세,중상
2012051100100041,2012년 5월 11일 01시,금요일,강원도 강릉시 교동,경상사고,0,0,2,0,차대차 - 측면직각충돌,신호위반,습기,비,교차로 - 교차로안,승용,남,23세,상해없음,승용,남,37세,경상
2012051100100042,2012년 5월 11일 01시,금요일,강원도 원주시 행구동,중상사고,0,1,1,0,차대차 - 측면직각충돌,중앙선침범,건조,맑음,단일로 - 기타,승용,남,24세,상해없음,승용,남,22세,중상
2012051100100128,2012년 5월 11일 07시,금요일,강원도 춘천시 후평동,중상사고,0,1,0,0,차대사람 - 횡단중,안전운전불이행,건조,맑음,단일로 - 기타,승용,남,46세,상해없음,보행자,남,14세,중상
2012051100100192,2012년 5월 11일 09시,금요일,강원도 원주시 흥업면,경상사고,0,0,1,0,차대차 - 측면직각충돌,신호위반,건조,맑음,교차로 - 교차로부근,승용,남,59세,상해없음,승용,남,68세,경상
2012051100100193,2012년 5월 11일 09시,금요일,강원도 삼척시 교동,중상사고,0,1,0,0,차대차 - 측면직각충돌,안전운전불이행,습기,비,단일로 - 기타,원동기,남,70세,중상,승용,여,41세,상해없음
2012051100100194,2012년 5월 11일 09시,금요일,강원도 화천군 간동면,경상사고,0,0,1,0,차대차 - 측면직각충돌,중앙선침범,건조,맑음,단일로 - 기타,승용,남,76세,기타불명,승용,남,34세,경상
2012051100100215,2012년 5월 11일 10시,금요일,강원도 철원군 갈말읍,중상사고,0,2,1,0,차대차 - 추돌 - 진행중,안전운전불이행,건조,맑음,단일로 - 기타,승용,남,46세,경상,승용,남,37세,상해없음
2012051100100234,2012년 5월 11일 11시,금요일,강원도 속초시 노학동,경상사고,0,0,1,0,차대차 - 추돌 - 주정차중,안전운전불이행,건조,맑음,교차로 - 교차로부근,화물,남,54세,상해없음,승합,여,41세,경상
2012051100100235,2012년 5월 11일 11시,금요일,강원도 홍천군 홍천읍,사망사고,1,0,0,0,차대사람 - 보도통행중,기타,건조,맑음,단일로 - 기타,화물,남,37세,상해없음,보행자,여,76세,사망
2012051100100327,2012년 5월 11일 14시,금요일,강원도 원주시 명륜동,중상사고,0,2,0,0,차대차 - 추돌 - 주정차중,안전거리미확보,건조,맑음,단일로 - 기타,승용,남,52세,상해없음,화물,남,60세,중상
2012051100100328,2012년 5월 11일 14시,금요일,강원도 홍천군 홍천읍,경상사고,0,0,1,0,차대사람 - 기타,안전운전불이행,건조,맑음,기타 - 기타,승용,남,60세,상해없음,보행자,여,92세,경상
2012051100100349,2012년 5월 11일 15시,금요일,강원도 춘천시 효자동,중상사고,0,1,0,0,차대차 - 추돌 - 진행중,안전운전불이행,건조,맑음,단일로 - 기타,승용,남,29세,상해없음,화물,남,50세,중상
2012051100100350,2012년 5월 11일 15시,금요일,강원도 속초시 조양동,중상사고,0,1,0,0,차대사람 - 횡단중,안전운전불이행,건조,흐림,교차로 - 교차로안,승용,남,32세,상해없음,보행자,여,60세,중상
2012051100100388,2012년 5월 11일 16시,금요일,강원도 강릉시 홍제동,경상사고,0,0,2,0,차대차 - 추돌 - 진행중,안전운전불이행,건조,흐림,교차로 - 교차로안,승용,남,56세,상해없음,승용,여,47세,경상
2012051100100389,2012년 5월 11일 16시,금요일,강원도 동해시 효가동,경상사고,0,0,2,0,차대차 - 추돌 - 진행중,안전거리미확보,건조,흐림,교차로 - 교차로부근,화물,남,51세,상해없음,승용,여,60세,경상
2012051100100426,2012년 5월 11일 17시,금요일,강원도 원주시 우산동,경상사고,0,0,5,0,차대차 - 정면충돌,중앙선침범,건조,맑음,단일로 - 기타,승용,남,42세,상해없음,승용,남,19세,경상
2012051100100427,2012년 5월 11일 17시,금요일,강원도 동해시 발한동,중상사고,0,1,0,0,차대사람 - 횡단중,안전운전불이행,건조,맑음,단일로 - 기타,화물,남,50세,상해없음,보행자,여,63세,중상
2012051100100466,2012년 5월 11일 18시,금요일,강원도 원주시 무실동,부상신고사고,0,0,0,1,차대사람 - 횡단중,보행자보호의무위반,습기,맑음,단일로 - 횡단보도상,승용,남,57세,상해없음,보행자,남,41세,부상신고
2012051100100467,2012년 5월 11일 18시,금요일,강원도 동해시 동회동,사망사고,1,0,0,0,차대차 - 측면직각충돌,안전운전불이행,건조,맑음,교차로 - 교차로안,화물,남,38세,상해없음,자전거,남,68세,사망
2012051100100508,2012년 5월 11일 19시,금요일,강원도 춘천시 퇴계동,경상사고,0,0,1,0,차대차 - 측면직각충돌,기타,건조,맑음,교차로 - 교차로부근,승용,남,46세,상해없음,원동기,남,18세,경상
2012051100100509,2012년 5월 11일 19시,금요일,강원도 강릉시 주문진읍,경상사고,0,0,2,0,차대차 - 정면충돌,안전운전불이행,건조,맑음,단일로 - 기타,승용,남,62세,상해없음,승용,여,55세,기타불명
2012051100100510,2012년 5월 11일 19시,금요일,강원도 속초시 교동,중상사고,0,1,0,0,차대차 - 추돌 - 진행중,안전운전불이행,건조,맑음,교차로 - 교차로부근,승용,남,42세,상해없음,이륜,남,16세,중상
2012051100100551,2012년 5월 11일 20시,금요일,강원도 강릉시 입암동,경상사고,0,0,2,0,차대차 - 측면직각충돌,안전운전불이행,건조,맑음,교차로 - 교차로부근,화물,남,60세,상해없음,승용,남,42세,경상
2012051100100580,2012년 5월 11일 21시,금요일,강원도 원주시 단계동,중상사고,0,2,3,0,차대차 - 추돌 - 주정차중,안전거리미확보,건조,맑음,단일로 - 기타,승용,여,44세,상해없음,승용,남,39세,중상
2012051100100625,2012년 5월 11일 22시,금요일,강원도 춘천시 후평동,경상사고,0,0,2,0,차대차 - 추돌 - 주정차중,안전운전불이행,건조,맑음,단일로 - 기타,화물,남,45세,상해없음,화물,남,56세,상해없음
2012051100100626,2012년 5월 11일 22시,금요일,강원도 원주시 명륜동,경상사고,0,0,1,0,차대차 - 측면직각충돌,신호위반,건조,맑음,교차로 - 교차로안,승합,남,41세,상해없음,이륜,남,18세,경상
2012051100100627,2012년 5월 11일 22시,금요일,강원도 횡성군 횡성읍,중상사고,0,1,0,0,차대차 - 추돌 - 진행중,안전거리미확보,건조,맑음,단일로 - 교량,승용,남,20세,상해없음,승용,남,22세,중상
2012051100100628,2012년 5월 11일 22시,금요일,강원도 고성군 토성면,중상사고,0,1,1,0,차대차 - 정면충돌,중앙선침범,건조,맑음,교차로 - 교차로부근,승용,남,23세,상해없음,승용,남,32세,경상
2012051200100014,2012년 5월 12일 00시,토요일,강원도 춘천시 퇴계동,경상사고,0,0,2,0,차대차 - 측면직각충돌,교차로운행방법위반,건조,맑음,교차로 - 교차로안,승용,남,22세,상해없음,승용,남,49세,경상
2012051200100040,2012년 5월 12일 01시,토요일,강원도 춘천시 효자동,경상사고,0,0,4,0,차대차 - 측면직각충돌,안전운전불이행,건조,맑음,단일로 - 기타,승용,남,37세,상해없음,승용,여,26세,경상
2012051200100041,2012년 5월 12일 01시,토요일,강원도 춘천시 석사동,경상사고,0,0,2,0,차대차 - 추돌 - 진행중,안전운전불이행,건조,맑음,교차로 - 교차로부근,승용,남,24세,상해없음,승용,남,45세,경상
2012051200100122,2012년 5월 12일 05시,토요일,강원도 원주시 단계동,경상사고,0,0,4,0,차대차 - 추돌 - 진행중,안전운전불이행,건조,맑음,단일로 - 기타,승용,남,21세,상해없음,승용,남,20세,경상
2012051200100137,2012년 5월 12일 06시,토요일,강원도 춘천시 동내면,경상사고,0,0,1,0,차대차 - 측면직각충돌,안전거리미확보,건조,맑음,단일로 - 기타,승용,여,51세,상해없음,승용,남,48세,경상
2012051200100138,2012년 5월 12일 06시,토요일,강원도 춘천시 동내면,부상신고사고,0,0,0,1,차대차 - 측면직각충돌,기타,건조,맑음,단일로 - 기타,승용,남,55세,상해없음,승용,남,58세,상해없음
2012051200100139,2012년 5월 12일 06시,토요일,강원도 영월군 영월읍,중상사고,0,1,2,0,차대차 - 추돌 - 주정차중,안전운전불이행,건조,맑음,단일로 - 기타,승용,남,59세,상해없음,승용,남,56세,중상
2012051200100158,2012년 5월 12일 07시,토요일,강원도 원주시 단계동,중상사고,0,1,0,0,차대차 - 추돌 - 주정차중,중앙선침범,건조,맑음,교차로 - 교차로부근,승용,남,30세,상해없음,승용,남,35세,중상
2012051200100178,2012년 5월 12일 08시,토요일,강원도 영월군 영월읍,경상사고,0,0,1,0,차대차 - 기타,안전거리미확보,건조,맑음,교차로 - 교차로안,화물,남,63세,상해없음,승용,여,35세,경상
2012051200100201,2012년 5월 12일 09시,토요일,강원도 원주시 흥업면,중상사고,0,1,0,0,차대차 - 추돌 - 진행중,안전운전불이행,건조,맑음,교차로 - 교차로안,화물,남,49세,상해없음,자전거,남,18세,중상
2012051200100231,2012년 5월 12일 10시,토요일,강원도 춘천시 효자동,경상사고,0,0,1,0,차대차 - 추돌 - 진행중,안전운전불이행,건조,맑음,단일로 - 횡단보도부근,화물,남,44세,상해없음,승용,남,42세,경상
2012051200100232,2012년 5월 12일 10시,토요일,강원도 강릉시 교동,경상사고,0,0,1,0,차대차 - 기타,안전운전불이행,건조,맑음,교차로 - 교차로부근,승용,남,22세,상해없음,승용,남,51세,경상
2012051200100233,2012년 5월 12일 10시,토요일,강원도 원주시 단구동,중상사고,0,2,3,0,차대차 - 측면직각충돌,안전운전불이행,건조,맑음,단일로 - 기타,승용,남,46세,경상,승용,남,31세,경상
2012051200100234,2012년 5월 12일 10시,토요일,강원도 원주시 단구동,중상사고,0,1,0,0,차대차 - 측면직각충돌,중앙선침범,건조,맑음,교차로 - 교차로부근,승용,남,30세,상해없음,원동기,남,48세,중상
2012051200100264,2012년 5월 12일 11시,토요일,강원도 춘천시 석사동,경상사고,0,0,1,0,차대차 - 측면직각충돌,기타,건조,맑음,단일로 - 기타,승용,남,28세,상해없음,원동기,남,25세,경상
2012051200100265,2012년 5월 12일 11시,토요일,강원도 원주시 단구동,경상사고,0,0,3,0,차대차 - 측면직각충돌,교차로운행방법위반,건조,맑음,교차로 - 교차로안,승용,남,52세,상해없음,승용,남,41세,경상
2012051200100297,2012년 5월 12일 12시,토요일,강원도 영월군 영월읍,중상사고,0,1,1,0,차대차 - 기타,안전운전불이행,건조,흐림,단일로 - 기타,화물,남,28세,상해없음,원동기,남,79세,중상
2012051200100337,2012년 5월 12일 13시,토요일,강원도 원주시 단계동,경상사고,0,0,1,0,차대차 - 측면직각충돌,신호위반,건조,맑음,교차로 - 교차로안,승용,남,49세,상해없음,승용,남,56세,상해없음
2012051200100338,2012년 5월 12일 13시,토요일,강원도 원주시 행구동,중상사고,0,1,0,0,차량단독 - 공작물충돌,안전운전불이행,건조,맑음,교차로 - 교차로부근,승용,여,62세,상해없음,,,,
2012051200100339,2012년 5월 12일 13시,토요일,강원도 원주시 행구동,중상사고,0,1,2,0,차대차 - 측면직각충돌,신호위반,건조,맑음,교차로 - 교차로안,승용,여,40세,상해없음,승용,남,52세,중상
2012051200100340,2012년 5월 12일 13시,토요일,강원도 원주시 학성동,중상사고,0,1,0,0,차대차 - 기타,안전거리미확보,건조,맑음,단일로 - 기타,승용,남,45세,상해없음,승용,여,27세,중상
2012051200100341,2012년 5월 12일 13시,토요일,강원도 홍천군 두촌면,중상사고,0,1,4,0,차대차 - 측면직각충돌,안전운전불이행,건조,맑음,단일로 - 기타,승용,남,28세,상해없음,승용,남,49세,경상
2012051200100368,2012년 5월 12일 14시,토요일,강원도 춘천시 북산면,경상사고,0,0,2,0,차대차 - 측면직각충돌,중앙선침범,건조,맑음,단일로 - 기타,승용,남,35세,상해없음,승용,남,53세,경상
2012051200100369,2012년 5월 12일 14시,토요일,강원도 원주시 단구동,중상사고,0,1,0,0,차대차 - 측면직각충돌,직진우회전진행방해,건조,맑음,교차로 - 교차로안,자전거,남,10세,중상,승용,남,37세,상해없음
2012051200100404,2012년 5월 12일 15시,토요일,강원도 화천군 화천읍,경상사고,0,0,1,0,차대사람 - 횡단중,안전운전불이행,건조,흐림,단일로 - 기타,승용,남,39세,상해없음,보행자,여,5세,경상
2012051200100405,2012년 5월 12일 15시,토요일,강원도 평창군 용평면,사망사고,1,0,2,0,차량단독 - 공작물충돌,안전운전불이행,건조,맑음,단일로 - 기타,승용,남,42세,경상,,,,
2012051200100437,2012년 5월 12일 16시,토요일,강원도 춘천시 남산면,경상사고,0,0,1,0,차대차 - 측면직각충돌,안전운전불이행,건조,맑음,단일로 - 기타,승용,남,26세,상해없음,이륜,여,20세,경상
2012051200100467,2012년 5월 12일 17시,토요일,강원도 양양군 서면,중상사고,0,1,0,0,차대차 - 측면직각충돌,중앙선침범,건조,맑음,단일로 - 기타,승용,남,46세,상해없음,이륜,남,50세,중상
2012051200100511,2012년 5월 12일 18시,토요일,강원도 춘천시 남산면,중상사고,0,1,0,0,차량단독 - 공작물충돌,안전운전불이행,건조,맑음,단일로 - 기타,이륜,남,22세,상해없음,,,,
2012051200100622,2012년 5월 12일 21시,토요일,강원도 춘천시 효자동,경상사고,0,0,1,0,차대차 - 추돌 - 진행중,안전운전불이행,건조,맑음,단일로 - 기타,승용,남,25세,상해없음,이륜,남,27세,경상
2012051200100623,2012년 5월 12일 21시,토요일,강원도 속초시 교동,중상사고,0,1,0,0,차대차 - 측면직각충돌,안전거리미확보,건조,맑음,교차로 - 교차로부근,이륜,남,24세,상해없음,이륜,남,36세,중상
2012051200100691,2012년 5월 12일 23시,토요일,강원도 원주시 우산동,경상사고,0,0,4,0,차대차 - 추돌 - 주정차중,안전거리미확보,건조,맑음,교차로 - 교차로부근,승용,남,44세,상해없음,승용,남,27세,경상
2012051300100014,2012년 5월 13일 00시,일요일,강원도 춘천시 후평동,경상사고,0,0,1,0,차대사람 - 기타,안전운전불이행,건조,맑음,단일로 - 기타,승용,남,31세,상해없음,보행자,남,7세,경상
2012051300100015,2012년 5월 13일 00시,일요일,강원도 동해시 천곡동,경상사고,0,0,2,0,차대차 - 측면직각충돌,신호위반,건조,맑음,교차로 - 교차로안,승용,남,24세,상해없음,승용,여,43세,경상
2012051300100035,2012년 5월 13일 01시,일요일,강원도 횡성군 둔내면,중상사고,0,3,0,0,차대차 - 추돌 - 주정차중,안전운전불이행,건조,맑음,단일로 - 기타,기타불명,기타불명,기타불명,기타불명,승용,남,44세,상해없음
2012051300100059,2012년 5월 13일 02시,일요일,강원도 춘천시 석사동,중상사고,0,2,0,0,차대차 - 측면직각충돌,교차로운행방법위반,건조,맑음,교차로 - 교차로안,승용,남,18세,상해없음,승용,남,50세,중상
2012051300100071,2012년 5월 13일 03시,일요일,강원도 속초시 교동,경상사고,0,0,2,0,차대차 - 추돌 - 주정차중,안전운전불이행,건조,흐림,교차로 - 교차로부근,화물,남,52세,상해없음,승용,남,28세,경상
2012051300100131,2012년 5월 13일 08시,일요일,강원도 강릉시 남문동,경상사고,0,0,3,0,차대차 - 측면직각충돌,안전운전불이행,건조,맑음,교차로 - 교차로안,승용,남,23세,상해없음,승용,남,46세,경상
2012051300100197,2012년 5월 13일 12시,일요일,강원도 화천군 사내면,경상사고,0,0,1,0,차대차 - 측면직각충돌,안전운전불이행,건조,맑음,단일로 - 기타,원동기,남,79세,경상,화물,남,57세,상해없음
2012051300100284,2012년 5월 13일 15시,일요일,강원도 원주시 신림면,중상사고,0,2,1,0,차대차 - 측면직각충돌,중앙선침범,건조,맑음,단일로 - 기타,승용,여,37세,상해없음,화물,남,51세,중상
2012051300100285,2012년 5월 13일 15시,일요일,강원도 원주시 행구동,경상사고,0,0,5,0,차대차 - 측면직각충돌,중앙선침범,건조,맑음,단일로 - 기타,승합,여,41세,상해없음,승용,남,29세,경상
2012051300100286,2012년 5월 13일 15시,일요일,강원도 인제군 인제읍,중상사고,0,1,0,0,차대사람 - 기타,안전운전불이행,건조,맑음,단일로 - 기타,승용,여,32세,상해없음,보행자,남,85세,중상
2012051300100317,2012년 5월 13일 16시,일요일,강원도 원주시 무실동,경상사고,0,0,2,0,차대차 - 측면직각충돌,차로위반,건조,맑음,단일로 - 기타,승용,남,38세,상해없음,승용,남,26세,경상
2012051300100318,2012년 5월 13일 16시,일요일,강원도 원주시 중앙동,경상사고,0,0,1,0,차대사람 - 보도통행중,안전운전불이행,건조,맑음,단일로 - 기타,승용,남,42세,상해없음,보행자,여,59세,경상
2012051300100319,2012년 5월 13일 16시,일요일,강원도 홍천군 화촌면,경상사고,0,0,1,0,차대차 - 측면직각충돌,안전운전불이행,건조,맑음,단일로 - 기타,승합,남,59세,상해없음,승용,여,39세,경상
2012051300100320,2012년 5월 13일 16시,일요일,강원도 화천군 사내면,중상사고,0,2,1,0,차대사람 - 횡단중,안전운전불이행,건조,맑음,단일로 - 기타,원동기,남,78세,중상,보행자,여,8세,경상
2012051300100421,2012년 5월 13일 19시,일요일,강원도 춘천시 효자동,경상사고,0,0,3,0,차대차 - 측면직각충돌,안전거리미확보,건조,맑음,단일로 - 기타,원동기,남,21세,상해없음,승합,남,39세,경상
2012051300100422,2012년 5월 13일 19시,일요일,강원도 춘천시 석사동,부상신고사고,0,0,0,1,차대차 - 기타,신호위반,건조,맑음,교차로 - 교차로안,이륜,남,49세,상해없음,이륜,남,30세,부상신고
2012051300100445,2012년 5월 13일 20시,일요일,강원도 강릉시 교동,경상사고,0,0,1,0,차대사람 - 횡단중,신호위반,건조,맑음,단일로 - 횡단보도상,승용,여,38세,상해없음,보행자,남,28세,경상
2012051300100446,2012년 5월 13일 20시,일요일,강원도 원주시 태장동,경상사고,0,0,1,0,차대사람 - 길가장자리구역통행중,안전운전불이행,건조,맑음,단일로 - 기타,기타불명,기타불명,기타불명,기타불명,보행자,남,12세,경상
2012051300100447,2012년 5월 13일 20시,일요일,강원도 원주시 신림면,경상사고,0,0,5,0,차대차 - 추돌 - 주정차중,안전거리미확보,건조,맑음,단일로 - 기타,승용,남,33세,상해없음,승합,남,48세,경상
2012051300100483,2012년 5월 13일 21시,일요일,강원도 원주시 무실동,경상사고,0,0,1,0,차대차 - 추돌 - 진행중,안전운전불이행,건조,맑음,교차로 - 교차로부근,승용,남,27세,상해없음,승용,남,28세,상해없음
2012051300100484,2012년 5월 13일 21시,일요일,강원도 원주시 무실동,경상사고,0,0,1,0,차대차 - 측면직각충돌,신호위반,건조,기타,교차로 - 교차로안,승용,남,32세,상해없음,승용,여,41세,경상
2012051300100522,2012년 5월 13일 22시,일요일,강원도 인제군 인제읍,중상사고,0,1,3,0,차대차 - 추돌 - 진행중,안전운전불이행,건조,맑음,단일로 - 기타,승합,남,42세,경상,건설기계,남,59세,상해없음
2012051300100537,2012년 5월 13일 23시,일요일,강원도 원주시 명륜동,경상사고,0,0,2,0,차대차 - 추돌 - 주정차중,안전거리미확보,건조,맑음,교차로 - 교차로부근,승용,남,40세,상해없음,승용,남,60세,경상
2012051400100047,2012년 5월 14일 05시,월요일,강원도 원주시 문막읍,중상사고,0,1,0,0,차대차 - 측면직각충돌,신호위반,건조,맑음,교차로 - 교차로안,승용,남,38세,상해없음,승용,남,46세,중상