사고번호,사고일시,요일,시군구,사고내용,사망자수,중상자수,경상자수,부상신고자수,사고유형,법규위반,노면상태,기상상태,도로형태,가해운전자 차종,가해운전자 성별,가해운전자 연령,가해운전자 상해정도,피해운전자 차종,피해운전자 성별,피해운전자 연령,피해운전자 상해정도
2012052300100227,2012년 5월 23일 12시,수요일,강원도 속초시 금호동,경상사고,0,0,1,0,차대차 - 측면직각충돌,안전거리미확보,건조,맑음,단일로 - 기타,승용,여,39세,상해없음,승용,남,49세,경상
2012052300100261,2012년 5월 23일 13시,수요일,강원도 고성군 거진읍,경상사고,0,0,1,0,차대차 - 측면직각충돌,안전운전불이행,건조,맑음,교차로 - 교차로안,승용,여,33세,상해없음,원동기,남,46세,경상
2012052300100291,2012년 5월 23일 14시,수요일,강원도 영월군 북면,중상사고,0,1,0,0,차대사람 - 기타,안전운전불이행,건조,맑음,단일로 - 기타,화물,남,48세,상해없음,보행자,남,30세,중상
2012052300100364,2012년 5월 23일 16시,수요일,강원도 강릉시 교동,경상사고,0,0,2,0,차대차 - 추돌 - 진행중,안전운전불이행,건조,맑음,교차로 - 교차로부근,승용,남,22세,상해없음,승용,남,44세,경상
2012052300100365,2012년 5월 23일 16시,수요일,강원도 철원군 갈말읍,중상사고,0,1,0,0,차대사람 - 횡단중,안전운전불이행,건조,맑음,단일로 - 기타,승용,남,72세,상해없음,보행자,남,8세,중상
2012052300100410,2012년 5월 23일 17시,수요일,강원도 원주시 귀래면,경상사고,0,0,1,0,차대차 - 추돌 - 진행중,안전운전불이행,건조,맑음,단일로 - 기타,화물,남,48세,상해없음,자전거,남,63세,경상
2012052300100411,2012년 5월 23일 17시,수요일,강원도 원주시 단계동,경상사고,0,0,3,0,차대차 - 추돌 - 진행중,안전거리미확보,건조,맑음,교차로 - 교차로부근,승용,남,40세,경상,승용,여,48세,경상
2012052300100503,2012년 5월 23일 19시,수요일,강원도 춘천시 퇴계동,경상사고,0,0,1,0,차대차 - 측면직각충돌,직진우회전진행방해,건조,맑음,교차로 - 교차로안,이륜,남,17세,상해없음,승용,남,59세,상해없음
2012052300100504,2012년 5월 23일 19시,수요일,강원도 춘천시 삼천동,중상사고,0,1,0,0,차대차 - 기타,직진우회전진행방해,건조,맑음,교차로 - 교차로안,승용,여,36세,상해없음,원동기,남,52세,중상
2012052300100505,2012년 5월 23일 19시,수요일,강원도 원주시 단계동,경상사고,0,0,1,0,차대사람 - 횡단중,안전운전불이행,건조,맑음,단일로 - 기타,승용,여,49세,상해없음,보행자,남,14세,경상
2012052300100566,2012년 5월 23일 21시,수요일,강원도 강릉시 견소동,중상사고,0,1,0,0,차대사람 - 기타,안전운전불이행,건조,맑음,단일로 - 기타,승용,남,45세,상해없음,보행자,남,41세,중상
2012052300100608,2012년 5월 23일 22시,수요일,강원도 원주시 학성동,중상사고,0,1,1,0,차대차 - 추돌 - 주정차중,안전운전불이행,건조,맑음,교차로 - 교차로안,기타불명,기타불명,기타불명,기타불명,승용,남,44세,중상
2012052400100102,2012년 5월 24일 07시,목요일,강원도 동해시 단봉동,중상사고,0,1,2,0,차대차 - 추돌 - 진행중,안전거리미확보,건조,맑음,단일로 - 기타,승용,남,52세,경상,화물,남,35세,경상
2012052400100103,2012년 5월 24일 07시,목요일,강원도 동해시 부곡동,경상사고,0,0,1,0,차대차 - 측면직각충돌,차로위반,건조,맑음,교차로 - 교차로부근,승용,남,73세,상해없음,이륜,남,45세,경상
2012052400100181,2012년 5월 24일 09시,목요일,강원도 홍천군 서석면,중상사고,0,1,0,0,차대사람 - 기타,안전운전불이행,건조,맑음,기타 - 기타,화물,남,49세,상해없음,보행자,여,50세,중상
2012052400100235,2012년 5월 24일 11시,목요일,강원도 영월군 영월읍,중상사고,0,1,0,0,차대차 - 정면충돌,교차로운행방법위반,건조,맑음,교차로 - 교차로안,승용,남,68세,상해없음,승용,남,40세,중상
2012052400100253,2012년 5월 24일 12시,목요일,강원도 원주시 반곡동,경상사고,0,0,1,0,차대차 - 측면직각충돌,신호위반,건조,맑음,교차로 - 교차로안,승용,남,39세,상해없음,승용,남,49세,경상
2012052400100254,2012년 5월 24일 12시,목요일,강원도 속초시 교동,경상사고,0,0,2,0,차대차 - 측면직각충돌,교차로운행방법위반,건조,맑음,교차로 - 교차로부근,승용,여,28세,상해없음,승용,여,40세,경상
2012052400100274,2012년 5월 24일 13시,목요일,강원도 원주시 단계동,경상사고,0,0,2,0,차대차 - 측면직각충돌,안전운전불이행,건조,맑음,교차로 - 교차로안,승용,남,58세,상해없음,원동기,남,16세,경상
2012052400100347,2012년 5월 24일 16시,목요일,강원도 동해시 동회동,중상사고,0,1,0,0,차대사람 - 기타,안전운전불이행,건조,맑음,교차로 - 교차로부근,승합,남,63세,상해없음,보행자,남,8세,중상
2012052400100391,2012년 5월 24일 17시,목요일,강원도 춘천시 남산면,경상사고,0,0,1,0,차량단독 - 전도전복,안전운전불이행,건조,맑음,단일로 - 기타,이륜,남,22세,상해없음,,,,
2012052400100392,2012년 5월 24일 17시,목요일,강원도 원주시 봉산동,경상사고,0,0,4,0,차대차 - 측면직각충돌,교차로운행방법위반,건조,맑음,교차로 - 교차로안,승용,남,32세,상해없음,승용,남,23세,경상
2012052400100435,2012년 5월 24일 18시,목요일,강원도 춘천시 후평동,중상사고,0,1,0,0,차대차 - 추돌 - 주정차중,안전운전불이행,건조,맑음,교차로 - 교차로안,화물,남,35세,상해없음,원동기,남,43세,중상
2012052400100469,2012년 5월 24일 19시,목요일,강원도 강릉시 교동,경상사고,0,0,2,0,차대차 - 측면직각충돌,신호위반,건조,맑음,교차로 - 교차로안,승용,남,64세,상해없음,승용,남,31세,경상
2012052400100500,2012년 5월 24일 20시,목요일,강원도 춘천시 사북면,중상사고,0,1,0,0,차대차 - 추돌 - 진행중,안전거리미확보,건조,맑음,단일로 - 기타,승용,남,35세,상해없음,농기계,남,53세,중상
2012052400100502,2012년 5월 24일 20시,목요일,강원도 홍천군 홍천읍,사망사고,1,0,0,0,차대사람 - 기타,안전운전불이행,건조,맑음,단일로 - 기타,원동기,남,16세,상해없음,보행자,남,89세,사망
2012052400100503,2012년 5월 24일 20시,목요일,강원도 강릉시 성산면,중상사고,0,2,0,0,차대차 - 추돌 - 진행중,안전거리미확보,건조,맑음,단일로 - 기타,화물,남,55세,상해없음,화물,남,48세,상해없음
2012052400100535,2012년 5월 24일 21시,목요일,강원도 춘천시 남산면,경상사고,0,0,3,0,차대차 - 추돌 - 주정차중,안전거리미확보,건조,맑음,단일로 - 기타,승용,남,42세,상해없음,승용,여,55세,경상
2012052400100536,2012년 5월 24일 21시,목요일,강원도 강릉시 교동,경상사고,0,0,1,0,차대사람 - 차도통행중,안전운전불이행,건조,맑음,단일로 - 기타,승용,남,28세,상해없음,보행자,남,21세,경상
2012052400100537,2012년 5월 24일 21시,목요일,강원도 삼척시 남양동,중상사고,0,1,0,0,차대사람 - 횡단중,보행자보호의무위반,건조,맑음,단일로 - 횡단보도상,승용,남,22세,상해없음,보행자,여,70세,중상
2012052500100010,2012년 5월 25일 00시,금요일,강원도 원주시 무실동,경상사고,0,0,1,0,차대차 - 추돌 - 진행중,신호위반,건조,맑음,교차로 - 교차로안,기타불명,기타불명,기타불명,기타불명,승용,남,33세,경상
2012052500100142,2012년 5월 25일 08시,금요일,강원도 강릉시 교동,경상사고,0,0,2,0,차대차 - 측면직각충돌,안전운전불이행,건조,맑음,교차로 - 교차로안,승용,남,21세,상해없음,승용,여,39세,경상
2012052500100143,2012년 5월 25일 08시,금요일,강원도 동해시 북평동,경상사고,0,0,2,0,차대차 - 기타,안전거리미확보,건조,맑음,단일로 - 기타,화물,남,69세,상해없음,승용,남,46세,경상
2012052500100185,2012년 5월 25일 09시,금요일,강원도 춘천시 효자동,부상신고사고,0,0,0,1,차대사람 - 기타,안전운전불이행,건조,맑음,교차로 - 교차로안,승용,남,32세,상해없음,보행자,남,53세,부상신고
2012052500100186,2012년 5월 25일 09시,금요일,강원도 동해시 부곡동,중상사고,0,1,0,0,차대차 - 기타,교차로운행방법위반,건조,맑음,단일로 - 기타,화물,남,33세,상해없음,승용,남,59세,중상
2012052500100213,2012년 5월 25일 10시,금요일,강원도 속초시 중앙동,경상사고,0,0,1,0,차대사람 - 횡단중,안전운전불이행,건조,맑음,교차로 - 교차로안,승용,여,45세,상해없음,보행자,여,73세,경상
2012052500100248,2012년 5월 25일 11시,금요일,강원도 원주시 학성동,중상사고,0,1,1,0,차대차 - 측면직각충돌,교차로운행방법위반,건조,맑음,교차로 - 교차로안,화물,남,55세,경상,승용,남,65세,중상
2012052500100277,2012년 5월 25일 12시,금요일,강원도 양양군 강현면,중상사고,0,1,0,0,차대차 - 측면직각충돌,안전운전불이행,건조,맑음,단일로 - 기타,화물,남,48세,상해없음,승용,여,48세,중상
2012052500100378,2012년 5월 25일 15시,금요일,강원도 원주시 단계동,경상사고,0,0,4,0,차대차 - 측면직각충돌,안전거리미확보,건조,맑음,단일로 - 기타,승용,남,21세,상해없음,승용,남,42세,상해없음
2012052500100422,2012년 5월 25일 16시,금요일,강원도 강릉시 포남동,경상사고,0,0,1,0,차대사람 - 횡단중,보행자보호의무위반,건조,맑음,단일로 - 기타,승용,여,38세,상해없음,보행자,남,8세,경상
2012052500100423,2012년 5월 25일 16시,금요일,강원도 강릉시 노암동,경상사고,0,0,1,0,차대차 - 측면직각충돌,안전운전불이행,건조,맑음,단일로 - 기타,승용,남,37세,상해없음,이륜,남,34세,경상
2012052500100452,2012년 5월 25일 17시,금요일,강원도 춘천시 석사동,경상사고,0,0,2,0,차대차 - 측면직각충돌,안전운전불이행,건조,맑음,기타 - 기타,승용,여,51세,상해없음,승용,여,32세,상해없음
2012052500100453,2012년 5월 25일 17시,금요일,강원도 춘천시 사북면,중상사고,0,3,1,0,차대차 - 측면직각충돌,중앙선침범,건조,맑음,교차로 - 교차로안,화물,남,64세,상해없음,화물,남,43세,중상
2012052500100454,2012년 5월 25일 17시,금요일,강원도 원주시 중앙동,경상사고,0,0,1,0,차대차 - 측면직각충돌,차로위반,건조,맑음,교차로 - 교차로안,승용,여,43세,상해없음,승용,남,68세,경상
2012052500100455,2012년 5월 25일 17시,금요일,강원도 원주시 단계동,중상사고,0,1,0,0,차대사람 - 기타,기타,건조,맑음,단일로 - 기타,승합,남,36세,상해없음,보행자,여,81세,중상
2012052500100456,2012년 5월 25일 17시,금요일,강원도 영월군 영월읍,경상사고,0,0,2,0,차대차 - 측면직각충돌,신호위반,건조,맑음,교차로 - 교차로안,화물,남,63세,상해없음,승용,남,41세,경상
2012052500100538,2012년 5월 25일 19시,금요일,강원도 홍천군 홍천읍,경상사고,0,0,2,0,차대차 - 측면직각충돌,신호위반,건조,맑음,교차로 - 교차로안,승용,남,54세,상해없음,승용,여,54세,경상
2012052500100576,2012년 5월 25일 20시,금요일,강원도 춘천시 효자동,경상사고,0,0,1,0,차대차 - 추돌 - 주정차중,안전운전불이행,건조,맑음,교차로 - 교차로부근,승합,남,39세,상해없음,승용,여,44세,경상
2012052500100577,2012년 5월 25일 20시,금요일,강원도 강릉시 포남동,경상사고,0,0,4,0,차대차 - 측면직각충돌,안전운전불이행,건조,맑음,교차로 - 교차로안,승용,남,60세,상해없음,승용,남,31세,경상
2012052500100578,2012년 5월 25일 20시,금요일,강원도 홍천군 서석면,경상사고,0,0,1,0,차대차 - 기타,안전운전불이행,건조,맑음,교차로 - 교차로안,화물,남,25세,상해없음,승용,남,61세,상해없음
2012052500100661,2012년 5월 25일 22시,금요일,강원도 원주시 단구동,중상사고,0,1,0,0,차대차 - 측면직각충돌,차로위반,건조,맑음,단일로 - 기타,승용,남,40세,상해없음,이륜,남,31세,중상
2012052500100662,2012년 5월 25일 22시,금요일,강원도 원주시 단구동,경상사고,0,0,1,0,차대차 - 추돌 - 주정차중,안전운전불이행,건조,맑음,교차로 - 교차로부근,승용,남,52세,상해없음,승용,남,68세,상해없음
2012052600100014,2012년 5월 26일 00시,토요일,강원도 원주시 태장동,중상사고,0,2,2,0,차대차 - 정면충돌,안전운전불이행,건조,맑음,교차로 - 교차로안,승합,남,54세,상해없음,승용,남,25세,경상
2012052600100015,2012년 5월 26일 00시,토요일,강원도 속초시 조양동,경상사고,0,0,7,0,차대차 - 측면직각충돌,교차로운행방법위반,건조,맑음,교차로 - 교차로안,승용,남,42세,상해없음,승용,남,27세,경상
2012052600100016,2012년 5월 26일 00시,토요일,강원도 평창군 대관령면,경상사고,0,0,3,0,차대차 - 측면직각충돌,중앙선침범,건조,맑음,단일로 - 기타,승용,남,58세,상해없음,승용,남,36세,경상
2012052600100045,2012년 5월 26일 01시,토요일,강원도 속초시 동명동,중상사고,0,1,6,0,차대차 - 측면직각충돌,교차로운행방법위반,건조,맑음,교차로 - 교차로안,승용,남,24세,상해없음,승합,남,48세,경상
2012052600100083,2012년 5월 26일 03시,토요일,강원도 삼척시 교동,중상사고,0,1,1,0,차대차 - 측면직각충돌,안전운전불이행,건조,맑음,교차로 - 교차로안,승용,남,22세,상해없음,승용,남,25세,중상
2012052600100084,2012년 5월 26일 03시,토요일,강원도 횡성군 우천면,경상사고,0,0,1,0,차대차 - 추돌 - 진행중,안전운전불이행,건조,맑음,단일로 - 기타,승용,남,33세,상해없음,화물,남,51세,경상
2012052600100150,2012년 5월 26일 07시,토요일,강원도 춘천시 사농동,경상사고,0,0,1,0,차대차 - 측면직각충돌,안전운전불이행,건조,맑음,교차로 - 교차로안,승용,여,46세,상해없음,원동기,남,79세,경상
2012052600100151,2012년 5월 26일 07시,토요일,강원도 태백시 통동,경상사고,0,0,3,0,차대차 - 측면직각충돌,교차로운행방법위반,건조,맑음,교차로 - 교차로안,승용,남,38세,경상,승용,남,39세,상해없음
2012052600100177,2012년 5월 26일 08시,토요일,강원도 원주시 흥업면,중상사고,0,1,0,0,차대차 - 측면직각충돌,안전운전불이행,건조,맑음,교차로 - 교차로부근,승용,남,36세,상해없음,승용,남,55세,중상
2012052600100202,2012년 5월 26일 09시,토요일,강원도 원주시 명륜동,경상사고,0,0,1,0,차대차 - 기타,안전운전불이행,건조,맑음,단일로 - 기타,승합,남,20세,상해없음,승용,남,59세,경상
2012052600100261,2012년 5월 26일 11시,토요일,강원도 춘천시 효자동,경상사고,0,0,1,0,차대차 - 측면직각충돌,안전운전불이행,건조,맑음,단일로 - 기타,승용,남,79세,상해없음,승용,남,41세,경상
2012052600100262,2012년 5월 26일 11시,토요일,강원도 강릉시 안현동,경상사고,0,0,1,0,차대차 - 측면직각충돌,안전운전불이행,건조,맑음,단일로 - 횡단보도상,승용,남,53세,상해없음,자전거,남,11세,경상
2012052600100263,2012년 5월 26일 11시,토요일,강원도 홍천군 화촌면,중상사고,0,1,5,0,차대차 - 기타,중앙선침범,건조,맑음,교차로 - 교차로부근,화물,남,46세,상해없음,특수,남,21세,경상
2012052600100292,2012년 5월 26일 12시,토요일,강원도 춘천시 퇴계동,경상사고,0,0,1,1,차대차 - 측면직각충돌,차로위반,건조,맑음,단일로 - 기타,승용,남,57세,상해없음,승용,여,53세,경상
2012052600100328,2012년 5월 26일 13시,토요일,강원도 원주시 소초면,경상사고,0,0,1,0,차대차 - 측면직각충돌,안전운전불이행,건조,맑음,교차로 - 교차로안,승용,남,39세,상해없음,자전거,여,90세 이상,경상
2012052600100329,2012년 5월 26일 13시,토요일,강원도 원주시 신림면,중상사고,0,3,0,0,차량단독 - 공작물충돌,안전운전불이행,건조,맑음,단일로 - 기타,승용,여,41세,중상,,,,
2012052600100330,2012년 5월 26일 13시,토요일,강원도 원주시 명륜동,경상사고,0,0,1,0,차대차 - 측면직각충돌,안전거리미확보,건조,맑음,단일로 - 기타,승용,여,54세,상해없음,승합,남,59세,경상
2012052600100364,2012년 5월 26일 14시,토요일,강원도 강릉시 성산면,사망사고,1,3,0,0,차대차 - 측면직각충돌,중앙선침범,건조,맑음,단일로 - 기타,승용,남,36세,사망,승용,남,40세,중상
2012052600100365,2012년 5월 26일 14시,토요일,강원도 영월군 북면,중상사고,0,2,0,0,차대차 - 정면충돌,중앙선침범,건조,맑음,단일로 - 기타,화물,남,51세,상해없음,건설기계,남,49세,중상
2012052600100366,2012년 5월 26일 14시,토요일,강원도 홍천군 홍천읍,중상사고,0,1,0,0,차대차 - 측면직각충돌,교차로운행방법위반,건조,맑음,교차로 - 교차로안,승용,남,37세,상해없음,원동기,남,25세,중상
2012052600100367,2012년 5월 26일 14시,토요일,강원도 고성군 거진읍,경상사고,0,0,2,0,차대차 - 추돌 - 주정차중,안전운전불이행,건조,맑음,단일로 - 횡단보도부근,승용,남,77세,상해없음,승용,남,68세,경상
2012052600100400,2012년 5월 26일 15시,토요일,강원도 동해시 천곡동,경상사고,0,0,1,0,차대사람 - 차도통행중,안전운전불이행,건조,맑음,단일로 - 기타,승용,여,48세,상해없음,보행자,여,5세,경상
2012052600100441,2012년 5월 26일 16시,토요일,강원도 고성군 토성면,중상사고,0,2,9,0,차대차 - 추돌 - 진행중,안전운전불이행,건조,맑음,단일로 - 기타,승합,남,56세,상해없음,승용,남,39세,경상
2012052600100442,2012년 5월 26일 16시,토요일,강원도 동해시 이도동,경상사고,0,0,1,0,차대차 - 측면직각충돌,안전운전불이행,건조,맑음,단일로 - 기타,승용,남,18세,상해없음,승용,남,33세,경상
2012052600100506,2012년 5월 26일 18시,토요일,강원도 원주시 단구동,경상사고,0,0,2,0,차대차 - 측면직각충돌,안전거리미확보,건조,맑음,교차로 - 교차로부근,화물,남,86세,상해없음,승용,남,73세,경상
2012052600100507,2012년 5월 26일 18시,토요일,강원도 원주시 단계동,중상사고,0,1,0,0,차대차 - 측면직각충돌,안전운전불이행,건조,맑음,단일로 - 기타,승용,여,48세,상해없음,승용,여,40세,중상
2012052600100508,2012년 5월 26일 18시,토요일,강원도 삼척시 근덕면,중상사고,0,1,1,0,차대차 - 측면직각충돌,안전운전불이행,건조,맑음,단일로 - 기타,승용,남,29세,상해없음,승용,남,46세,중상
2012052600100509,2012년 5월 26일 18시,토요일,강원도 인제군 북면,경상사고,0,0,1,0,차대차 - 추돌 - 주정차중,중앙선침범,건조,맑음,단일로 - 기타,승용,남,51세,상해없음,이륜,남,27세,경상
2012052600100545,2012년 5월 26일 19시,토요일,강원도 원주시 신림면,경상사고,0,0,3,0,차대차 - 측면직각충돌,교차로운행방법위반,건조,맑음,교차로 - 교차로안,승용,남,27세,상해없음,승용,남,58세,경상
2012052600100577,2012년 5월 26일 20시,토요일,강원도 홍천군 서석면,경상사고,0,0,1,0,차대사람 - 차도통행중,안전운전불이행,건조,맑음,단일로 - 기타,기타불명,기타불명,기타불명,기타불명,보행자,여,70세,경상
2012052600100680,2012년 5월 26일 23시,토요일,강원도 양양군 현북면,중상사고,0,1,0,0,차량단독 - 공작물충돌,안전운전불이행,건조,맑음,단일로 - 기타,화물,남,63세,상해없음,,,,
2012052700100096,2012년 5월 27일 04시,일요일,강원도 춘천시 퇴계동,사망사고,1,0,0,0,차대사람 - 횡단중,보행자보호의무위반,건조,맑음,교차로 - 교차로안,승용,남,27세,상해없음,보행자,여,82세,사망
2012052700100127,2012년 5월 27일 06시,일요일,강원도 강릉시 강문동,경상사고,0,0,3,0,차대차 - 추돌 - 주정차중,안전운전불이행,건조,맑음,단일로 - 기타,승용,남,27세,상해없음,승합,남,46세,경상
2012052700100139,2012년 5월 27일 07시,일요일,강원도 춘천시 효자동,중상사고,0,1,0,0,차대차 - 측면직각충돌,불법유턴,건조,맑음,단일로 - 기타,승용,남,59세,상해없음,승용,여,52세,중상
2012052700100140,2012년 5월 27일 07시,일요일,강원도 동해시 이도동,중상사고,0,3,0,0,차대차 - 측면직각충돌,신호위반,건조,맑음,교차로 - 교차로안,화물,남,67세,상해없음,승용,남,48세,중상
2012052700100178,2012년 5월 27일 10시,일요일,강원도 춘천시 근화동,경상사고,0,0,1,0,차대차 - 측면직각충돌,안전운전불이행,건조,맑음,단일로 - 기타,승용,남,51세,상해없음,이륜,남,42세,경상
2012052700100179,2012년 5월 27일 10시,일요일,강원도 태백시 황지동,경상사고,0,0,1,0,차대차 - 측면직각충돌,신호위반,건조,맑음,교차로 - 교차로부근,승용,남,58세,상해없음,승용,남,42세,경상
2012052700100209,2012년 5월 27일 11시,일요일,강원도 양양군 강현면,경상사고,0,0,3,0,차대차 - 추돌 - 주정차중,안전운전불이행,건조,맑음,교차로 - 교차로부근,승용,남,33세,상해없음,승용,남,56세,경상
2012052700100210,2012년 5월 27일 11시,일요일,강원도 속초시 조양동,중상사고,0,1,0,0,차대차 - 추돌 - 진행중,안전운전불이행,건조,맑음,단일로 - 기타,승용,남,39세,상해없음,승용,남,62세,중상
2012052700100266,2012년 5월 27일 13시,일요일,강원도 춘천시 동내면,경상사고,0,0,3,0,차대차 - 측면직각충돌,안전운전불이행,건조,흐림,교차로 - 교차로안,승용,여,20세,상해없음,승용,남,43세,경상
2012052700100267,2012년 5월 27일 13시,일요일,강원도 원주시 명륜동,경상사고,0,0,1,0,차대차 - 추돌 - 진행중,차로위반,건조,맑음,단일로 - 기타,화물,남,45세,상해없음,이륜,남,24세,경상
2012052700100268,2012년 5월 27일 13시,일요일,강원도 양양군 강현면,경상사고,0,0,1,0,차대차 - 측면직각충돌,교차로운행방법위반,건조,흐림,교차로 - 교차로안,승용,남,45세,상해없음,승용,남,49세,경상
2012052700100269,2012년 5월 27일 13시,일요일,강원도 홍천군 서석면,중상사고,0,2,2,0,차대차 - 기타,안전거리미확보,습기,비,교차로 - 교차로안,화물,남,60세,상해없음,승용,남,31세,경상
2012052700100294,2012년 5월 27일 14시,일요일,강원도 춘천시 중도동,경상사고,0,0,1,0,차대사람 - 길가장자리구역통행중,안전운전불이행,건조,맑음,단일로 - 기타,이륜,남,8세,상해없음,보행자,여,23세,경상
2012052700100295,2012년 5월 27일 14시,일요일,강원도 영월군 한반도면,중상사고,0,4,0,0,차대차 - 정면충돌,중앙선침범,건조,흐림,단일로 - 기타,승용,남,41세,상해없음,승용,남,57세,중상
2012052700100296,2012년 5월 27일 14시,일요일,강원도 정선군 임계면,중상사고,0,1,2,0,차대차 - 추돌 - 진행중,안전운전불이행,습기,비,단일로 - 기타,승용,남,39세,상해없음,건설기계,남,42세,중상
2012052700100319,2012년 5월 27일 15시,일요일,강원도 속초시 교동,경상사고,0,0,3,0,차대차 - 측면직각충돌,안전거리미확보,건조,맑음,단일로 - 기타,원동기,남,20세,상해없음,승합,여,43세,경상
2012052700100320,2012년 5월 27일 15시,일요일,강원도 횡성군 공근면,경상사고,0,0,2,0,차대차 - 추돌 - 주정차중,안전운전불이행,건조,흐림,단일로 - 기타,승용,남,24세,상해없음,승용,남,48세,경상
2012052700100350,2012년 5월 27일 16시,일요일,강원도 속초시 영랑동,중상사고,0,1,1,0,차대차 - 추돌 - 진행중,중앙선침범,건조,맑음,교차로 - 교차로부근,승합,남,49세,상해없음,이륜,남,16세,경상
2012052700100450,2012년 5월 27일 19시,일요일,강원도 춘천시 퇴계동,경상사고,0,0,3,0,차대차 - 측면직각충돌,중앙선침범,건조,맑음,단일로 - 기타,승용,여,22세,상해없음,승용,남,31세,경상
2012052700100451,2012년 5월 27일 19시,일요일,강원도 춘천시 후평동,경상사고,0,0,1,0,차대차 - 측면직각충돌,중앙선침범,건조,맑음,단일로 - 기타,승용,남,43세,상해없음,화물,남,43세,경상
2012052700100452,2012년 5월 27일 19시,일요일,강원도 양구군 양구읍,중상사고,0,2,0,0,차대차 - 측면직각충돌,신호위반,건조,맑음,교차로 - 교차로안,원동기,남,16세,중상,승용,남,44세,상해없음
2012052700100479,2012년 5월 27일 20시,일요일,강원도 춘천시 운교동,중상사고,0,1,0,0,차대차 - 측면직각충돌,안전운전불이행,건조,맑음,단일로 - 횡단보도상,이륜,남,25세,상해없음,자전거,남,61세,중상
2012052700100480,2012년 5월 27일 20시,일요일,강원도 원주시 명륜동,경상사고,0,0,3,0,차대차 - 측면직각충돌,직진우회전진행방해,건조,흐림,교차로 - 교차로안,승용,남,66세,상해없음,승용,남,30세,경상
2012052700100481,2012년 5월 27일 20시,일요일,강원도 정선군 고한읍,중상사고,0,1,0,0,차대차 - 기타,안전운전불이행,건조,맑음,기타 - 기타,승용,남,29세,상해없음,자전거,남,46세,중상
2012052700100512,2012년 5월 27일 21시,일요일,강원도 춘천시 동내면,경상사고,0,0,3,0,차대차 - 추돌 - 진행중,안전운전불이행,건조,맑음,교차로 - 교차로부근,승용,남,47세,상해없음,승용,여,52세,경상
2012052700100513,2012년 5월 27일 21시,일요일,강원도 강릉시 포남동,중상사고,0,1,1,0,차대차 - 측면직각충돌,안전운전불이행,건조,맑음,교차로 - 교차로안,승용,남,55세,상해없음,원동기,남,21세,중상
2012052700100535,2012년 5월 27일 22시,일요일,강원도 태백시 황지동,경상사고,0,0,2,0,차대사람 - 횡단중,안전운전불이행,건조,맑음,교차로 - 교차로부근,승용,남,59세,상해없음,보행자,남,45세,경상
2012052700100564,2012년 5월 27일 23시,일요일,강원도 춘천시 효자동,경상사고,0,0,5,0,차대차 - 측면직각충돌,기타,건조,흐림,단일로 - 기타,승용,남,25세,상해없음,승용,남,47세,경상
2012052700100565,2012년 5월 27일 23시,일요일,강원도 춘천시 남산면,중상사고,0,1,1,0,차대차 - 추돌 - 진행중,안전거리미확보,건조,맑음,단일로 - 기타,이륜,남,22세,중상,승용,남,32세,경상
2012052800100058,2012년 5월 28일 04시,월요일,강원도 원주시 단구동,경상사고,0,0,1,1,차량단독 - 공작물충돌,안전운전불이행,건조,맑음,교차로 - 교차로부근,승용,남,23세,부상신고,,,,
2012052800100059,2012년 5월 28일 04시,월요일,강원도 동해시 삼화동,중상사고,0,1,0,0,차대사람 - 횡단중,안전운전불이행,건조,맑음,단일로 - 기타,이륜,남,77세,상해없음,보행자,남,48세,중상
2012052800100113,2012년 5월 28일 08시,월요일,강원도 원주시 태장동,경상사고,0,0,1,0,차대차 - 측면직각충돌,안전운전불이행,건조,맑음,교차로 - 교차로안,원동기,남,69세,경상,화물,남,58세,상해없음
2012052800100133,2012년 5월 28일 09시,월요일,강원도 정선군 정선읍,중상사고,0,1,1,0,차대차 - 정면충돌,중앙선침범,건조,맑음,단일로 - 기타,원동기,남,76세,중상,승용,남,57세,경상
2012052800100152,2012년 5월 28일 10시,월요일,강원도 원주시 문막읍,경상사고,0,0,2,0,차대차 - 측면직각충돌,신호위반,건조,맑음,교차로 - 교차로안,승용,남,37세,상해없음,승용,여,30세,경상
2012052800100153,2012년 5월 28일 10시,월요일,강원도 동해시 묵호진동,중상사고,0,1,3,0,차대차 - 추돌 - 진행중,안전운전불이행,건조,맑음,단일로 - 기타,승용,남,62세,상해없음,승합,남,37세,경상
2012052800100179,2012년 5월 28일 11시,월요일,강원도 강릉시 성남동,경상사고,0,0,1,0,차대사람 - 기타,안전운전불이행,건조,맑음,단일로 - 기타,이륜,남,53세,상해없음,보행자,남,59세,경상
2012052800100210,2012년 5월 28일 12시,월요일,강원도 속초시 조양동,중상사고,0,1,1,0,차대차 - 측면직각충돌,신호위반,건조,맑음,교차로 - 교차로안,승용,남,30세,상해없음,승용,여,48세,중상
2012052800100211,2012년 5월 28일 12시,월요일,강원도 평창군 대화면,중상사고,0,2,3,0,차대차 - 측면직각충돌,안전운전불이행,건조,맑음,교차로 - 교차로안,승용,여,53세,상해없음,승용,남,51세,경상
2012052800100212,2012년 5월 28일 12시,월요일,강원도 평창군 대화면,경상사고,0,0,2,0,차대차 - 추돌 - 진행중,안전운전불이행,건조,맑음,교차로 - 교차로부근,특수,남,49세,상해없음,승용,여,55세,경상