사고번호,사고일시,요일,시군구,사고내용,사망자수,중상자수,경상자수,부상신고자수,사고유형,법규위반,노면상태,기상상태,도로형태,가해운전자 차종,가해운전자 성별,가해운전자 연령,가해운전자 상해정도,피해운전자 차종,피해운전자 성별,피해운전자 연령,피해운전자 상해정도
2012060200100600,2012년 6월 2일 21시,토요일,강원도 원주시 우산동,경상사고,0,0,1,0,차대차 - 추돌 - 주정차중,안전거리미확보,건조,맑음,교차로 - 교차로부근,승용,남,64세,상해없음,승용,여,54세,경상
2012060200100621,2012년 6월 2일 22시,토요일,강원도 원주시 흥업면,경상사고,0,0,1,0,차대차 - 측면직각충돌,신호위반,건조,맑음,교차로 - 교차로안,이륜,남,19세,상해없음,승용,여,29세,상해없음
2012060300100012,2012년 6월 3일 00시,일요일,강원도 춘천시 남산면,경상사고,0,0,3,0,차대차 - 측면직각충돌,안전운전불이행,건조,맑음,단일로 - 기타,승용,남,48세,상해없음,승용,여,33세,경상
2012060300100101,2012년 6월 3일 06시,일요일,강원도 삼척시 원당동,경상사고,0,0,1,0,차대차 - 측면직각충돌,중앙선침범,건조,맑음,단일로 - 기타,화물,남,60세,상해없음,승용,여,31세,경상
2012060300100213,2012년 6월 3일 12시,일요일,강원도 동해시 북평동,경상사고,0,0,1,0,차대차 - 정면충돌,안전운전불이행,건조,맑음,단일로 - 기타,승용,남,64세,상해없음,승용,남,56세,경상
2012060300100268,2012년 6월 3일 14시,일요일,강원도 원주시 반곡동,경상사고,0,0,1,0,차대차 - 측면직각충돌,중앙선침범,건조,맑음,단일로 - 기타,자전거,남,15세,경상,승용,여,38세,상해없음
2012060300100293,2012년 6월 3일 15시,일요일,강원도 춘천시 퇴계동,중상사고,0,1,0,0,차대차 - 측면직각충돌,안전운전불이행,건조,맑음,교차로 - 교차로안,승용,남,48세,상해없음,원동기,남,50세,중상
2012060300100294,2012년 6월 3일 15시,일요일,강원도 양양군 양양읍,경상사고,0,0,2,0,차대차 - 측면직각충돌,교차로운행방법위반,건조,맑음,교차로 - 교차로안,승용,여,36세,상해없음,승용,남,50세,상해없음
2012060300100324,2012년 6월 3일 16시,일요일,강원도 춘천시 효자동,경상사고,0,0,1,0,차대차 - 측면직각충돌,안전거리미확보,건조,맑음,단일로 - 기타,승용,남,26세,상해없음,승용,남,66세,경상
2012060300100325,2012년 6월 3일 16시,일요일,강원도 춘천시 동내면,경상사고,0,0,2,0,차대차 - 측면직각충돌,직진우회전진행방해,건조,맑음,교차로 - 교차로안,화물,남,57세,상해없음,화물,남,28세,경상
2012060300100326,2012년 6월 3일 16시,일요일,강원도 춘천시 효자동,경상사고,0,0,1,0,차대차 - 측면직각충돌,직진우회전진행방해,건조,맑음,교차로 - 교차로안,승합,남,56세,상해없음,원동기,남,18세,경상
2012060300100357,2012년 6월 3일 17시,일요일,강원도 춘천시 중앙로2가,경상사고,0,0,1,0,차대차 - 측면직각충돌,안전거리미확보,건조,맑음,단일로 - 기타,승용,남,53세,상해없음,원동기,남,17세,경상
2012060300100358,2012년 6월 3일 17시,일요일,강원도 양양군 양양읍,중상사고,0,3,1,0,차대차 - 측면직각충돌,안전운전불이행,건조,맑음,교차로 - 교차로안,승용,남,26세,상해없음,승용,남,37세,중상
2012060300100392,2012년 6월 3일 18시,일요일,강원도 강릉시 포남동,경상사고,0,0,8,0,차대차 - 추돌 - 주정차중,안전운전불이행,건조,맑음,단일로 - 기타,승용,남,45세,상해없음,승용,남,38세,경상
2012060300100420,2012년 6월 3일 19시,일요일,강원도 원주시 신림면,중상사고,0,1,0,0,차대차 - 측면직각충돌,중앙선침범,건조,맑음,교차로 - 교차로안,화물,남,50세,상해없음,승용,남,52세,중상
2012060300100495,2012년 6월 3일 21시,일요일,강원도 춘천시 근화동,경상사고,0,0,2,0,차대차 - 측면직각충돌,안전운전불이행,건조,맑음,단일로 - 기타,승용,여,32세,상해없음,승용,남,50세,경상
2012060300100496,2012년 6월 3일 21시,일요일,강원도 속초시 노학동,경상사고,0,0,1,0,차대사람 - 차도통행중,안전운전불이행,건조,맑음,단일로 - 기타,원동기,남,17세,상해없음,보행자,여,19세,경상
2012060300100497,2012년 6월 3일 21시,일요일,강원도 삼척시 정상동,경상사고,0,0,1,0,차량단독 - 공작물충돌,기타,건조,맑음,단일로 - 기타,화물,남,43세,상해없음,,,,
2012060300100532,2012년 6월 3일 23시,일요일,강원도 동해시 발한동,중상사고,0,3,0,0,차량단독 - 공작물충돌,안전운전불이행,건조,흐림,단일로 - 기타,승용,여,42세,상해없음,,,,
2012060400100009,2012년 6월 4일 00시,월요일,강원도 속초시 교동,경상사고,0,0,2,0,차대차 - 측면직각충돌,안전운전불이행,건조,맑음,단일로 - 기타,화물,남,40세,상해없음,승용,남,32세,경상
2012060400100044,2012년 6월 4일 06시,월요일,강원도 속초시 조양동,경상사고,0,0,1,0,차대차 - 측면직각충돌,신호위반,건조,맑음,교차로 - 교차로안,승용,남,68세,상해없음,승용,여,58세,경상
2012060400100102,2012년 6월 4일 08시,월요일,강원도 춘천시 운교동,경상사고,0,0,1,0,차대차 - 추돌 - 진행중,안전거리미확보,건조,맑음,교차로 - 교차로안,승용,여,57세,상해없음,승용,여,45세,경상
2012060400100135,2012년 6월 4일 09시,월요일,강원도 영월군 수주면,경상사고,0,0,1,0,차대차 - 측면직각충돌,교차로운행방법위반,건조,맑음,교차로 - 교차로안,승용,여,40세,상해없음,이륜,남,61세,경상
2012060400100191,2012년 6월 4일 11시,월요일,강원도 홍천군 남면,경상사고,0,0,2,0,차대차 - 기타,직진우회전진행방해,건조,맑음,교차로 - 교차로안,승용,남,52세,상해없음,화물,남,20세,경상
2012060400100192,2012년 6월 4일 11시,월요일,강원도 화천군 화천읍,경상사고,0,0,1,0,차대차 - 측면직각충돌,안전운전불이행,건조,맑음,단일로 - 기타,승용,남,75세,상해없음,승용,여,33세,경상
2012060400100215,2012년 6월 4일 12시,월요일,강원도 강릉시 주문진읍,경상사고,0,0,1,0,차대차 - 측면직각충돌,안전운전불이행,건조,맑음,단일로 - 기타,승용,여,62세,상해없음,화물,남,53세,상해없음
2012060400100247,2012년 6월 4일 13시,월요일,강원도 원주시 단구동,중상사고,0,1,0,0,차대차 - 추돌 - 주정차중,안전운전불이행,건조,맑음,교차로 - 교차로부근,승용,남,50세,상해없음,승용,남,32세,중상
2012060400100319,2012년 6월 4일 15시,월요일,강원도 춘천시 신북읍,경상사고,0,0,1,0,차대차 - 측면직각충돌,안전운전불이행,건조,맑음,교차로 - 교차로부근,승용,남,38세,상해없음,승용,여,63세,경상
2012060400100361,2012년 6월 4일 16시,월요일,강원도 철원군 동송읍,중상사고,0,1,0,0,차대차 - 측면직각충돌,안전운전불이행,건조,맑음,단일로 - 기타,승용,남,61세,상해없음,승용,여,56세,중상
2012060400100362,2012년 6월 4일 16시,월요일,강원도 철원군 서면,중상사고,0,1,0,0,차량단독 - 전도전복,안전운전불이행,건조,맑음,단일로 - 기타,승용,남,51세,중상,,,,
2012060400100393,2012년 6월 4일 17시,월요일,강원도 원주시 명륜동,중상사고,0,2,0,0,차대차 - 측면직각충돌,불법유턴,건조,맑음,단일로 - 기타,화물,남,57세,상해없음,이륜,남,18세,중상
2012060400100467,2012년 6월 4일 19시,월요일,강원도 강릉시 남문동,중상사고,0,1,0,0,차대차 - 추돌 - 주정차중,안전운전불이행,건조,맑음,단일로 - 기타,자전거,남,63세,중상,승합,남,56세,상해없음
2012060400100468,2012년 6월 4일 19시,월요일,강원도 영월군 영월읍,부상신고사고,0,0,0,1,차대사람 - 기타,안전운전불이행,건조,맑음,단일로 - 기타,화물,남,45세,상해없음,보행자,여,10세,부상신고
2012060400100490,2012년 6월 4일 20시,월요일,강원도 속초시 교동,경상사고,0,0,3,0,차대차 - 측면직각충돌,안전운전불이행,건조,맑음,단일로 - 기타,승용,남,52세,상해없음,승용,여,52세,경상
2012060400100526,2012년 6월 4일 21시,월요일,강원도 강릉시 입암동,경상사고,0,0,1,0,차대차 - 추돌 - 주정차중,안전운전불이행,건조,맑음,단일로 - 기타,승용,남,32세,상해없음,자전거,남,24세,경상
2012060400100591,2012년 6월 4일 23시,월요일,강원도 원주시 무실동,경상사고,0,0,1,0,차량단독 - 공작물충돌,불법유턴,건조,맑음,단일로 - 기타,승용,여,48세,상해없음,,,,
2012060400100592,2012년 6월 4일 23시,월요일,강원도 삼척시 사직동,경상사고,0,0,1,0,차대사람 - 길가장자리구역통행중,안전운전불이행,건조,맑음,단일로 - 기타,기타불명,기타불명,기타불명,기타불명,보행자,여,46세,경상
2012060500100010,2012년 6월 5일 00시,화요일,강원도 원주시 단계동,경상사고,0,0,1,0,차대사람 - 기타,기타,건조,맑음,단일로 - 기타,승용,남,45세,상해없음,보행자,남,40세,경상
2012060500100028,2012년 6월 5일 01시,화요일,강원도 강릉시 입암동,경상사고,0,0,1,0,차대차 - 기타,안전운전불이행,건조,맑음,단일로 - 기타,승용,남,35세,상해없음,화물,남,57세,경상
2012060500100117,2012년 6월 5일 08시,화요일,강원도 원주시 개운동,경상사고,0,0,1,0,차대사람 - 기타,안전운전불이행,건조,맑음,단일로 - 기타,승합,남,41세,상해없음,보행자,남,16세,경상
2012060500100118,2012년 6월 5일 08시,화요일,강원도 화천군 화천읍,중상사고,0,1,1,0,차대차 - 측면직각충돌,중앙선침범,건조,맑음,단일로 - 기타,화물,남,50세,중상,승합,남,22세,상해없음
2012060500100162,2012년 6월 5일 09시,화요일,강원도 태백시 황지동,경상사고,0,0,1,0,차대차 - 측면직각충돌,교차로운행방법위반,건조,맑음,교차로 - 교차로안,승용,남,71세,상해없음,승용,남,36세,경상
2012060500100200,2012년 6월 5일 10시,화요일,강원도 춘천시 소양로1가,중상사고,0,1,0,0,차대차 - 추돌 - 진행중,안전운전불이행,건조,맑음,단일로 - 기타,승용,남,51세,상해없음,자전거,남,63세,중상
2012060500100201,2012년 6월 5일 10시,화요일,강원도 고성군 거진읍,경상사고,0,0,1,0,차대차 - 정면충돌,안전운전불이행,건조,맑음,교차로 - 교차로안,승용,여,51세,상해없음,승용,여,27세,경상
2012060500100270,2012년 6월 5일 13시,화요일,강원도 원주시 흥업면,경상사고,0,0,1,0,차대차 - 측면직각충돌,직진우회전진행방해,건조,맑음,교차로 - 교차로안,승합,남,59세,상해없음,자전거,남,23세,경상
2012060500100294,2012년 6월 5일 14시,화요일,강원도 원주시 우산동,경상사고,0,0,1,0,차대사람 - 차도통행중,보행자보호의무위반,건조,맑음,단일로 - 기타,승용,남,36세,상해없음,보행자,여,20세,경상
2012060500100365,2012년 6월 5일 16시,화요일,강원도 춘천시 약사동,중상사고,0,1,0,0,차대차 - 기타,중앙선침범,건조,맑음,단일로 - 기타,승용,여,72세,상해없음,이륜,남,53세,기타불명
2012060500100398,2012년 6월 5일 17시,화요일,강원도 속초시 청호동,경상사고,0,0,2,0,차대차 - 측면직각충돌,교차로운행방법위반,건조,맑음,교차로 - 교차로안,승용,남,59세,상해없음,승용,남,64세,경상
2012060500100440,2012년 6월 5일 18시,화요일,강원도 속초시 중앙동,중상사고,0,1,0,0,차대차 - 측면직각충돌,교차로운행방법위반,건조,맑음,교차로 - 교차로안,승용,여,56세,상해없음,원동기,남,20세,중상
2012060500100570,2012년 6월 5일 21시,화요일,강원도 원주시 문막읍,사망사고,1,0,2,0,차대차 - 기타,보행자보호의무위반,건조,맑음,교차로 - 교차로부근,승용,남,67세,경상,승용,여,50세,상해없음
2012060500100571,2012년 6월 5일 21시,화요일,강원도 철원군 갈말읍,중상사고,0,1,0,0,차대차 - 측면직각충돌,신호위반,건조,맑음,교차로 - 교차로안,승용,남,45세,상해없음,승용,남,32세,중상
2012060500100609,2012년 6월 5일 22시,화요일,강원도 춘천시 퇴계동,경상사고,0,0,1,0,차대차 - 기타,안전운전불이행,건조,맑음,단일로 - 기타,승용,남,21세,상해없음,승합,남,39세,경상
2012060500100610,2012년 6월 5일 22시,화요일,강원도 춘천시 동내면,경상사고,0,0,1,0,차대사람 - 기타,안전운전불이행,건조,맑음,교차로 - 교차로부근,승용,남,23세,상해없음,보행자,남,41세,경상
2012060500100611,2012년 6월 5일 22시,화요일,강원도 원주시 소초면,경상사고,0,0,3,0,차대차 - 기타,차로위반,건조,맑음,단일로 - 기타,승용,기타불명,기타불명,기타불명,승용,남,39세,경상
2012060500100652,2012년 6월 5일 23시,화요일,강원도 원주시 문막읍,중상사고,0,1,0,0,차대차 - 기타,기타,건조,맑음,단일로 - 기타,기타불명,기타불명,기타불명,기타불명,승용,남,20세,중상
2012060500100653,2012년 6월 5일 23시,화요일,강원도 원주시 단계동,경상사고,0,0,1,0,차대차 - 측면직각충돌,안전운전불이행,건조,맑음,교차로 - 교차로부근,승용,남,43세,상해없음,이륜,남,27세,경상
2012060600100064,2012년 6월 6일 02시,수요일,강원도 횡성군 횡성읍,사망사고,1,0,0,0,차량단독 - 공작물충돌,안전운전불이행,건조,맑음,단일로 - 기타,이륜,남,18세,사망,,,,
2012060600100093,2012년 6월 6일 04시,수요일,강원도 강릉시 노암동,중상사고,0,1,0,0,차대차 - 측면직각충돌,신호위반,건조,맑음,교차로 - 교차로안,이륜,남,74세,중상,승용,남,55세,상해없음
2012060600100131,2012년 6월 6일 07시,수요일,강원도 동해시 천곡동,경상사고,0,0,1,0,차대차 - 측면직각충돌,신호위반,건조,맑음,교차로 - 교차로안,승용,남,47세,상해없음,승용,남,51세,경상
2012060600100149,2012년 6월 6일 08시,수요일,강원도 원주시 평원동,경상사고,0,0,2,0,차대차 - 기타,안전운전불이행,건조,맑음,단일로 - 기타,화물,남,69세,상해없음,화물,남,68세,경상
2012060600100170,2012년 6월 6일 09시,수요일,강원도 강릉시 입암동,경상사고,0,0,2,0,차대차 - 측면직각충돌,신호위반,건조,맑음,교차로 - 교차로안,화물,남,53세,상해없음,승용,여,51세,경상
2012060600100171,2012년 6월 6일 09시,수요일,강원도 동해시 천곡동,중상사고,0,2,0,0,차대차 - 측면직각충돌,교차로운행방법위반,건조,맑음,교차로 - 교차로안,승용,남,27세,상해없음,승용,여,51세,중상
2012060600100248,2012년 6월 6일 12시,수요일,강원도 춘천시 후평동,경상사고,0,0,2,0,차대차 - 측면직각충돌,기타,건조,맑음,단일로 - 기타,화물,남,69세,경상,승용,남,30세,경상
2012060600100269,2012년 6월 6일 13시,수요일,강원도 동해시 천곡동,중상사고,0,1,0,0,차대차 - 측면직각충돌,신호위반,건조,맑음,교차로 - 교차로안,승용,남,50세,상해없음,승용,남,35세,중상
2012060600100375,2012년 6월 6일 16시,수요일,강원도 원주시 문막읍,경상사고,0,0,2,0,차대차 - 측면직각충돌,교차로운행방법위반,건조,맑음,교차로 - 교차로부근,승용,여,54세,경상,화물,남,39세,상해없음
2012060600100376,2012년 6월 6일 16시,수요일,강원도 원주시 단계동,중상사고,0,1,0,0,차대차 - 추돌 - 주정차중,안전운전불이행,건조,맑음,단일로 - 기타,화물,남,44세,상해없음,승용,여,41세,중상
2012060600100401,2012년 6월 6일 17시,수요일,강원도 원주시 우산동,중상사고,0,1,0,0,차대차 - 측면직각충돌,안전거리미확보,건조,맑음,교차로 - 교차로부근,화물,남,43세,상해없음,승용,여,53세,중상
2012060600100402,2012년 6월 6일 17시,수요일,강원도 홍천군 화촌면,중상사고,0,1,1,0,차대차 - 기타,안전거리미확보,건조,맑음,교차로 - 교차로부근,승용,남,60세,상해없음,화물,남,53세,중상
2012060600100472,2012년 6월 6일 19시,수요일,강원도 홍천군 북방면,중상사고,0,1,0,0,차대사람 - 기타,안전운전불이행,건조,맑음,기타 - 기타,이륜,여,69세,상해없음,보행자,남,85세,중상
2012060600100473,2012년 6월 6일 19시,수요일,강원도 동해시 천곡동,경상사고,0,0,1,0,차대사람 - 기타,안전운전불이행,건조,맑음,단일로 - 기타,승용,남,55세,상해없음,보행자,여,4세,경상
2012060600100502,2012년 6월 6일 20시,수요일,강원도 춘천시 우두동,경상사고,0,0,1,0,차대차 - 추돌 - 진행중,안전운전불이행,건조,맑음,교차로 - 교차로안,승용,남,55세,상해없음,승용,여,47세,경상
2012060600100503,2012년 6월 6일 20시,수요일,강원도 태백시 황지동,경상사고,0,0,2,0,차대사람 - 차도통행중,안전운전불이행,건조,맑음,단일로 - 기타,승용,남,50세,상해없음,보행자,여,15세,경상
2012060600100539,2012년 6월 6일 21시,수요일,강원도 춘천시 후평동,경상사고,0,0,2,0,차대차 - 측면직각충돌,안전운전불이행,건조,맑음,단일로 - 횡단보도상,이륜,남,47세,상해없음,이륜,남,19세,경상
2012060600100540,2012년 6월 6일 21시,수요일,강원도 강릉시 노암동,중상사고,0,1,0,0,차대사람 - 횡단중,신호위반,건조,맑음,교차로 - 교차로안,이륜,남,17세,상해없음,보행자,남,62세,중상
2012060600100541,2012년 6월 6일 21시,수요일,강원도 원주시 명륜동,경상사고,0,0,2,0,차대차 - 기타,안전운전불이행,건조,맑음,교차로 - 교차로부근,승용,남,51세,상해없음,승용,남,54세,경상
2012060600100573,2012년 6월 6일 23시,수요일,강원도 원주시 개운동,경상사고,0,0,4,0,차대차 - 측면직각충돌,교차로운행방법위반,건조,맑음,교차로 - 교차로안,승용,여,32세,상해없음,승용,남,32세,경상
2012060700100077,2012년 6월 7일 07시,목요일,강원도 춘천시 동면,경상사고,0,0,1,1,차대차 - 추돌 - 진행중,안전운전불이행,건조,맑음,단일로 - 기타,승용,남,47세,상해없음,승용,남,65세,부상신고
2012060700100078,2012년 6월 7일 07시,목요일,강원도 강릉시 옥천동,경상사고,0,0,1,0,차대사람 - 기타,안전운전불이행,건조,맑음,단일로 - 기타,승용,남,33세,상해없음,보행자,여,55세,경상
2012060700100113,2012년 6월 7일 08시,목요일,강원도 삼척시 원덕읍,경상사고,0,0,1,0,차대사람 - 횡단중,안전운전불이행,건조,맑음,단일로 - 기타,승합,남,40세,상해없음,보행자,여,67세,경상
2012060700100114,2012년 6월 7일 08시,목요일,강원도 원주시 문막읍,경상사고,0,0,1,0,차대차 - 추돌 - 진행중,안전거리미확보,건조,맑음,단일로 - 기타,화물,기타불명,기타불명,기타불명,승용,여,34세,경상
2012060700100161,2012년 6월 7일 09시,목요일,강원도 원주시 단계동,경상사고,0,0,2,0,차대차 - 추돌 - 진행중,안전거리미확보,건조,맑음,교차로 - 교차로부근,승용,남,51세,상해없음,승용,남,53세,경상
2012060700100195,2012년 6월 7일 10시,목요일,강원도 원주시 관설동,경상사고,0,0,1,0,차대차 - 측면직각충돌,기타,건조,맑음,교차로 - 교차로안,승용,남,22세,상해없음,승용,여,44세,경상
2012060700100196,2012년 6월 7일 10시,목요일,강원도 원주시 중앙동,중상사고,0,1,0,0,차대사람 - 차도통행중,안전운전불이행,건조,맑음,단일로 - 기타,승용,남,75세,상해없음,보행자,여,48세,중상
2012060700100226,2012년 6월 7일 11시,목요일,강원도 강릉시 포남동,경상사고,0,0,2,0,차대차 - 측면직각충돌,안전운전불이행,건조,맑음,교차로 - 교차로안,승합,남,75세,상해없음,승용,남,47세,경상
2012060700100288,2012년 6월 7일 13시,목요일,강원도 춘천시 석사동,중상사고,0,1,1,0,차대차 - 측면직각충돌,안전거리미확보,건조,맑음,단일로 - 기타,원동기,남,27세,경상,승용,여,39세,중상
2012060700100370,2012년 6월 7일 16시,목요일,강원도 영월군 영월읍,중상사고,0,1,0,0,차대차 - 추돌 - 진행중,안전운전불이행,건조,맑음,단일로 - 터널,화물,남,59세,상해없음,승용,여,57세,중상
2012060700100371,2012년 6월 7일 16시,목요일,강원도 태백시 화전동,경상사고,0,0,1,0,차대차 - 기타,중앙선침범,건조,맑음,단일로 - 기타,건설기계,남,46세,상해없음,화물,남,52세,경상
2012060700100407,2012년 6월 7일 17시,목요일,강원도 춘천시 우두동,중상사고,0,1,0,0,차대차 - 측면직각충돌,안전운전불이행,건조,맑음,교차로 - 교차로안,화물,남,31세,상해없음,이륜,남,31세,중상
2012060700100408,2012년 6월 7일 17시,목요일,강원도 강릉시 노암동,경상사고,0,0,1,0,차대사람 - 기타,안전운전불이행,건조,맑음,교차로 - 교차로부근,승용,남,45세,상해없음,보행자,남,7세,경상
2012060700100409,2012년 6월 7일 17시,목요일,강원도 평창군 대화면,경상사고,0,0,2,0,차대차 - 정면충돌,중앙선침범,습기,비,단일로 - 기타,승용,남,51세,상해없음,승용,남,53세,경상
2012060700100494,2012년 6월 7일 19시,목요일,강원도 동해시 천곡동,경상사고,0,0,1,0,차대사람 - 보도통행중,보행자보호의무위반,건조,맑음,단일로 - 횡단보도상,원동기,남,17세,상해없음,보행자,남,16세,경상
2012060700100524,2012년 6월 7일 20시,목요일,강원도 원주시 단계동,경상사고,0,0,1,0,차대차 - 측면직각충돌,신호위반,건조,맑음,교차로 - 교차로안,승용,남,27세,상해없음,승용,여,50세,경상
2012060700100525,2012년 6월 7일 20시,목요일,강원도 원주시 문막읍,중상사고,0,1,0,0,차대차 - 측면직각충돌,신호위반,건조,맑음,교차로 - 교차로안,승용,남,28세,상해없음,이륜,남,42세,중상
2012060700100559,2012년 6월 7일 21시,목요일,강원도 원주시 단구동,중상사고,0,1,0,0,차대사람 - 횡단중,신호위반,건조,맑음,교차로 - 교차로안,이륜,남,18세,상해없음,보행자,여,32세,중상
2012060700100590,2012년 6월 7일 22시,목요일,강원도 홍천군 홍천읍,사망사고,1,0,0,0,차량단독 - 공작물충돌,안전운전불이행,건조,맑음,단일로 - 기타,승용,여,56세,사망,,,,
2012060800100054,2012년 6월 8일 02시,금요일,강원도 태백시 황지동,경상사고,0,0,1,0,차대차 - 측면직각충돌,교차로운행방법위반,건조,맑음,교차로 - 교차로안,승용,남,45세,상해없음,승용,남,58세,경상
2012060800100146,2012년 6월 8일 08시,금요일,강원도 춘천시 삼천동,경상사고,0,0,1,0,차대차 - 측면직각충돌,안전운전불이행,건조,맑음,교차로 - 교차로안,승용,여,62세,상해없음,자전거,남,16세,경상
2012060800100147,2012년 6월 8일 08시,금요일,강원도 춘천시 효자동,경상사고,0,0,1,0,차대차 - 측면직각충돌,안전거리미확보,건조,맑음,단일로 - 기타,승용,남,45세,상해없음,승용,남,44세,경상
2012060800100148,2012년 6월 8일 08시,금요일,강원도 원주시 우산동,경상사고,0,0,2,0,차대차 - 추돌 - 진행중,차로위반,건조,맑음,단일로 - 기타,화물,남,45세,상해없음,승합,여,48세,경상
2012060800100149,2012년 6월 8일 08시,금요일,강원도 양양군 양양읍,부상신고사고,0,0,0,1,차대차 - 측면직각충돌,직진우회전진행방해,건조,맑음,교차로 - 교차로안,자전거,남,14세,부상신고,화물,미분류,기타불명,기타불명
2012060800100150,2012년 6월 8일 08시,금요일,강원도 삼척시 원덕읍,중상사고,0,1,1,0,차대차 - 정면충돌,안전운전불이행,건조,맑음,교차로 - 교차로안,화물,여,34세,상해없음,화물,남,37세,중상
2012060800100151,2012년 6월 8일 08시,금요일,강원도 태백시 문곡동,경상사고,0,0,9,0,차대차 - 추돌 - 진행중,안전거리미확보,건조,맑음,단일로 - 기타,승용,남,53세,상해없음,승용,남,45세,경상
2012060800100152,2012년 6월 8일 08시,금요일,강원도 인제군 상남면,중상사고,0,2,0,0,차량단독 - 공작물충돌,안전운전불이행,건조,맑음,단일로 - 기타,이륜,여,59세,중상,,,,
2012060800100192,2012년 6월 8일 09시,금요일,강원도 원주시 명륜동,중상사고,0,1,0,0,차대사람 - 보도통행중,보행자보호의무위반,건조,맑음,단일로 - 기타,승합,남,48세,상해없음,보행자,남,7세,중상
2012060800100193,2012년 6월 8일 09시,금요일,강원도 원주시 단계동,경상사고,0,0,2,0,차대차 - 추돌 - 진행중,차로위반,건조,맑음,단일로 - 기타,승용,남,28세,상해없음,승용,남,34세,경상
2012060800100222,2012년 6월 8일 10시,금요일,강원도 속초시 조양동,경상사고,0,0,1,0,차대차 - 측면직각충돌,교차로운행방법위반,건조,맑음,교차로 - 교차로안,승용,여,67세,상해없음,원동기,남,58세,경상
2012060800100249,2012년 6월 8일 11시,금요일,강원도 속초시 교동,중상사고,0,1,0,0,차대사람 - 횡단중,신호위반,건조,맑음,단일로 - 횡단보도상,화물,여,64세,상해없음,보행자,여,57세,중상
2012060800100250,2012년 6월 8일 11시,금요일,강원도 동해시 묵호진동,경상사고,0,0,1,0,차대사람 - 횡단중,중앙선침범,건조,맑음,단일로 - 기타,승용,여,43세,상해없음,보행자,남,50세,경상
2012060800100299,2012년 6월 8일 13시,금요일,강원도 춘천시 신동면,경상사고,0,0,2,0,차대차 - 측면직각충돌,안전운전불이행,건조,흐림,교차로 - 교차로안,승용,남,77세,상해없음,승용,남,27세,경상
2012060800100300,2012년 6월 8일 13시,금요일,강원도 삼척시 하장면,경상사고,0,0,1,0,차대차 - 측면직각충돌,안전운전불이행,건조,맑음,단일로 - 기타,승용,남,53세,상해없음,승용,여,37세,경상
2012060800100337,2012년 6월 8일 14시,금요일,강원도 철원군 갈말읍,경상사고,0,0,1,0,차대차 - 측면직각충돌,중앙선침범,건조,맑음,단일로 - 기타,화물,남,43세,상해없음,승용,여,55세,경상
2012060800100373,2012년 6월 8일 15시,금요일,강원도 강릉시 교동,경상사고,0,0,2,0,차대차 - 추돌 - 주정차중,안전운전불이행,건조,맑음,단일로 - 기타,승용,여,74세,상해없음,승용,여,42세,경상
2012060800100419,2012년 6월 8일 16시,금요일,강원도 원주시 호저면,중상사고,0,5,6,0,차량단독 - 기타,안전운전불이행,습기,비,단일로 - 기타,승합,남,53세,경상,,,,
2012060800100561,2012년 6월 8일 19시,금요일,강원도 원주시 명륜동,경상사고,0,0,1,0,차대차 - 추돌 - 진행중,차로위반,습기,흐림,단일로 - 기타,승용,남,49세,상해없음,이륜,남,19세,경상
2012060800100562,2012년 6월 8일 19시,금요일,강원도 홍천군 남면,경상사고,0,0,1,0,차대차 - 기타,안전운전불이행,습기,비,단일로 - 기타,승용,여,35세,상해없음,승용,여,32세,경상
2012060800100604,2012년 6월 8일 20시,금요일,강원도 춘천시 신북읍,중상사고,0,1,0,0,차대차 - 추돌 - 진행중,안전운전불이행,습기,비,단일로 - 터널,화물,여,43세,상해없음,이륜,남,65세,중상
2012060800100605,2012년 6월 8일 20시,금요일,강원도 철원군 동송읍,경상사고,0,0,1,0,차대차 - 측면직각충돌,중앙선침범,습기,비,단일로 - 기타,승용,남,50세,상해없음,승용,여,58세,경상
2012060800100606,2012년 6월 8일 20시,금요일,강원도 동해시 발한동,중상사고,0,1,0,0,차대차 - 추돌 - 주정차중,안전운전불이행,건조,맑음,단일로 - 기타,승용,남,41세,상해없음,승용,남,43세,중상
2012060800100655,2012년 6월 8일 21시,금요일,강원도 춘천시 운교동,경상사고,0,0,1,0,차대사람 - 기타,보행자보호의무위반,건조,맑음,단일로 - 기타,승용,남,33세,상해없음,보행자,남,16세,경상
2012060800100656,2012년 6월 8일 21시,금요일,강원도 동해시 효가동,경상사고,0,0,1,0,차대차 - 추돌 - 주정차중,안전운전불이행,건조,맑음,교차로 - 교차로부근,승용,남,43세,상해없음,승용,여,55세,경상
2012060800100704,2012년 6월 8일 22시,금요일,강원도 속초시 조양동,경상사고,0,0,1,0,차대차 - 추돌 - 주정차중,안전운전불이행,건조,맑음,단일로 - 기타,승용,남,23세,상해없음,승용,남,37세,경상
2012060800100749,2012년 6월 8일 23시,금요일,강원도 춘천시 동면,경상사고,0,0,1,0,차대차 - 추돌 - 진행중,안전운전불이행,건조,맑음,단일로 - 기타,승용,남,45세,상해없음,승용,여,32세,경상
2012060900100081,2012년 6월 9일 04시,토요일,강원도 원주시 단구동,중상사고,0,1,0,0,차대사람 - 차도통행중,안전운전불이행,건조,맑음,단일로 - 기타,승용,남,30세,상해없음,보행자,남,48세,중상
2012060900100099,2012년 6월 9일 06시,토요일,강원도 춘천시 효자동,경상사고,0,0,2,0,차대차 - 측면직각충돌,안전운전불이행,건조,맑음,단일로 - 기타,기타불명,기타불명,기타불명,기타불명,승용,남,48세,경상