사고번호,사고일시,요일,시군구,사고내용,사망자수,중상자수,경상자수,부상신고자수,사고유형,법규위반,노면상태,기상상태,도로형태,가해운전자 차종,가해운전자 성별,가해운전자 연령,가해운전자 상해정도,피해운전자 차종,피해운전자 성별,피해운전자 연령,피해운전자 상해정도
2012060900100100,2012년 6월 9일 06시,토요일,강원도 양양군 강현면,사망사고,1,0,0,0,차량단독 - 전도전복,안전운전불이행,건조,흐림,단일로 - 기타,원동기,여,18세,사망,,,,
2012060900100101,2012년 6월 9일 06시,토요일,강원도 강릉시 성산면,중상사고,0,9,1,0,차대차 - 추돌 - 진행중,안전운전불이행,건조,흐림,단일로 - 터널,승합,남,47세,상해없음,화물,남,53세,상해없음
2012060900100169,2012년 6월 9일 09시,토요일,강원도 원주시 관설동,중상사고,0,1,0,0,차대차 - 기타,안전운전불이행,기타,기타,단일로 - 기타,자전거,남,14세,중상,화물,남,49세,기타불명
2012060900100207,2012년 6월 9일 10시,토요일,강원도 태백시 황지동,경상사고,0,0,1,0,차대사람 - 횡단중,안전운전불이행,건조,맑음,단일로 - 기타,승용,남,53세,상해없음,보행자,여,69세,경상
2012060900100235,2012년 6월 9일 11시,토요일,강원도 원주시 부론면,중상사고,0,1,0,0,차대차 - 측면직각충돌,안전운전불이행,건조,맑음,단일로 - 기타,이륜,남,50세,중상,승용,남,54세,상해없음
2012060900100274,2012년 6월 9일 12시,토요일,강원도 강릉시 포남동,경상사고,0,0,1,0,차대차 - 측면직각충돌,안전운전불이행,건조,맑음,교차로 - 교차로안,승용,남,70세,상해없음,원동기,남,23세,경상
2012060900100275,2012년 6월 9일 12시,토요일,강원도 원주시 단구동,경상사고,0,0,1,1,차대차 - 측면직각충돌,교차로운행방법위반,건조,맑음,교차로 - 교차로부근,원동기,남,68세,부상신고,승용,남,39세,경상
2012060900100310,2012년 6월 9일 13시,토요일,강원도 원주시 호저면,경상사고,0,0,4,0,차대차 - 추돌 - 주정차중,안전거리미확보,건조,맑음,교차로 - 교차로부근,화물,남,52세,상해없음,승용,남,39세,경상
2012060900100311,2012년 6월 9일 13시,토요일,강원도 삼척시 근덕면,경상사고,0,0,1,0,차대사람 - 차도통행중,안전운전불이행,건조,맑음,단일로 - 기타,승용,남,33세,상해없음,보행자,남,9세,경상
2012060900100381,2012년 6월 9일 15시,토요일,강원도 삼척시 근덕면,경상사고,0,0,1,0,차대차 - 기타,안전운전불이행,건조,맑음,교차로 - 교차로안,승용,여,61세,상해없음,승용,여,40세,경상
2012060900100412,2012년 6월 9일 16시,토요일,강원도 홍천군 홍천읍,경상사고,0,0,1,0,차대차 - 기타,안전운전불이행,건조,맑음,단일로 - 기타,화물,남,55세,상해없음,승용,여,58세,경상
2012060900100413,2012년 6월 9일 16시,토요일,강원도 태백시 장성동,경상사고,0,0,1,0,차대차 - 추돌 - 진행중,안전거리미확보,건조,맑음,단일로 - 기타,이륜,남,57세,상해없음,이륜,남,56세,상해없음
2012060900100446,2012년 6월 9일 17시,토요일,강원도 원주시 흥업면,경상사고,0,0,1,0,차대차 - 추돌 - 주정차중,안전운전불이행,건조,맑음,단일로 - 기타,승용,여,33세,상해없음,승용,남,25세,상해없음
2012060900100515,2012년 6월 9일 19시,토요일,강원도 원주시 소초면,경상사고,0,0,3,0,차량단독 - 공작물충돌,안전운전불이행,건조,맑음,단일로 - 기타,승용,남,31세,상해없음,,,,
2012060900100516,2012년 6월 9일 19시,토요일,강원도 동해시 천곡동,중상사고,0,1,4,0,차대차 - 추돌 - 주정차중,안전운전불이행,건조,맑음,교차로 - 교차로부근,승용,여,44세,상해없음,승용,남,42세,경상
2012060900100517,2012년 6월 9일 19시,토요일,강원도 춘천시 동내면,경상사고,0,0,1,0,차대차 - 정면충돌,중앙선침범,건조,맑음,단일로 - 기타,승용,여,22세,상해없음,승용,남,52세,경상
2012060900100570,2012년 6월 9일 21시,토요일,강원도 삼척시 남양동,경상사고,0,0,1,0,차대사람 - 보도통행중,안전운전불이행,건조,맑음,교차로 - 교차로부근,승용,남,18세,상해없음,보행자,남,26세,경상
2012060900100602,2012년 6월 9일 22시,토요일,강원도 춘천시 효자동,경상사고,0,0,6,0,차대차 - 측면직각충돌,신호위반,건조,맑음,교차로 - 교차로안,승용,여,41세,상해없음,승용,여,37세,경상
2012060900100637,2012년 6월 9일 23시,토요일,강원도 춘천시 석사동,경상사고,0,0,2,1,차대차 - 측면직각충돌,신호위반,건조,맑음,교차로 - 교차로안,원동기,남,21세,부상신고,승용,남,58세,경상
2012061000100009,2012년 6월 10일 00시,일요일,강원도 강릉시 교동,경상사고,0,0,1,0,차대차 - 측면직각충돌,안전운전불이행,건조,맑음,단일로 - 기타,승용,여,53세,상해없음,승용,남,47세,경상
2012061000100010,2012년 6월 10일 00시,일요일,강원도 삼척시 교동,중상사고,0,1,1,0,차대차 - 측면직각충돌,안전운전불이행,건조,맑음,단일로 - 기타,승용,남,25세,경상,화물,남,39세,기타불명
2012061000100056,2012년 6월 10일 02시,일요일,강원도 태백시 소도동,중상사고,0,1,0,0,차량단독 - 기타,안전운전불이행,건조,맑음,교차로 - 교차로부근,승용,남,51세,상해없음,,,,
2012061000100068,2012년 6월 10일 03시,일요일,강원도 원주시 단계동,경상사고,0,0,1,0,차대사람 - 보도통행중,안전운전불이행,건조,맑음,교차로 - 교차로안,승합,남,38세,상해없음,보행자,남,35세,경상
2012061000100091,2012년 6월 10일 05시,일요일,강원도 철원군 동송읍,중상사고,0,1,1,0,차량단독 - 공작물충돌,안전운전불이행,건조,맑음,단일로 - 기타,승용,남,36세,상해없음,,,,
2012061000100099,2012년 6월 10일 06시,일요일,강원도 춘천시 서면,중상사고,0,4,1,0,차대차 - 측면직각충돌,중앙선침범,건조,맑음,단일로 - 기타,승합,남,59세,상해없음,승용,남,55세,경상
2012061000100100,2012년 6월 10일 06시,일요일,강원도 춘천시 서면,중상사고,0,1,0,0,차대차 - 측면직각충돌,교차로운행방법위반,건조,맑음,교차로 - 교차로안,승용,남,39세,상해없음,승용,남,69세,중상
2012061000100128,2012년 6월 10일 08시,일요일,강원도 원주시 우산동,경상사고,0,0,1,0,차대차 - 측면직각충돌,교차로운행방법위반,건조,맑음,교차로 - 교차로안,승용,남,58세,상해없음,이륜,남,38세,경상
2012061000100162,2012년 6월 10일 10시,일요일,강원도 춘천시 근화동,부상신고사고,0,0,0,1,차대차 - 측면직각충돌,안전운전불이행,건조,맑음,교차로 - 교차로부근,승합,여,47세,상해없음,자전거,남,85세,부상신고
2012061000100189,2012년 6월 10일 11시,일요일,강원도 원주시 원동,중상사고,0,1,1,0,차대차 - 측면직각충돌,신호위반,건조,맑음,교차로 - 교차로안,승용,남,38세,상해없음,승용,남,68세,경상
2012061000100213,2012년 6월 10일 12시,일요일,강원도 춘천시 남면,중상사고,0,1,1,0,차대차 - 기타,중앙선침범,건조,맑음,단일로 - 기타,승용,여,51세,상해없음,승용,남,30세,상해없음
2012061000100214,2012년 6월 10일 12시,일요일,강원도 인제군 기린면,중상사고,0,2,0,1,차대차 - 측면직각충돌,중앙선침범,건조,맑음,단일로 - 기타,승용,남,44세,상해없음,승용,남,58세,부상신고
2012061000100215,2012년 6월 10일 12시,일요일,강원도 원주시 문막읍,중상사고,0,2,4,0,차대차 - 추돌 - 진행중,안전거리미확보,건조,맑음,단일로 - 기타,승용,남,50세,경상,승용,남,29세,상해없음
2012061000100248,2012년 6월 10일 13시,일요일,강원도 강릉시 옥천동,경상사고,0,0,1,0,차대사람 - 기타,안전운전불이행,건조,맑음,단일로 - 기타,화물,남,54세,상해없음,보행자,여,53세,경상
2012061000100249,2012년 6월 10일 13시,일요일,강원도 철원군 동송읍,중상사고,0,2,0,0,차대차 - 측면직각충돌,중앙선침범,건조,맑음,단일로 - 기타,화물,남,35세,상해없음,이륜,남,32세,중상
2012061000100276,2012년 6월 10일 14시,일요일,강원도 춘천시 남산면,경상사고,0,0,3,0,차대차 - 측면직각충돌,안전거리미확보,건조,맑음,교차로 - 교차로부근,승용,여,42세,상해없음,이륜,남,38세,경상
2012061000100277,2012년 6월 10일 14시,일요일,강원도 동해시 북평동,중상사고,0,1,0,0,차대사람 - 길가장자리구역통행중,안전운전불이행,건조,맑음,단일로 - 기타,승용,여,34세,상해없음,보행자,남,9세,중상
2012061000100337,2012년 6월 10일 16시,일요일,강원도 홍천군 북방면,중상사고,0,1,1,0,차대차 - 기타,기타,건조,맑음,교차로 - 교차로안,승용,남,59세,상해없음,승용,여,46세,중상
2012061000100378,2012년 6월 10일 17시,일요일,강원도 춘천시 석사동,경상사고,0,0,2,0,차대차 - 추돌 - 진행중,안전운전불이행,건조,맑음,단일로 - 기타,승용,남,33세,상해없음,승용,남,36세,경상
2012061000100418,2012년 6월 10일 18시,일요일,강원도 속초시 조양동,경상사고,0,0,1,0,차대차 - 측면직각충돌,불법유턴,건조,맑음,교차로 - 교차로안,승합,남,58세,상해없음,원동기,남,19세,경상
2012061000100477,2012년 6월 10일 20시,일요일,강원도 강릉시 안현동,중상사고,0,1,0,0,차대차 - 측면직각충돌,직진우회전진행방해,건조,맑음,교차로 - 교차로안,승용,남,39세,상해없음,이륜,남,16세,중상
2012061000100478,2012년 6월 10일 20시,일요일,강원도 원주시 단구동,중상사고,0,1,0,0,차대차 - 측면직각충돌,교차로운행방법위반,건조,맑음,교차로 - 교차로안,승용,여,26세,상해없음,이륜,남,16세,중상
2012061000100480,2012년 6월 10일 20시,일요일,강원도 영월군 영월읍,중상사고,0,2,1,0,차량단독 - 공작물충돌,안전운전불이행,건조,맑음,교차로 - 교차로안,승용,남,35세,상해없음,,,,
2012061000100570,2012년 6월 10일 23시,일요일,강원도 홍천군 홍천읍,중상사고,0,1,0,0,차대차 - 기타,신호위반,건조,맑음,교차로 - 교차로안,원동기,남,35세,상해없음,원동기,남,69세,중상
2012061100100010,2012년 6월 11일 00시,월요일,강원도 강릉시 옥천동,중상사고,0,1,4,0,차대차 - 측면직각충돌,직진우회전진행방해,건조,맑음,교차로 - 교차로안,승용,남,34세,중상,승용,여,48세,경상
2012061100100026,2012년 6월 11일 01시,월요일,강원도 속초시 장사동,경상사고,0,0,1,0,차대사람 - 길가장자리구역통행중,안전운전불이행,건조,맑음,단일로 - 기타,승용,여,57세,상해없음,보행자,남,53세,경상
2012061100100049,2012년 6월 11일 04시,월요일,강원도 원주시 소초면,중상사고,0,2,0,0,차대차 - 추돌 - 주정차중,안전운전불이행,건조,맑음,교차로 - 교차로안,승용,남,26세,중상,화물,남,59세,상해없음
2012061100100070,2012년 6월 11일 06시,월요일,강원도 강릉시 입암동,중상사고,0,1,0,0,차대사람 - 횡단중,안전운전불이행,건조,맑음,단일로 - 기타,화물,남,45세,상해없음,보행자,여,75세,중상
2012061100100089,2012년 6월 11일 07시,월요일,강원도 강릉시 홍제동,중상사고,0,1,0,0,차대사람 - 횡단중,안전운전불이행,건조,맑음,단일로 - 횡단보도부근,승용,남,49세,상해없음,보행자,남,15세,중상
2012061100100198,2012년 6월 11일 11시,월요일,강원도 강릉시 용강동,중상사고,0,1,0,0,차대사람 - 횡단중,안전운전불이행,건조,맑음,교차로 - 교차로안,승용,남,29세,상해없음,보행자,여,78세,중상
2012061100100244,2012년 6월 11일 13시,월요일,강원도 춘천시 동내면,경상사고,0,0,1,0,차대차 - 측면직각충돌,안전운전불이행,건조,맑음,교차로 - 교차로안,승용,남,35세,상해없음,승용,남,52세,경상
2012061100100245,2012년 6월 11일 13시,월요일,강원도 춘천시 석사동,중상사고,0,1,0,0,차대사람 - 횡단중,보행자보호의무위반,건조,맑음,단일로 - 횡단보도상,승용,남,50세,상해없음,보행자,남,75세,중상
2012061100100246,2012년 6월 11일 13시,월요일,강원도 고성군 토성면,경상사고,0,0,3,0,차대차 - 기타,중앙선침범,건조,흐림,단일로 - 기타,화물,남,67세,상해없음,승용,남,25세,경상
2012061100100270,2012년 6월 11일 14시,월요일,강원도 원주시 우산동,경상사고,0,0,5,0,차대차 - 측면직각충돌,중앙선침범,건조,맑음,교차로 - 교차로부근,승용,남,56세,상해없음,승용,남,62세,경상
2012061100100271,2012년 6월 11일 14시,월요일,강원도 양양군 양양읍,경상사고,0,0,1,0,차대차 - 추돌 - 진행중,안전운전불이행,건조,맑음,단일로 - 기타,화물,남,49세,상해없음,승용,여,28세,경상
2012061100100306,2012년 6월 11일 15시,월요일,강원도 원주시 가현동,중상사고,0,2,4,0,차대차 - 측면직각충돌,신호위반,건조,맑음,교차로 - 교차로안,승용,여,22세,상해없음,승용,여,45세,경상
2012061100100307,2012년 6월 11일 15시,월요일,강원도 원주시 판부면,경상사고,0,0,2,0,차량단독 - 도로외이탈 - 기타,안전운전불이행,건조,맑음,단일로 - 기타,이륜,남,37세,경상,,,,
2012061100100337,2012년 6월 11일 16시,월요일,강원도 춘천시 조양동,중상사고,0,1,1,0,차대사람 - 횡단중,보행자보호의무위반,건조,맑음,단일로 - 횡단보도상,이륜,남,22세,상해없음,보행자,여,45세,중상
2012061100100372,2012년 6월 11일 17시,월요일,강원도 원주시 지정면,경상사고,0,0,5,0,차대차 - 추돌 - 주정차중,안전거리미확보,건조,맑음,교차로 - 교차로부근,화물,남,47세,상해없음,화물,남,40세,경상
2012061100100373,2012년 6월 11일 17시,월요일,강원도 속초시 교동,중상사고,0,1,0,0,차대차 - 측면직각충돌,안전운전불이행,건조,맑음,단일로 - 기타,승용,남,52세,상해없음,승용,남,27세,중상
2012061100100419,2012년 6월 11일 18시,월요일,강원도 춘천시 효자동,중상사고,0,1,0,0,차대차 - 측면직각충돌,안전운전불이행,건조,맑음,교차로 - 교차로안,승용,남,40세,상해없음,이륜,여,68세,중상
2012061100100420,2012년 6월 11일 18시,월요일,강원도 양양군 강현면,경상사고,0,0,2,0,차대차 - 측면직각충돌,안전운전불이행,건조,흐림,단일로 - 기타,승용,남,45세,상해없음,승용,남,38세,경상
2012061100100457,2012년 6월 11일 19시,월요일,강원도 원주시 단계동,경상사고,0,0,1,0,차대차 - 추돌 - 주정차중,안전거리미확보,건조,맑음,교차로 - 교차로부근,승용,남,34세,상해없음,승용,여,40세,경상
2012061100100488,2012년 6월 11일 20시,월요일,강원도 속초시 대포동,경상사고,0,0,1,0,차대차 - 측면직각충돌,안전운전불이행,습기,비,단일로 - 기타,승용,남,36세,상해없음,승용,남,46세,상해없음
2012061100100517,2012년 6월 11일 21시,월요일,강원도 원주시 흥업면,중상사고,0,1,2,0,차대사람 - 보도통행중,기타,건조,맑음,단일로 - 기타,승용,여,45세,상해없음,보행자,남,24세,경상
2012061100100546,2012년 6월 11일 22시,월요일,강원도 춘천시 서면,중상사고,0,1,0,0,차대차 - 측면직각충돌,차로위반,건조,맑음,단일로 - 기타,승용,남,28세,상해없음,승용,남,45세,중상
2012061100100547,2012년 6월 11일 22시,월요일,강원도 평창군 진부면,중상사고,0,1,0,0,차대차 - 정면충돌,중앙선침범,건조,맑음,단일로 - 기타,화물,남,54세,상해없음,승용,남,71세,상해없음
2012061100100575,2012년 6월 11일 23시,월요일,강원도 원주시 호저면,경상사고,0,0,1,0,차대차 - 추돌 - 주정차중,안전운전불이행,건조,맑음,단일로 - 기타,승용,여,26세,상해없음,승용,남,31세,경상
2012061200100011,2012년 6월 12일 00시,화요일,강원도 원주시 태장동,경상사고,0,0,1,0,차대차 - 측면직각충돌,안전운전불이행,건조,맑음,교차로 - 교차로부근,이륜,기타불명,기타불명,기타불명,승용,남,46세,상해없음
2012061200100061,2012년 6월 12일 04시,화요일,강원도 춘천시 효자동,경상사고,0,0,1,0,차대차 - 기타,안전운전불이행,건조,맑음,교차로 - 교차로안,원동기,남,19세,상해없음,승용,여,72세,상해없음
2012061200100069,2012년 6월 12일 05시,화요일,강원도 춘천시 신북읍,중상사고,0,1,0,0,차대차 - 측면직각충돌,교차로운행방법위반,건조,맑음,교차로 - 교차로안,승용,남,73세,상해없음,승용,남,63세,중상
2012061200100098,2012년 6월 12일 07시,화요일,강원도 춘천시 근화동,중상사고,0,1,0,0,차대차 - 측면직각충돌,기타,건조,맑음,단일로 - 기타,화물,남,49세,상해없음,자전거,남,66세,중상
2012061200100164,2012년 6월 12일 09시,화요일,강원도 춘천시 효자동,경상사고,0,0,4,0,차대차 - 측면직각충돌,안전거리미확보,건조,맑음,교차로 - 교차로부근,승합,여,45세,상해없음,승용,여,50세,경상
2012061200100188,2012년 6월 12일 10시,화요일,강원도 화천군 상서면,중상사고,0,1,1,0,차대차 - 정면충돌,중앙선침범,건조,맑음,단일로 - 기타,승합,남,35세,상해없음,승용,남,56세,경상
2012061200100189,2012년 6월 12일 10시,화요일,강원도 태백시 황지동,경상사고,0,0,1,0,차대차 - 측면직각충돌,교차로운행방법위반,건조,맑음,교차로 - 교차로안,승용,남,53세,상해없음,승용,여,32세,경상
2012061200100247,2012년 6월 12일 12시,화요일,강원도 강릉시 노암동,경상사고,0,0,1,0,차대차 - 측면직각충돌,안전운전불이행,건조,맑음,단일로 - 기타,화물,남,58세,상해없음,승용,남,74세,경상
2012061200100248,2012년 6월 12일 12시,화요일,강원도 원주시 명륜동,경상사고,0,0,1,0,차대차 - 기타,안전운전불이행,건조,맑음,단일로 - 기타,화물,남,57세,상해없음,승합,남,55세,상해없음
2012061200100265,2012년 6월 12일 13시,화요일,강원도 동해시 효가동,중상사고,0,1,0,0,차대차 - 기타,안전운전불이행,건조,맑음,교차로 - 교차로부근,승용,여,38세,상해없음,원동기,남,39세,중상
2012061200100301,2012년 6월 12일 14시,화요일,강원도 동해시 송정동,경상사고,0,0,2,0,차대차 - 기타,차로위반,건조,흐림,단일로 - 기타,특수,남,43세,상해없음,승합,남,56세,경상
2012061200100302,2012년 6월 12일 14시,화요일,강원도 동해시 천곡동,경상사고,0,0,1,0,차대차 - 기타,신호위반,건조,맑음,교차로 - 교차로안,승용,남,40세,상해없음,원동기,남,58세,경상
2012061200100332,2012년 6월 12일 15시,화요일,강원도 춘천시 효자동,경상사고,0,0,1,0,차대차 - 기타,안전운전불이행,건조,맑음,단일로 - 횡단보도상,승용,남,62세,상해없음,자전거,남,7세,경상
2012061200100333,2012년 6월 12일 15시,화요일,강원도 강릉시 입암동,경상사고,0,0,2,0,차대차 - 측면직각충돌,안전운전불이행,건조,맑음,교차로 - 교차로부근,승용,남,44세,상해없음,승용,남,36세,경상
2012061200100334,2012년 6월 12일 15시,화요일,강원도 동해시 어달동,경상사고,0,0,2,0,차대차 - 기타,안전운전불이행,건조,흐림,단일로 - 기타,승용,남,37세,상해없음,승용,남,52세,경상
2012061200100475,2012년 6월 12일 19시,화요일,강원도 원주시 우산동,경상사고,0,0,1,0,차대차 - 측면직각충돌,교차로운행방법위반,건조,맑음,교차로 - 교차로안,승용,남,26세,상해없음,화물,남,30세,경상
2012061200100510,2012년 6월 12일 20시,화요일,강원도 춘천시 동내면,중상사고,0,1,0,0,차대사람 - 기타,안전운전불이행,습기,비,단일로 - 기타,승용,여,47세,상해없음,보행자,남,60세,중상
2012061200100511,2012년 6월 12일 20시,화요일,강원도 원주시 단구동,경상사고,0,0,1,0,차대차 - 추돌 - 진행중,차로위반,건조,맑음,단일로 - 기타,승용,여,52세,상해없음,이륜,남,16세,경상
2012061200100512,2012년 6월 12일 20시,화요일,강원도 원주시 무실동,경상사고,0,0,2,0,차대차 - 측면직각충돌,신호위반,건조,맑음,교차로 - 교차로안,승용,남,48세,상해없음,승합,남,45세,경상
2012061200100513,2012년 6월 12일 20시,화요일,강원도 영월군 북면,중상사고,0,2,1,0,차대차 - 정면충돌,중앙선침범,건조,흐림,단일로 - 기타,승용,남,49세,상해없음,승용,남,61세,중상
2012061200100514,2012년 6월 12일 20시,화요일,강원도 인제군 북면,사망사고,1,0,0,0,차대사람 - 횡단중,안전운전불이행,건조,맑음,교차로 - 교차로안,승용,남,44세,상해없음,보행자,남,58세,사망
2012061200100540,2012년 6월 12일 21시,화요일,강원도 원주시 단계동,경상사고,0,0,2,0,차대사람 - 횡단중,보행자보호의무위반,습기,흐림,단일로 - 횡단보도상,승용,남,43세,상해없음,보행자,여,28세,경상
2012061200100578,2012년 6월 12일 22시,화요일,강원도 춘천시 석사동,중상사고,0,1,0,0,차대사람 - 기타,안전운전불이행,건조,맑음,교차로 - 교차로부근,승용,남,25세,상해없음,보행자,남,60세,중상
2012061200100604,2012년 6월 12일 23시,화요일,강원도 강릉시 입암동,중상사고,0,1,0,0,차대차 - 측면직각충돌,안전운전불이행,습기,비,교차로 - 교차로부근,화물,남,50세,중상,승용,남,48세,상해없음
2012061200100605,2012년 6월 12일 23시,화요일,강원도 속초시 노학동,경상사고,0,0,1,0,차량단독 - 공작물충돌,안전운전불이행,습기,비,단일로 - 기타,승용,남,37세,상해없음,,,,
2012061300100031,2012년 6월 13일 01시,수요일,강원도 원주시 인동,중상사고,0,2,1,0,차대차 - 추돌 - 진행중,직진우회전진행방해,건조,맑음,교차로 - 교차로안,화물,남,47세,상해없음,승용,남,24세,중상
2012061300100077,2012년 6월 13일 05시,수요일,강원도 속초시 장사동,경상사고,0,0,1,0,차대차 - 추돌 - 진행중,안전거리미확보,습기,비,단일로 - 기타,승용,여,39세,상해없음,승용,남,65세,경상
2012061300100173,2012년 6월 13일 10시,수요일,강원도 동해시 천곡동,경상사고,0,0,4,0,차대차 - 측면직각충돌,직진우회전진행방해,건조,맑음,교차로 - 교차로안,화물,남,38세,상해없음,승용,남,51세,경상
2012061300100216,2012년 6월 13일 12시,수요일,강원도 강릉시 포남동,경상사고,0,0,1,0,차대차 - 측면직각충돌,중앙선침범,건조,맑음,단일로 - 기타,승용,남,36세,상해없음,승용,남,47세,경상
2012061300100217,2012년 6월 13일 12시,수요일,강원도 강릉시 강문동,경상사고,0,0,2,0,차대차 - 측면직각충돌,직진우회전진행방해,건조,맑음,교차로 - 교차로안,승용,여,28세,상해없음,승용,남,34세,경상
2012061300100275,2012년 6월 13일 14시,수요일,강원도 춘천시 우두동,중상사고,0,1,0,0,차대사람 - 기타,기타,건조,맑음,기타 - 기타,기타불명,기타불명,기타불명,기타불명,보행자,여,84세,중상
2012061300100276,2012년 6월 13일 14시,수요일,강원도 속초시 교동,경상사고,0,0,1,0,차대차 - 기타,안전운전불이행,건조,흐림,교차로 - 교차로부근,승용,여,49세,상해없음,승용,남,50세,경상
2012061300100315,2012년 6월 13일 15시,수요일,강원도 태백시 황지동,중상사고,0,1,0,0,차대사람 - 횡단중,안전운전불이행,건조,맑음,단일로 - 기타,승용,남,27세,상해없음,보행자,여,26세,중상
2012061300100351,2012년 6월 13일 16시,수요일,강원도 원주시 단구동,경상사고,0,0,1,0,차대차 - 추돌 - 진행중,안전거리미확보,건조,맑음,교차로 - 교차로부근,승용,여,52세,상해없음,승용,남,45세,상해없음
2012061300100397,2012년 6월 13일 17시,수요일,강원도 원주시 흥업면,경상사고,0,0,2,0,차대차 - 측면직각충돌,안전운전불이행,건조,맑음,교차로 - 교차로안,승용,남,27세,상해없음,승용,여,38세,경상
2012061300100398,2012년 6월 13일 17시,수요일,강원도 속초시 대포동,중상사고,0,1,0,0,차대사람 - 길가장자리구역통행중,안전운전불이행,건조,맑음,교차로 - 교차로부근,화물,남,45세,상해없음,보행자,남,22세,중상
2012061300100442,2012년 6월 13일 18시,수요일,강원도 춘천시 석사동,중상사고,0,1,0,0,차대사람 - 횡단중,안전운전불이행,건조,맑음,단일로 - 기타,승용,여,49세,상해없음,보행자,여,3세,중상
2012061300100443,2012년 6월 13일 18시,수요일,강원도 강릉시 교동,경상사고,0,0,1,0,차대차 - 추돌 - 진행중,안전운전불이행,건조,맑음,단일로 - 기타,승용,남,46세,기타불명,농기계,남,77세,경상
2012061300100471,2012년 6월 13일 19시,수요일,강원도 강릉시 주문진읍,경상사고,0,0,1,0,차대차 - 추돌 - 진행중,안전운전불이행,건조,맑음,단일로 - 기타,원동기,남,73세,상해없음,자전거,여,53세,경상
2012061300100472,2012년 6월 13일 19시,수요일,강원도 강릉시 노암동,경상사고,0,0,1,0,차대차 - 측면직각충돌,안전운전불이행,건조,맑음,기타 - 기타,원동기,남,16세,상해없음,자전거,여,11세,경상
2012061300100548,2012년 6월 13일 21시,수요일,강원도 원주시 단계동,경상사고,0,0,1,0,차량단독 - 공작물충돌,안전운전불이행,건조,맑음,단일로 - 기타,승용,기타불명,기타불명,기타불명,,,,
2012061300100583,2012년 6월 13일 22시,수요일,강원도 춘천시 동면,경상사고,0,0,3,0,차대차 - 측면직각충돌,중앙선침범,건조,맑음,단일로 - 기타,화물,남,41세,상해없음,승용,남,28세,경상
2012061300100584,2012년 6월 13일 22시,수요일,강원도 원주시 인동,경상사고,0,0,3,0,차대차 - 추돌 - 진행중,안전거리미확보,건조,맑음,교차로 - 교차로부근,승용,남,51세,상해없음,승용,남,26세,경상
2012061300100613,2012년 6월 13일 23시,수요일,강원도 철원군 갈말읍,사망사고,1,0,0,0,차량단독 - 전도전복,안전운전불이행,건조,맑음,단일로 - 기타,원동기,남,19세,사망,,,,
2012061400100048,2012년 6월 14일 03시,목요일,강원도 속초시 교동,경상사고,0,0,2,0,차대차 - 추돌 - 주정차중,안전운전불이행,건조,맑음,교차로 - 교차로부근,화물,남,31세,상해없음,승용,남,54세,경상
2012061400100101,2012년 6월 14일 07시,목요일,강원도 춘천시 소양로1가,경상사고,0,0,1,0,차대차 - 추돌 - 주정차중,안전거리미확보,건조,맑음,교차로 - 교차로부근,승용,남,43세,상해없음,승용,여,41세,경상
2012061400100102,2012년 6월 14일 07시,목요일,강원도 강릉시 주문진읍,중상사고,0,1,3,0,차량단독 - 공작물충돌,안전운전불이행,습기,흐림,단일로 - 기타,승용,남,21세,상해없음,,,,
2012061400100103,2012년 6월 14일 07시,목요일,강원도 원주시 우산동,중상사고,0,2,3,0,차대차 - 추돌 - 주정차중,안전거리미확보,건조,맑음,교차로 - 교차로부근,승용,남,35세,경상,화물,남,56세,상해없음
2012061400100139,2012년 6월 14일 08시,목요일,강원도 홍천군 홍천읍,경상사고,0,0,1,0,차대차 - 기타,교차로운행방법위반,건조,맑음,교차로 - 교차로안,승합,남,57세,기타불명,자전거,남,17세,경상
2012061400100140,2012년 6월 14일 08시,목요일,강원도 평창군 대관령면,경상사고,0,0,1,0,차대차 - 추돌 - 진행중,안전운전불이행,건조,흐림,단일로 - 기타,화물,남,47세,상해없음,화물,남,50세,경상
2012061400100223,2012년 6월 14일 11시,목요일,강원도 춘천시 석사동,중상사고,0,1,0,0,차대차 - 추돌 - 진행중,안전운전불이행,건조,맑음,단일로 - 기타,화물,남,37세,상해없음,원동기,남,59세,중상
2012061400100248,2012년 6월 14일 12시,목요일,강원도 평창군 평창읍,중상사고,0,1,2,0,차대차 - 측면직각충돌,중앙선침범,건조,맑음,단일로 - 기타,승용,남,41세,경상,화물,남,24세,중상
2012061400100271,2012년 6월 14일 13시,목요일,강원도 철원군 동송읍,중상사고,0,1,0,0,차대차 - 측면직각충돌,교차로운행방법위반,건조,맑음,교차로 - 교차로안,승용,남,39세,상해없음,원동기,남,33세,중상
2012061400100299,2012년 6월 14일 14시,목요일,강원도 원주시 개운동,경상사고,0,0,3,0,차대차 - 기타,안전운전불이행,건조,맑음,단일로 - 기타,승용,남,49세,상해없음,승용,여,56세,경상
2012061400100333,2012년 6월 14일 15시,목요일,강원도 동해시 천곡동,경상사고,0,0,1,0,차대차 - 추돌 - 주정차중,안전거리미확보,건조,맑음,단일로 - 기타,건설기계,남,61세,상해없음,승용,남,56세,경상
2012061400100360,2012년 6월 14일 16시,목요일,강원도 원주시 소초면,경상사고,0,0,1,0,차량단독 - 기타,기타,건조,맑음,단일로 - 기타,승합,남,54세,상해없음,,,,