사고번호,사고일시,요일,시군구,사고내용,사망자수,중상자수,경상자수,부상신고자수,사고유형,법규위반,노면상태,기상상태,도로형태,가해운전자 차종,가해운전자 성별,가해운전자 연령,가해운전자 상해정도,피해운전자 차종,피해운전자 성별,피해운전자 연령,피해운전자 상해정도
2012061400100442,2012년 6월 14일 18시,목요일,강원도 강릉시 포남동,중상사고,0,1,0,0,차대사람 - 횡단중,안전운전불이행,건조,맑음,단일로 - 기타,승용,남,27세,상해없음,보행자,여,65세,중상
2012061400100443,2012년 6월 14일 18시,목요일,강원도 원주시 문막읍,중상사고,0,1,1,0,차대차 - 추돌 - 주정차중,안전운전불이행,건조,맑음,단일로 - 교량,화물,남,52세,중상,승용,남,49세,경상
2012061400100444,2012년 6월 14일 18시,목요일,강원도 삼척시 오분동,경상사고,0,0,4,0,차대차 - 추돌 - 진행중,안전운전불이행,건조,맑음,교차로 - 교차로부근,화물,남,55세,상해없음,승용,남,36세,경상
2012061400100480,2012년 6월 14일 19시,목요일,강원도 양양군 양양읍,경상사고,0,0,1,0,차대차 - 측면직각충돌,교차로운행방법위반,건조,맑음,교차로 - 교차로안,승용,여,54세,상해없음,승용,남,72세,경상
2012061400100507,2012년 6월 14일 20시,목요일,강원도 원주시 명륜동,중상사고,0,2,0,0,차대사람 - 기타,보행자보호의무위반,건조,맑음,단일로 - 횡단보도상,승용,남,77세,상해없음,보행자,여,80세,중상
2012061400100508,2012년 6월 14일 20시,목요일,강원도 속초시 교동,중상사고,0,1,4,0,차대차 - 추돌 - 진행중,안전운전불이행,습기,비,교차로 - 교차로안,승용,남,54세,상해없음,승용,여,37세,중상
2012061400100570,2012년 6월 14일 22시,목요일,강원도 춘천시 중앙로2가,경상사고,0,0,1,0,차대사람 - 횡단중,신호위반,건조,맑음,단일로 - 횡단보도상,원동기,남,54세,상해없음,보행자,여,43세,경상
2012061400100571,2012년 6월 14일 22시,목요일,강원도 강릉시 교동,경상사고,0,0,1,0,차대사람 - 횡단중,안전운전불이행,건조,맑음,단일로 - 기타,승용,남,44세,상해없음,보행자,남,12세,경상
2012061400100572,2012년 6월 14일 22시,목요일,강원도 동해시 천곡동,경상사고,0,0,1,0,차대차 - 측면직각충돌,안전운전불이행,습기,흐림,교차로 - 교차로안,승용,여,44세,상해없음,승용,남,57세,경상
2012061400100573,2012년 6월 14일 22시,목요일,강원도 동해시 효가동,경상사고,0,0,1,0,차대차 - 추돌 - 주정차중,안전운전불이행,습기,비,교차로 - 교차로부근,승용,남,41세,상해없음,승용,남,28세,경상
2012061500100008,2012년 6월 15일 00시,금요일,강원도 원주시 단계동,중상사고,0,1,0,0,차대차 - 측면직각충돌,교차로운행방법위반,건조,맑음,교차로 - 교차로안,승합,남,53세,상해없음,자전거,남,31세,중상
2012061500100009,2012년 6월 15일 00시,금요일,강원도 속초시 교동,경상사고,0,0,2,0,차대차 - 측면직각충돌,교차로운행방법위반,습기,비,교차로 - 교차로안,승용,남,60세,상해없음,승용,남,57세,경상
2012061500100048,2012년 6월 15일 02시,금요일,강원도 원주시 개운동,경상사고,0,0,1,0,차대차 - 측면직각충돌,교차로운행방법위반,건조,맑음,교차로 - 교차로안,승용,남,29세,상해없음,화물,남,31세,경상
2012061500100098,2012년 6월 15일 07시,금요일,강원도 춘천시 동면,경상사고,0,0,1,0,차대차 - 측면직각충돌,교차로운행방법위반,건조,맑음,교차로 - 교차로안,승합,남,56세,상해없음,승용,남,33세,경상
2012061500100099,2012년 6월 15일 07시,금요일,강원도 원주시 단구동,중상사고,0,1,0,0,차대차 - 측면직각충돌,직진우회전진행방해,건조,맑음,교차로 - 교차로안,승용,남,52세,상해없음,원동기,남,57세,중상
2012061500100139,2012년 6월 15일 08시,금요일,강원도 평창군 평창읍,경상사고,0,0,1,0,차대차 - 측면직각충돌,안전운전불이행,건조,맑음,단일로 - 기타,승용,남,52세,상해없음,승용,남,60세,경상
2012061500100198,2012년 6월 15일 10시,금요일,강원도 춘천시 근화동,중상사고,0,1,0,0,차대차 - 측면직각충돌,안전운전불이행,건조,맑음,단일로 - 기타,화물,남,38세,상해없음,자전거,남,81세,중상
2012061500100199,2012년 6월 15일 10시,금요일,강원도 원주시 개운동,중상사고,0,2,0,0,차대차 - 측면직각충돌,신호위반,건조,맑음,교차로 - 교차로안,이륜,남,74세,중상,승용,여,62세,상해없음
2012061500100200,2012년 6월 15일 10시,금요일,강원도 원주시 우산동,경상사고,0,0,3,1,차대차 - 추돌 - 진행중,안전거리미확보,건조,맑음,교차로 - 교차로부근,승용,남,54세,상해없음,승용,남,42세,경상
2012061500100201,2012년 6월 15일 10시,금요일,강원도 평창군 대관령면,경상사고,0,0,4,0,차대차 - 추돌 - 주정차중,안전운전불이행,건조,맑음,단일로 - 기타,승용,남,71세,상해없음,승합,남,47세,경상
2012061500100202,2012년 6월 15일 10시,금요일,강원도 동해시 효가동,경상사고,0,0,1,0,차대차 - 측면직각충돌,직진우회전진행방해,건조,맑음,교차로 - 교차로안,승용,여,57세,상해없음,승용,남,58세,경상
2012061500100232,2012년 6월 15일 11시,금요일,강원도 정선군 고한읍,경상사고,0,0,1,0,차대차 - 정면충돌,중앙선침범,건조,맑음,기타 - 기타,승용,여,37세,상해없음,승용,남,34세,경상
2012061500100254,2012년 6월 15일 12시,금요일,강원도 춘천시 퇴계동,사망사고,1,2,0,0,차대차 - 측면직각충돌,신호위반,건조,맑음,교차로 - 교차로안,승용,남,90세 이상,중상,승용,남,90세 이상,중상
2012061500100255,2012년 6월 15일 12시,금요일,강원도 춘천시 효자동,중상사고,0,1,0,0,차대차 - 측면직각충돌,교차로운행방법위반,건조,맑음,교차로 - 교차로안,승용,남,61세,상해없음,승용,여,37세,중상
2012061500100283,2012년 6월 15일 13시,금요일,강원도 철원군 갈말읍,중상사고,0,1,0,0,차량단독 - 전도전복,안전운전불이행,건조,맑음,단일로 - 기타,이륜,남,17세,중상,,,,
2012061500100322,2012년 6월 15일 14시,금요일,강원도 춘천시 후평동,중상사고,0,1,0,0,차대사람 - 차도통행중,안전운전불이행,건조,맑음,단일로 - 기타,승용,여,31세,상해없음,보행자,여,74세,중상
2012061500100323,2012년 6월 15일 14시,금요일,강원도 강릉시 포남동,중상사고,0,1,0,0,차대차 - 측면직각충돌,안전운전불이행,건조,맑음,교차로 - 교차로부근,승용,여,43세,상해없음,자전거,남,71세,중상
2012061500100324,2012년 6월 15일 14시,금요일,강원도 원주시 명륜동,중상사고,0,1,0,0,차대차 - 측면직각충돌,안전운전불이행,건조,맑음,교차로 - 교차로안,화물,남,53세,상해없음,자전거,여,29세,중상
2012061500100325,2012년 6월 15일 14시,금요일,강원도 원주시 중앙동,경상사고,0,0,1,0,차대사람 - 기타,안전운전불이행,건조,맑음,단일로 - 기타,기타불명,기타불명,기타불명,기타불명,보행자,여,43세,경상
2012061500100326,2012년 6월 15일 14시,금요일,강원도 삼척시 원덕읍,중상사고,0,1,0,0,차대사람 - 길가장자리구역통행중,안전운전불이행,건조,맑음,단일로 - 기타,승용,남,57세,상해없음,보행자,남,43세,중상
2012061500100360,2012년 6월 15일 15시,금요일,강원도 춘천시 사농동,경상사고,0,0,1,0,차대차 - 측면직각충돌,안전운전불이행,건조,맑음,단일로 - 기타,승용,여,39세,상해없음,자전거,남,14세,경상
2012061500100361,2012년 6월 15일 15시,금요일,강원도 원주시 평원동,경상사고,0,0,1,0,차대사람 - 기타,안전운전불이행,건조,맑음,단일로 - 기타,승용,여,39세,상해없음,보행자,여,55세,경상
2012061500100362,2012년 6월 15일 15시,금요일,강원도 속초시 중앙동,경상사고,0,0,1,0,차대차 - 측면직각충돌,교차로운행방법위반,건조,맑음,교차로 - 교차로안,승용,여,34세,상해없음,원동기,남,37세,경상
2012061500100363,2012년 6월 15일 15시,금요일,강원도 삼척시 도계읍,경상사고,0,0,2,0,차대차 - 기타,안전운전불이행,습기,비,단일로 - 기타,건설기계,남,37세,상해없음,화물,남,29세,경상
2012061500100399,2012년 6월 15일 16시,금요일,강원도 춘천시 사농동,경상사고,0,0,1,0,차대차 - 측면직각충돌,보행자보호의무위반,건조,맑음,단일로 - 횡단보도상,승용,남,79세,상해없음,자전거,남,12세,경상
2012061500100400,2012년 6월 15일 16시,금요일,강원도 춘천시 소양로1가,중상사고,0,2,3,0,차대차 - 정면충돌,교차로운행방법위반,건조,맑음,교차로 - 교차로안,승용,여,44세,중상,건설기계,남,49세,중상
2012061500100444,2012년 6월 15일 17시,금요일,강원도 원주시 단계동,경상사고,0,0,1,0,차대차 - 추돌 - 진행중,안전거리미확보,건조,맑음,교차로 - 교차로부근,승용,남,66세,상해없음,승용,남,59세,경상
2012061500100495,2012년 6월 15일 18시,금요일,강원도 원주시 무실동,경상사고,0,0,3,0,차대차 - 측면직각충돌,교차로운행방법위반,건조,맑음,교차로 - 교차로안,승용,남,33세,경상,승용,남,49세,경상
2012061500100642,2012년 6월 15일 21시,금요일,강원도 강릉시 주문진읍,사망사고,1,0,0,0,차대차 - 추돌 - 진행중,안전운전불이행,습기,비,단일로 - 기타,승용,남,49세,상해없음,농기계,남,55세,사망
2012061500100689,2012년 6월 15일 22시,금요일,강원도 춘천시 석사동,경상사고,0,0,1,0,차대차 - 측면직각충돌,직진우회전진행방해,건조,맑음,교차로 - 교차로안,화물,남,35세,상해없음,승용,여,49세,경상
2012061500100690,2012년 6월 15일 22시,금요일,강원도 강릉시 주문진읍,경상사고,0,0,1,0,차대차 - 측면직각충돌,안전운전불이행,습기,비,교차로 - 교차로부근,원동기,남,18세,경상,승용,남,47세,상해없음
2012061500100691,2012년 6월 15일 22시,금요일,강원도 원주시 무실동,경상사고,0,0,1,0,차대차 - 측면직각충돌,신호위반,건조,맑음,교차로 - 교차로안,승합,남,67세,상해없음,승용,남,24세,경상
2012061600100018,2012년 6월 16일 00시,토요일,강원도 동해시 천곡동,경상사고,0,0,1,0,차대사람 - 길가장자리구역통행중,안전운전불이행,습기,비,교차로 - 교차로안,승합,남,43세,상해없음,보행자,남,27세,경상
2012061600100064,2012년 6월 16일 01시,토요일,강원도 원주시 태장동,경상사고,0,0,1,0,차대차 - 측면직각충돌,안전운전불이행,건조,맑음,단일로 - 기타,승용,남,47세,상해없음,승용,남,28세,상해없음
2012061600100115,2012년 6월 16일 03시,토요일,강원도 강릉시 주문진읍,경상사고,0,0,1,0,차대차 - 측면직각충돌,신호위반,습기,비,교차로 - 교차로안,승용,남,50세,상해없음,승용,남,54세,경상
2012061600100116,2012년 6월 16일 03시,토요일,강원도 강릉시 강문동,경상사고,0,0,2,0,차대차 - 정면충돌,중앙선침범,습기,비,단일로 - 기타,승용,여,34세,상해없음,승용,남,54세,경상
2012061600100191,2012년 6월 16일 08시,토요일,강원도 원주시 봉산동,경상사고,0,0,1,0,차대차 - 측면직각충돌,직진우회전진행방해,건조,맑음,교차로 - 교차로안,이륜,남,21세,상해없음,승용,남,68세,상해없음
2012061600100192,2012년 6월 16일 08시,토요일,강원도 양양군 강현면,경상사고,0,0,1,0,차대차 - 측면직각충돌,교차로운행방법위반,건조,맑음,교차로 - 교차로부근,화물,남,42세,상해없음,자전거,남,51세,경상
2012061600100269,2012년 6월 16일 11시,토요일,강원도 동해시 천곡동,경상사고,0,0,1,0,차대차 - 기타,신호위반,건조,맑음,교차로 - 교차로안,승용,남,42세,상해없음,승용,여,49세,경상
2012061600100306,2012년 6월 16일 12시,토요일,강원도 춘천시 신북읍,중상사고,0,1,0,0,차대차 - 측면직각충돌,중앙선침범,건조,맑음,교차로 - 교차로부근,승용,여,45세,상해없음,자전거,남,45세,중상
2012061600100343,2012년 6월 16일 13시,토요일,강원도 횡성군 횡성읍,중상사고,0,1,1,0,차대차 - 기타,안전운전불이행,건조,맑음,교차로 - 교차로안,승용,여,42세,상해없음,승용,남,69세,경상
2012061600100378,2012년 6월 16일 14시,토요일,강원도 춘천시 사농동,경상사고,0,0,1,0,차대차 - 측면직각충돌,교차로운행방법위반,건조,맑음,교차로 - 교차로안,화물,남,48세,상해없음,이륜,남,17세,경상
2012061600100379,2012년 6월 16일 14시,토요일,강원도 강릉시 주문진읍,경상사고,0,0,1,0,차대사람 - 보도통행중,보행자보호의무위반,건조,맑음,교차로 - 교차로부근,승용,남,51세,상해없음,보행자,여,26세,경상
2012061600100380,2012년 6월 16일 14시,토요일,강원도 삼척시 원당동,사망사고,1,1,1,0,차대사람 - 기타,안전운전불이행,건조,맑음,기타 - 기타,승용,여,61세,상해없음,보행자,여,34세,사망
2012061600100420,2012년 6월 16일 15시,토요일,강원도 원주시 문막읍,경상사고,0,0,1,0,차대사람 - 기타,기타,건조,맑음,교차로 - 교차로부근,승용,남,36세,상해없음,보행자,남,6세,경상
2012061600100443,2012년 6월 16일 16시,토요일,강원도 원주시 흥업면,경상사고,0,0,1,0,차대차 - 추돌 - 진행중,신호위반,건조,맑음,교차로 - 교차로안,승용,남,57세,상해없음,승용,여,46세,경상
2012061600100479,2012년 6월 16일 17시,토요일,강원도 원주시 지정면,경상사고,0,0,2,0,차대차 - 추돌 - 진행중,안전거리미확보,건조,맑음,단일로 - 기타,승용,남,45세,상해없음,승용,남,51세,경상
2012061600100480,2012년 6월 16일 17시,토요일,강원도 동해시 북평동,경상사고,0,0,1,0,차대차 - 추돌 - 주정차중,안전운전불이행,건조,맑음,교차로 - 교차로부근,승용,남,46세,상해없음,승용,남,23세,경상
2012061600100514,2012년 6월 16일 18시,토요일,강원도 원주시 단계동,경상사고,0,0,2,0,차대사람 - 횡단중,신호위반,건조,맑음,단일로 - 기타,승용,남,58세,상해없음,보행자,남,6세,경상
2012061600100548,2012년 6월 16일 19시,토요일,강원도 춘천시 퇴계동,경상사고,0,0,1,0,차대사람 - 차도통행중,기타,건조,맑음,단일로 - 기타,승용,남,52세,상해없음,보행자,남,14세,경상
2012061600100572,2012년 6월 16일 20시,토요일,강원도 원주시 명륜동,경상사고,0,0,1,0,차대사람 - 횡단중,보행자보호의무위반,건조,맑음,단일로 - 기타,원동기,여,55세,상해없음,보행자,남,16세,경상
2012061600100641,2012년 6월 16일 22시,토요일,강원도 원주시 단계동,경상사고,0,0,2,0,차대차 - 추돌 - 주정차중,불법유턴,건조,맑음,단일로 - 기타,승용,여,26세,상해없음,승용,여,38세,경상
2012061600100642,2012년 6월 16일 22시,토요일,강원도 인제군 북면,중상사고,0,1,0,0,차대사람 - 횡단중,안전운전불이행,건조,맑음,교차로 - 교차로안,승용,여,37세,상해없음,보행자,남,23세,중상
2012061600100670,2012년 6월 16일 23시,토요일,강원도 춘천시 석사동,부상신고사고,0,0,0,1,차대차 - 측면직각충돌,안전운전불이행,건조,맑음,교차로 - 교차로부근,화물,남,49세,상해없음,승용,여,28세,부상신고
2012061700100013,2012년 6월 17일 00시,일요일,강원도 강릉시 포남동,경상사고,0,0,2,0,차대차 - 추돌 - 진행중,안전운전불이행,건조,맑음,교차로 - 교차로부근,승용,남,59세,상해없음,화물,남,38세,경상
2012061700100098,2012년 6월 17일 05시,일요일,강원도 강릉시 노암동,경상사고,0,0,1,0,차대사람 - 길가장자리구역통행중,중앙선침범,건조,맑음,단일로 - 기타,승용,남,33세,상해없음,보행자,남,71세,경상
2012061700100118,2012년 6월 17일 07시,일요일,강원도 강릉시 입암동,경상사고,0,0,1,0,차대차 - 정면충돌,중앙선침범,건조,맑음,단일로 - 기타,승용,남,56세,상해없음,승용,남,38세,경상
2012061700100127,2012년 6월 17일 08시,일요일,강원도 강릉시 교동,경상사고,0,0,2,0,차대차 - 추돌 - 주정차중,안전거리미확보,건조,맑음,교차로 - 교차로부근,승용,남,34세,상해없음,승합,남,46세,경상
2012061700100128,2012년 6월 17일 08시,일요일,강원도 원주시 행구동,경상사고,0,0,1,0,차대차 - 측면직각충돌,신호위반,건조,맑음,교차로 - 교차로안,승용,여,59세,상해없음,승용,여,51세,경상
2012061700100145,2012년 6월 17일 09시,일요일,강원도 속초시 금호동,경상사고,0,0,3,0,차대차 - 추돌 - 진행중,안전운전불이행,건조,맑음,단일로 - 기타,승용,남,26세,상해없음,승용,여,41세,경상
2012061700100164,2012년 6월 17일 10시,일요일,강원도 강릉시 사천면,중상사고,0,1,0,0,차대차 - 추돌 - 주정차중,안전운전불이행,건조,맑음,단일로 - 기타,이륜,남,69세,상해없음,승용,남,37세,상해없음
2012061700100184,2012년 6월 17일 11시,일요일,강원도 강릉시 옥천동,경상사고,0,0,1,0,차대사람 - 기타,안전운전불이행,건조,맑음,교차로 - 교차로안,승용,여,47세,상해없음,보행자,남,37세,경상
2012061700100185,2012년 6월 17일 11시,일요일,강원도 평창군 용평면,경상사고,0,0,1,0,차대차 - 측면직각충돌,교차로운행방법위반,건조,맑음,교차로 - 교차로부근,건설기계,남,42세,상해없음,승용,여,60세,경상
2012061700100186,2012년 6월 17일 11시,일요일,강원도 동해시 부곡동,경상사고,0,0,1,0,차대사람 - 기타,안전운전불이행,건조,맑음,단일로 - 기타,원동기,남,73세,상해없음,보행자,남,46세,경상
2012061700100233,2012년 6월 17일 13시,일요일,강원도 춘천시 옥천동,경상사고,0,0,1,0,차대차 - 기타,안전운전불이행,건조,맑음,교차로 - 교차로안,승용,남,25세,상해없음,승용,남,61세,경상
2012061700100234,2012년 6월 17일 13시,일요일,강원도 원주시 단계동,경상사고,0,0,4,0,차대차 - 측면직각충돌,신호위반,건조,맑음,교차로 - 교차로안,승용,여,70세,상해없음,승용,남,42세,경상
2012061700100259,2012년 6월 17일 14시,일요일,강원도 춘천시 석사동,부상신고사고,0,0,0,1,차대사람 - 횡단중,신호위반,건조,맑음,단일로 - 기타,승용,남,34세,상해없음,보행자,남,51세,부상신고
2012061700100260,2012년 6월 17일 14시,일요일,강원도 양양군 서면,경상사고,0,0,1,0,차대차 - 정면충돌,중앙선침범,건조,맑음,단일로 - 기타,승용,여,32세,상해없음,승합,남,48세,경상
2012061700100261,2012년 6월 17일 14시,일요일,강원도 태백시 화전동,경상사고,0,0,2,0,차대차 - 측면직각충돌,교차로운행방법위반,건조,맑음,교차로 - 교차로안,승용,남,27세,상해없음,승합,여,38세,경상
2012061700100288,2012년 6월 17일 15시,일요일,강원도 원주시 부론면,중상사고,0,2,3,0,차대차 - 측면직각충돌,기타,건조,맑음,교차로 - 교차로안,화물,남,47세,상해없음,승용,남,43세,경상
2012061700100320,2012년 6월 17일 16시,일요일,강원도 속초시 조양동,중상사고,0,1,0,0,차대사람 - 횡단중,안전운전불이행,건조,맑음,단일로 - 횡단보도상,승합,남,51세,상해없음,보행자,남,21세,중상
2012061700100343,2012년 6월 17일 17시,일요일,강원도 횡성군 횡성읍,경상사고,0,0,1,0,차대차 - 측면직각충돌,안전운전불이행,건조,맑음,단일로 - 교량,화물,남,63세,상해없음,농기계,남,72세,경상
2012061700100367,2012년 6월 17일 18시,일요일,강원도 춘천시 사북면,중상사고,0,1,1,0,차대차 - 기타,안전운전불이행,건조,맑음,교차로 - 교차로안,승용,남,41세,상해없음,승용,남,62세,경상
2012061700100368,2012년 6월 17일 18시,일요일,강원도 원주시 판부면,경상사고,0,0,2,0,차대차 - 추돌 - 주정차중,안전운전불이행,건조,맑음,교차로 - 교차로부근,승용,여,67세,상해없음,승용,여,26세,경상
2012061700100401,2012년 6월 17일 19시,일요일,강원도 춘천시 퇴계동,중상사고,0,1,0,0,차대차 - 측면직각충돌,직진우회전진행방해,건조,맑음,교차로 - 교차로안,화물,남,66세,상해없음,이륜,남,49세,중상
2012061700100402,2012년 6월 17일 19시,일요일,강원도 원주시 태장동,중상사고,0,1,0,0,차대차 - 측면직각충돌,교차로운행방법위반,건조,맑음,교차로 - 교차로안,승용,남,50세,상해없음,원동기,남,36세,중상
2012061700100403,2012년 6월 17일 19시,일요일,강원도 동해시 효가동,경상사고,0,0,1,0,차대차 - 측면직각충돌,교차로운행방법위반,건조,맑음,교차로 - 교차로부근,승합,남,50세,상해없음,승용,남,34세,경상
2012061700100455,2012년 6월 17일 21시,일요일,강원도 원주시 단구동,경상사고,0,0,1,0,차대차 - 추돌 - 주정차중,안전운전불이행,건조,맑음,단일로 - 기타,승용,남,55세,상해없음,승용,남,23세,기타불명
2012061700100456,2012년 6월 17일 21시,일요일,강원도 원주시 학성동,경상사고,0,0,2,0,차대차 - 측면직각충돌,신호위반,건조,맑음,교차로 - 교차로안,승용,남,66세,상해없음,승용,남,48세,경상
2012061700100490,2012년 6월 17일 22시,일요일,강원도 춘천시 후평동,경상사고,0,0,1,0,차대차 - 기타,안전운전불이행,건조,맑음,단일로 - 기타,승용,남,20세,상해없음,승용,남,39세,경상
2012061700100491,2012년 6월 17일 22시,일요일,강원도 원주시 일산동,경상사고,0,0,2,0,차대차 - 추돌 - 진행중,안전운전불이행,건조,맑음,교차로 - 교차로안,승용,남,25세,기타불명,승용,남,55세,경상
2012061700100512,2012년 6월 17일 23시,일요일,강원도 춘천시 요선동,경상사고,0,0,1,0,차대사람 - 길가장자리구역통행중,안전운전불이행,건조,맑음,단일로 - 기타,승용,여,45세,상해없음,보행자,남,47세,경상
2012061800100007,2012년 6월 18일 00시,월요일,강원도 원주시 단구동,중상사고,0,2,0,0,차대차 - 측면직각충돌,교차로운행방법위반,건조,맑음,교차로 - 교차로안,화물,여,35세,상해없음,승용,남,41세,중상
2012061800100023,2012년 6월 18일 01시,월요일,강원도 강릉시 입암동,경상사고,0,0,3,0,차대차 - 추돌 - 주정차중,안전운전불이행,건조,흐림,교차로 - 교차로부근,승용,남,46세,경상,승합,남,39세,경상
2012061800100028,2012년 6월 18일 02시,월요일,강원도 원주시 단계동,경상사고,0,0,1,0,차대차 - 정면충돌,안전운전불이행,건조,맑음,단일로 - 기타,승용,여,35세,상해없음,승합,남,37세,경상
2012061800100035,2012년 6월 18일 03시,월요일,강원도 강릉시 주문진읍,사망사고,1,1,0,0,차량단독 - 공작물충돌,안전운전불이행,건조,맑음,단일로 - 기타,이륜,남,21세,사망,,,,
2012061800100081,2012년 6월 18일 07시,월요일,강원도 원주시 명륜동,중상사고,0,1,1,0,차대차 - 측면직각충돌,안전운전불이행,건조,맑음,교차로 - 교차로부근,원동기,남,80세,중상,승용,남,46세,경상
2012061800100150,2012년 6월 18일 09시,월요일,강원도 춘천시 소양로1가,경상사고,0,0,1,0,차대차 - 측면직각충돌,직진우회전진행방해,건조,맑음,교차로 - 교차로안,승합,남,51세,상해없음,승용,여,65세,경상
2012061800100176,2012년 6월 18일 10시,월요일,강원도 춘천시 신북읍,경상사고,0,0,2,0,차대차 - 추돌 - 주정차중,안전거리미확보,건조,맑음,단일로 - 기타,화물,남,35세,상해없음,승용,남,52세,경상
2012061800100177,2012년 6월 18일 10시,월요일,강원도 원주시 태장동,경상사고,0,0,1,0,차대차 - 추돌 - 진행중,안전거리미확보,건조,맑음,미분류 - 미분류,승용,남,43세,기타불명,승용,남,47세,경상
2012061800100178,2012년 6월 18일 10시,월요일,강원도 원주시 단계동,경상사고,0,0,2,0,차대차 - 측면직각충돌,신호위반,건조,맑음,교차로 - 교차로안,승용,남,54세,경상,승용,여,41세,경상
2012061800100268,2012년 6월 18일 14시,월요일,강원도 원주시 평원동,경상사고,0,0,1,0,차대사람 - 길가장자리구역통행중,안전운전불이행,건조,맑음,단일로 - 기타,승용,여,46세,상해없음,보행자,남,60세,경상
2012061800100294,2012년 6월 18일 15시,월요일,강원도 춘천시 석사동,경상사고,0,0,1,0,차대차 - 기타,안전운전불이행,건조,맑음,교차로 - 교차로부근,승용,여,36세,상해없음,승용,남,36세,상해없음
2012061800100363,2012년 6월 18일 17시,월요일,강원도 원주시 단계동,경상사고,0,0,2,0,차대차 - 측면직각충돌,차로위반,건조,흐림,교차로 - 교차로안,승합,남,60세,상해없음,화물,남,55세,상해없음
2012061800100408,2012년 6월 18일 18시,월요일,강원도 강릉시 포남동,경상사고,0,0,1,0,차대차 - 정면충돌,중앙선침범,건조,맑음,교차로 - 교차로부근,승용,여,44세,상해없음,원동기,남,18세,경상
2012061800100451,2012년 6월 18일 19시,월요일,강원도 원주시 학성동,부상신고사고,0,0,0,1,차대차 - 기타,차로위반,건조,맑음,단일로 - 기타,자전거,남,70세,부상신고,원동기,남,50세,상해없음
2012061800100452,2012년 6월 18일 19시,월요일,강원도 삼척시 남양동,경상사고,0,0,1,0,차대사람 - 보도통행중,기타,건조,맑음,단일로 - 기타,승용,남,35세,상해없음,보행자,남,28세,경상
2012061800100493,2012년 6월 18일 20시,월요일,강원도 강릉시 교동,경상사고,0,0,1,0,차대차 - 추돌 - 진행중,안전거리미확보,건조,맑음,교차로 - 교차로부근,승용,남,46세,상해없음,승합,남,32세,경상
2012061800100537,2012년 6월 18일 21시,월요일,강원도 춘천시 퇴계동,경상사고,0,0,1,0,차대차 - 측면직각충돌,안전운전불이행,건조,맑음,교차로 - 교차로안,승용,남,25세,상해없음,승용,여,46세,경상
2012061800100612,2012년 6월 18일 23시,월요일,강원도 강릉시 노암동,중상사고,0,1,0,0,차대사람 - 보도통행중,보행자보호의무위반,건조,맑음,교차로 - 교차로부근,승용,여,39세,상해없음,보행자,남,33세,중상
2012061900100034,2012년 6월 19일 01시,화요일,강원도 원주시 단계동,중상사고,0,1,0,0,차대사람 - 기타,안전운전불이행,건조,맑음,교차로 - 교차로부근,승용,남,30세,상해없음,보행자,남,29세,중상
2012061900100103,2012년 6월 19일 06시,화요일,강원도 정선군 사북읍,경상사고,0,0,2,0,차대차 - 정면충돌,안전운전불이행,건조,맑음,기타 - 기타,승용,남,39세,상해없음,승용,남,26세,경상
2012061900100151,2012년 6월 19일 08시,화요일,강원도 원주시 명륜동,경상사고,0,0,1,0,차대차 - 추돌 - 진행중,안전거리미확보,건조,맑음,단일로 - 기타,승용,남,37세,상해없음,승용,남,40세,경상
2012061900100182,2012년 6월 19일 09시,화요일,강원도 춘천시 동내면,경상사고,0,0,1,0,차대차 - 추돌 - 진행중,안전거리미확보,건조,맑음,단일로 - 기타,건설기계,남,55세,상해없음,승용,남,40세,경상
2012061900100220,2012년 6월 19일 10시,화요일,강원도 홍천군 북방면,중상사고,0,1,0,0,차대차 - 기타,안전운전불이행,건조,맑음,단일로 - 기타,화물,남,44세,상해없음,농기계,남,73세,중상
2012061900100250,2012년 6월 19일 11시,화요일,강원도 춘천시 서면,중상사고,0,1,0,0,차대차 - 기타,중앙선침범,건조,맑음,단일로 - 기타,화물,남,63세,상해없음,원동기,남,76세,중상
2012061900100251,2012년 6월 19일 11시,화요일,강원도 원주시 학성동,경상사고,0,0,1,0,차대차 - 추돌 - 주정차중,안전운전불이행,건조,맑음,단일로 - 기타,승용,남,57세,상해없음,승용,여,43세,경상
2012061900100271,2012년 6월 19일 12시,화요일,강원도 춘천시 석사동,중상사고,0,1,0,0,차대사람 - 횡단중,신호위반,건조,맑음,교차로 - 교차로부근,원동기,남,19세,상해없음,보행자,남,50세,중상
2012061900100290,2012년 6월 19일 13시,화요일,강원도 춘천시 근화동,경상사고,0,0,1,0,차대차 - 측면직각충돌,교차로운행방법위반,건조,맑음,교차로 - 교차로안,원동기,남,27세,상해없음,승용,여,30세,경상
2012061900100291,2012년 6월 19일 13시,화요일,강원도 태백시 황지동,경상사고,0,0,1,0,차대사람 - 기타,안전운전불이행,건조,맑음,단일로 - 기타,화물,남,44세,상해없음,보행자,남,35세,경상
2012061900100321,2012년 6월 19일 14시,화요일,강원도 춘천시 신북읍,중상사고,0,5,3,0,차대차 - 기타,기타,건조,맑음,단일로 - 기타,승용,남,69세,상해없음,승용,남,43세,경상
2012061900100322,2012년 6월 19일 14시,화요일,강원도 동해시 천곡동,경상사고,0,0,1,0,차대차 - 기타,직진우회전진행방해,건조,맑음,교차로 - 교차로부근,승용,여,31세,상해없음,승용,남,56세,경상