사고번호,사고일시,요일,시군구,사고내용,사망자수,중상자수,경상자수,부상신고자수,사고유형,법규위반,노면상태,기상상태,도로형태,가해운전자 차종,가해운전자 성별,가해운전자 연령,가해운전자 상해정도,피해운전자 차종,피해운전자 성별,피해운전자 연령,피해운전자 상해정도
2012062400100103,2012년 6월 24일 07시,일요일,강원도 강릉시 홍제동,경상사고,0,0,3,0,차대차 - 추돌 - 진행중,중앙선침범,건조,맑음,단일로 - 기타,원동기,남,74세,상해없음,승용,여,24세,경상
2012062400100112,2012년 6월 24일 08시,일요일,강원도 춘천시 후평동,경상사고,0,0,1,0,차대차 - 기타,신호위반,건조,맑음,교차로 - 교차로안,승합,남,65세,경상,승용,여,52세,상해없음
2012062400100113,2012년 6월 24일 08시,일요일,강원도 춘천시 소양로1가,부상신고사고,0,0,0,1,차대차 - 추돌 - 주정차중,안전거리미확보,건조,맑음,단일로 - 기타,승용,남,41세,상해없음,승용,남,69세,부상신고
2012062400100148,2012년 6월 24일 10시,일요일,강원도 춘천시 동산면,중상사고,0,2,0,0,차대차 - 측면직각충돌,중앙선침범,건조,맑음,단일로 - 기타,승용,남,66세,상해없음,승용,남,40세,중상
2012062400100149,2012년 6월 24일 10시,일요일,강원도 속초시 교동,경상사고,0,0,2,0,차대차 - 측면직각충돌,교차로운행방법위반,건조,맑음,교차로 - 교차로안,승용,여,60세,상해없음,화물,남,52세,경상
2012062400100167,2012년 6월 24일 11시,일요일,강원도 춘천시 운교동,부상신고사고,0,0,0,1,차대사람 - 기타,보행자보호의무위반,건조,맑음,단일로 - 횡단보도상,승용,남,56세,상해없음,보행자,남,44세,부상신고
2012062400100168,2012년 6월 24일 11시,일요일,강원도 춘천시 효자동,경상사고,0,0,1,0,차대차 - 측면직각충돌,중앙선침범,건조,맑음,단일로 - 기타,승용,여,63세,상해없음,승용,남,30세,경상
2012062400100191,2012년 6월 24일 12시,일요일,강원도 강릉시 교동,경상사고,0,0,2,0,차대차 - 측면직각충돌,안전운전불이행,건조,맑음,교차로 - 교차로안,승용,남,26세,상해없음,승용,남,27세,경상
2012062400100192,2012년 6월 24일 12시,일요일,강원도 원주시 무실동,중상사고,0,1,2,1,차대차 - 추돌 - 진행중,안전운전불이행,건조,맑음,교차로 - 교차로부근,승합,남,44세,상해없음,승용,남,50세,경상
2012062400100193,2012년 6월 24일 12시,일요일,강원도 고성군 토성면,경상사고,0,0,1,0,차대차 - 기타,안전운전불이행,건조,맑음,기타 - 기타,승용,남,41세,상해없음,승용,남,37세,경상
2012062400100243,2012년 6월 24일 14시,일요일,강원도 원주시 명륜동,경상사고,0,0,3,0,차대차 - 측면직각충돌,불법유턴,건조,맑음,단일로 - 기타,승용,남,61세,상해없음,승용,남,24세,경상
2012062400100269,2012년 6월 24일 15시,일요일,강원도 강릉시 성남동,중상사고,0,1,0,0,차대사람 - 차도통행중,안전운전불이행,건조,맑음,단일로 - 기타,승용,남,68세,상해없음,보행자,남,72세,중상
2012062400100270,2012년 6월 24일 15시,일요일,강원도 평창군 봉평면,중상사고,0,1,0,0,차대사람 - 기타,안전운전불이행,건조,맑음,단일로 - 기타,승용,남,41세,상해없음,보행자,남,7세,중상
2012062400100271,2012년 6월 24일 15시,일요일,강원도 동해시 천곡동,경상사고,0,0,1,0,차대차 - 기타,안전운전불이행,건조,맑음,교차로 - 교차로부근,원동기,남,17세,상해없음,승용,남,41세,기타불명
2012062400100306,2012년 6월 24일 16시,일요일,강원도 춘천시 효자동,경상사고,0,0,1,0,차대차 - 기타,안전운전불이행,건조,맑음,단일로 - 기타,승용,남,45세,상해없음,승용,여,50세,경상
2012062400100307,2012년 6월 24일 16시,일요일,강원도 춘천시 신북읍,부상신고사고,0,0,0,1,차대차 - 기타,안전운전불이행,건조,맑음,단일로 - 기타,승용,여,52세,상해없음,자전거,여,21세,부상신고
2012062400100308,2012년 6월 24일 16시,일요일,강원도 원주시 소초면,사망사고,1,0,0,0,차량단독 - 공작물충돌,안전운전불이행,건조,맑음,단일로 - 기타,승용,남,41세,상해없음,,,,
2012062400100388,2012년 6월 24일 19시,일요일,강원도 양구군 양구읍,중상사고,0,1,0,0,차대사람 - 기타,안전운전불이행,건조,맑음,기타 - 기타,승용,남,51세,상해없음,보행자,여,2세,중상
2012062400100389,2012년 6월 24일 19시,일요일,강원도 평창군 봉평면,경상사고,0,0,3,2,차대차 - 추돌 - 주정차중,안전거리미확보,건조,맑음,단일로 - 터널,승용,남,24세,상해없음,승용,남,59세,상해없음
2012062400100420,2012년 6월 24일 20시,일요일,강원도 원주시 단구동,경상사고,0,0,1,0,차대차 - 측면직각충돌,직진우회전진행방해,건조,맑음,교차로 - 교차로안,승용,남,29세,상해없음,자전거,남,13세,경상
2012062400100421,2012년 6월 24일 20시,일요일,강원도 양구군 양구읍,경상사고,0,0,1,0,차대차 - 측면직각충돌,안전운전불이행,건조,맑음,교차로 - 교차로부근,화물,남,44세,상해없음,승용,남,56세,경상
2012062500100007,2012년 6월 25일 00시,월요일,강원도 강릉시 교동,경상사고,0,0,1,0,차대차 - 추돌 - 주정차중,안전운전불이행,습기,비,단일로 - 기타,승용,남,46세,상해없음,승용,남,29세,경상
2012062500100019,2012년 6월 25일 01시,월요일,강원도 평창군 용평면,중상사고,0,1,0,0,차대차 - 측면직각충돌,중앙선침범,건조,맑음,단일로 - 기타,승용,남,64세,상해없음,승용,남,39세,중상
2012062500100027,2012년 6월 25일 02시,월요일,강원도 동해시 천곡동,경상사고,0,0,1,0,차량단독 - 기타,안전운전불이행,건조,맑음,기타 - 기타,승용,남,51세,상해없음,,,,
2012062500100058,2012년 6월 25일 06시,월요일,강원도 춘천시 후평동,중상사고,0,2,1,0,차대차 - 측면직각충돌,교차로운행방법위반,건조,맑음,교차로 - 교차로안,화물,남,41세,상해없음,승합,남,51세,경상
2012062500100059,2012년 6월 25일 06시,월요일,강원도 강릉시 교동,경상사고,0,0,1,0,차대차 - 측면직각충돌,안전운전불이행,건조,맑음,교차로 - 교차로부근,승용,남,26세,상해없음,승용,남,41세,경상
2012062500100060,2012년 6월 25일 06시,월요일,강원도 원주시 무실동,중상사고,0,1,1,0,차대차 - 측면직각충돌,신호위반,건조,맑음,교차로 - 교차로안,승용,남,38세,상해없음,승용,남,57세,경상
2012062500100086,2012년 6월 25일 07시,월요일,강원도 철원군 동송읍,경상사고,0,0,1,0,차대차 - 측면직각충돌,안전거리미확보,건조,맑음,단일로 - 기타,승용,남,61세,상해없음,승용,남,36세,경상
2012062500100107,2012년 6월 25일 08시,월요일,강원도 원주시 문막읍,경상사고,0,0,1,0,차대차 - 측면직각충돌,안전운전불이행,건조,맑음,단일로 - 기타,화물,남,41세,상해없음,화물,남,54세,경상
2012062500100149,2012년 6월 25일 09시,월요일,강원도 홍천군 홍천읍,중상사고,0,1,0,0,차대차 - 기타,안전거리미확보,건조,맑음,단일로 - 기타,화물,남,55세,중상,화물,남,29세,상해없음
2012062500100150,2012년 6월 25일 09시,월요일,강원도 고성군 간성읍,경상사고,0,0,1,0,차대차 - 측면직각충돌,직진우회전진행방해,건조,맑음,교차로 - 교차로안,승용,여,55세,상해없음,승용,남,42세,경상
2012062500100151,2012년 6월 25일 09시,월요일,강원도 동해시 단봉동,경상사고,0,0,3,0,차대차 - 측면직각충돌,안전운전불이행,건조,맑음,교차로 - 교차로부근,건설기계,남,38세,상해없음,승용,남,52세,경상
2012062500100181,2012년 6월 25일 10시,월요일,강원도 양양군 강현면,중상사고,0,1,0,0,차대차 - 추돌 - 진행중,안전거리미확보,건조,맑음,단일로 - 기타,승용,여,43세,상해없음,원동기,남,75세,중상
2012062500100182,2012년 6월 25일 10시,월요일,강원도 홍천군 홍천읍,중상사고,0,1,0,0,차대차 - 기타,안전운전불이행,건조,맑음,교차로 - 교차로안,승용,여,21세,상해없음,자전거,여,57세,중상
2012062500100211,2012년 6월 25일 11시,월요일,강원도 춘천시 신북읍,중상사고,0,1,0,0,차대차 - 추돌 - 주정차중,안전운전불이행,건조,맑음,단일로 - 기타,승용,남,58세,상해없음,승용,남,69세,중상
2012062500100213,2012년 6월 25일 11시,월요일,강원도 원주시 단계동,중상사고,0,1,0,0,차대차 - 측면직각충돌,신호위반,건조,맑음,교차로 - 교차로안,화물,남,43세,상해없음,승합,남,29세,중상
2012062500100247,2012년 6월 25일 12시,월요일,강원도 강릉시 송정동,경상사고,0,0,1,0,차대차 - 측면직각충돌,안전운전불이행,건조,맑음,단일로 - 횡단보도상,화물,남,37세,상해없음,자전거,남,75세,경상
2012062500100272,2012년 6월 25일 13시,월요일,강원도 홍천군 홍천읍,중상사고,0,2,2,0,차대차 - 기타,안전운전불이행,건조,맑음,단일로 - 기타,승용,여,37세,상해없음,승용,남,66세,중상
2012062500100308,2012년 6월 25일 14시,월요일,강원도 춘천시 석사동,중상사고,0,1,1,0,차대차 - 측면직각충돌,교차로운행방법위반,건조,맑음,교차로 - 교차로안,승합,여,43세,상해없음,원동기,여,63세,중상
2012062500100309,2012년 6월 25일 14시,월요일,강원도 강릉시 교동,경상사고,0,0,3,0,차대차 - 측면직각충돌,신호위반,습기,비,교차로 - 교차로안,승용,남,41세,경상,승용,여,51세,경상
2012062500100310,2012년 6월 25일 14시,월요일,강원도 원주시 문막읍,중상사고,0,1,0,0,차대차 - 측면직각충돌,직진우회전진행방해,건조,맑음,교차로 - 교차로안,이륜,남,86세,중상,승용,남,70세,상해없음
2012062500100345,2012년 6월 25일 15시,월요일,강원도 원주시 일산동,중상사고,0,1,0,0,차대차 - 측면직각충돌,안전거리미확보,건조,맑음,교차로 - 교차로안,승용,여,22세,상해없음,화물,남,50세,중상
2012062500100377,2012년 6월 25일 16시,월요일,강원도 춘천시 석사동,경상사고,0,0,1,0,차대차 - 측면직각충돌,안전운전불이행,건조,맑음,기타 - 기타,승용,여,52세,상해없음,자전거,남,7세,경상
2012062500100378,2012년 6월 25일 16시,월요일,강원도 춘천시 신북읍,경상사고,0,0,2,0,차대차 - 측면직각충돌,안전운전불이행,건조,맑음,단일로 - 기타,승용,여,26세,상해없음,승용,여,33세,경상
2012062500100379,2012년 6월 25일 16시,월요일,강원도 영월군 영월읍,중상사고,0,2,0,0,차대차 - 측면직각충돌,교차로운행방법위반,건조,맑음,교차로 - 교차로안,화물,남,58세,상해없음,화물,남,38세,중상
2012062500100410,2012년 6월 25일 17시,월요일,강원도 강릉시 교동,경상사고,0,0,1,0,차대차 - 기타,안전운전불이행,건조,맑음,교차로 - 교차로부근,승용,여,47세,상해없음,원동기,남,17세,경상
2012062500100411,2012년 6월 25일 17시,월요일,강원도 평창군 대관령면,경상사고,0,0,1,0,차대차 - 측면직각충돌,안전운전불이행,습기,비,단일로 - 기타,승용,남,37세,상해없음,승용,남,67세,상해없음
2012062500100552,2012년 6월 25일 20시,월요일,강원도 강릉시 교동,경상사고,0,0,1,0,차대사람 - 기타,안전운전불이행,건조,맑음,단일로 - 기타,승용,남,27세,상해없음,보행자,남,27세,경상
2012062500100584,2012년 6월 25일 21시,월요일,강원도 원주시 태장동,중상사고,0,1,0,0,차대사람 - 횡단중,보행자보호의무위반,건조,맑음,단일로 - 기타,승용,남,51세,상해없음,보행자,남,48세,중상
2012062500100585,2012년 6월 25일 21시,월요일,강원도 원주시 학성동,경상사고,0,0,2,0,차대차 - 추돌 - 진행중,안전거리미확보,건조,맑음,교차로 - 교차로안,승용,남,53세,상해없음,승용,여,42세,경상
2012062600100025,2012년 6월 26일 01시,화요일,강원도 춘천시 퇴계동,경상사고,0,0,1,0,차대차 - 측면직각충돌,안전거리미확보,건조,맑음,단일로 - 기타,화물,남,45세,상해없음,승용,남,56세,상해없음
2012062600100097,2012년 6월 26일 07시,화요일,강원도 횡성군 갑천면,경상사고,0,0,1,0,차대차 - 측면직각충돌,안전운전불이행,건조,맑음,단일로 - 기타,화물,남,43세,상해없음,화물,남,66세,경상
2012062600100135,2012년 6월 26일 08시,화요일,강원도 원주시 무실동,경상사고,0,0,3,0,차대차 - 측면직각충돌,차로위반,건조,맑음,단일로 - 기타,승용,남,31세,경상,승용,여,41세,경상
2012062600100136,2012년 6월 26일 08시,화요일,강원도 원주시 일산동,중상사고,0,1,0,0,차대차 - 기타,차로위반,건조,맑음,교차로 - 교차로안,자전거,남,24세,중상,승용,남,55세,상해없음
2012062600100258,2012년 6월 26일 13시,화요일,강원도 원주시 소초면,경상사고,0,0,2,0,차대차 - 추돌 - 주정차중,안전운전불이행,건조,맑음,교차로 - 교차로부근,승용,남,30세,상해없음,승용,남,21세,경상
2012062600100288,2012년 6월 26일 14시,화요일,강원도 원주시 단구동,경상사고,0,0,2,0,차대차 - 기타,안전운전불이행,건조,맑음,단일로 - 횡단보도상,승용,여,58세,상해없음,자전거,남,10세,경상
2012062600100361,2012년 6월 26일 16시,화요일,강원도 홍천군 화촌면,경상사고,0,0,1,0,차대차 - 기타,안전운전불이행,건조,맑음,교차로 - 교차로부근,기타불명,남,24세,상해없음,화물,남,48세,경상
2012062600100397,2012년 6월 26일 17시,화요일,강원도 강릉시 주문진읍,경상사고,0,0,1,0,차대사람 - 횡단중,안전운전불이행,건조,맑음,교차로 - 교차로부근,이륜,남,75세,상해없음,보행자,여,47세,경상
2012062600100443,2012년 6월 26일 18시,화요일,강원도 춘천시 소양로1가,경상사고,0,0,2,0,차대차 - 측면직각충돌,기타,건조,맑음,단일로 - 기타,승용,남,41세,경상,이륜,남,23세,경상
2012062600100444,2012년 6월 26일 18시,화요일,강원도 양구군 남면,경상사고,0,0,1,0,차대차 - 측면직각충돌,안전거리미확보,건조,흐림,단일로 - 기타,승용,남,52세,상해없음,승용,남,52세,상해없음
2012062600100497,2012년 6월 26일 20시,화요일,강원도 원주시 태장동,중상사고,0,1,0,0,차대차 - 측면직각충돌,직진우회전진행방해,건조,맑음,교차로 - 교차로안,승합,남,28세,상해없음,이륜,남,16세,중상
2012062600100567,2012년 6월 26일 22시,화요일,강원도 강릉시 주문진읍,경상사고,0,0,1,0,차대차 - 측면직각충돌,중앙선침범,건조,맑음,단일로 - 기타,승용,남,26세,상해없음,승용,여,43세,경상
2012062600100568,2012년 6월 26일 22시,화요일,강원도 철원군 서면,경상사고,0,0,4,0,차량단독 - 공작물충돌,안전운전불이행,건조,맑음,단일로 - 기타,승용,여,47세,경상,,,,
2012062700100015,2012년 6월 27일 00시,수요일,강원도 춘천시 운교동,경상사고,0,0,2,0,차대차 - 측면직각충돌,안전운전불이행,건조,맑음,교차로 - 교차로부근,승용,남,57세,상해없음,승용,남,31세,경상
2012062700100016,2012년 6월 27일 00시,수요일,강원도 춘천시 퇴계동,중상사고,0,1,0,0,차대사람 - 기타,보행자보호의무위반,건조,맑음,단일로 - 기타,승용,남,28세,상해없음,보행자,남,55세,중상
2012062700100017,2012년 6월 27일 00시,수요일,강원도 강릉시 송정동,중상사고,0,2,0,0,차량단독 - 공작물충돌,안전운전불이행,습기,비,교차로 - 교차로부근,승용,남,28세,중상,,,,
2012062700100018,2012년 6월 27일 00시,수요일,강원도 화천군 사내면,부상신고사고,0,0,0,1,차량단독 - 전도전복,안전운전불이행,건조,맑음,단일로 - 기타,승용,남,26세,부상신고,,,,
2012062700100069,2012년 6월 27일 03시,수요일,강원도 강릉시 주문진읍,중상사고,0,1,0,0,차대차 - 추돌 - 주정차중,안전운전불이행,습기,비,단일로 - 기타,승용,남,37세,상해없음,화물,남,41세,기타불명
2012062700100070,2012년 6월 27일 03시,수요일,강원도 횡성군 둔내면,사망사고,1,0,0,0,차량단독 - 공작물충돌,안전운전불이행,건조,맑음,단일로 - 기타,화물,남,33세,사망,,,,
2012062700100080,2012년 6월 27일 04시,수요일,강원도 고성군 죽왕면,사망사고,1,0,0,0,차량단독 - 공작물충돌,안전운전불이행,건조,흐림,교차로 - 교차로부근,승용,남,27세,사망,,,,
2012062700100121,2012년 6월 27일 07시,수요일,강원도 원주시 지정면,경상사고,0,0,1,0,차대차 - 정면충돌,중앙선침범,건조,맑음,단일로 - 기타,승용,여,51세,상해없음,승용,남,45세,경상
2012062700100156,2012년 6월 27일 08시,수요일,강원도 춘천시 신북읍,부상신고사고,0,0,0,1,차대사람 - 기타,안전운전불이행,건조,맑음,단일로 - 기타,화물,남,42세,상해없음,보행자,여,5세,부상신고
2012062700100157,2012년 6월 27일 08시,수요일,강원도 원주시 일산동,경상사고,0,0,1,0,차대사람 - 횡단중,안전운전불이행,건조,맑음,교차로 - 교차로안,승합,남,55세,상해없음,보행자,여,9세,경상
2012062700100158,2012년 6월 27일 08시,수요일,강원도 평창군 대관령면,중상사고,0,1,0,0,차대차 - 측면직각충돌,중앙선침범,습기,비,단일로 - 기타,화물,남,41세,상해없음,승용,남,43세,중상
2012062700100194,2012년 6월 27일 09시,수요일,강원도 원주시 원동,경상사고,0,0,1,0,차대사람 - 횡단중,보행자보호의무위반,건조,맑음,단일로 - 횡단보도상,승용,남,69세,상해없음,보행자,남,3세,경상
2012062700100234,2012년 6월 27일 10시,수요일,강원도 속초시 조양동,경상사고,0,0,1,0,차대차 - 추돌 - 진행중,신호위반,건조,맑음,교차로 - 교차로안,승용,남,68세,상해없음,승용,여,44세,경상
2012062700100301,2012년 6월 27일 13시,수요일,강원도 강릉시 내곡동,경상사고,0,0,2,0,차대차 - 추돌 - 진행중,안전운전불이행,건조,맑음,단일로 - 기타,승용,여,56세,상해없음,승용,남,37세,경상
2012062700100334,2012년 6월 27일 14시,수요일,강원도 홍천군 내촌면,중상사고,0,1,0,0,차대차 - 기타,중앙선침범,건조,맑음,단일로 - 기타,승용,남,50세,상해없음,승용,여,49세,중상
2012062700100335,2012년 6월 27일 14시,수요일,강원도 평창군 미탄면,중상사고,0,1,0,0,차량단독 - 전도전복,안전운전불이행,건조,맑음,단일로 - 기타,화물,남,51세,중상,,,,
2012062700100476,2012년 6월 27일 18시,수요일,강원도 강릉시 지변동,경상사고,0,0,1,0,차대차 - 추돌 - 주정차중,안전운전불이행,건조,맑음,교차로 - 교차로부근,화물,남,26세,상해없음,화물,여,40세,경상
2012062700100477,2012년 6월 27일 18시,수요일,강원도 원주시 단계동,경상사고,0,0,3,0,차대차 - 추돌 - 주정차중,안전운전불이행,건조,맑음,단일로 - 기타,화물,여,53세,상해없음,승용,여,32세,경상
2012062700100478,2012년 6월 27일 18시,수요일,강원도 속초시 조양동,중상사고,0,1,0,0,차대사람 - 횡단중,안전운전불이행,건조,맑음,단일로 - 기타,승용,남,66세,상해없음,보행자,남,7세,중상
2012062700100553,2012년 6월 27일 20시,수요일,강원도 강릉시 주문진읍,중상사고,0,1,0,0,차대사람 - 횡단중,안전운전불이행,건조,맑음,단일로 - 기타,승용,남,47세,상해없음,보행자,여,73세,중상
2012062700100554,2012년 6월 27일 20시,수요일,강원도 홍천군 홍천읍,경상사고,0,0,1,0,차대사람 - 차도통행중,보행자보호의무위반,건조,맑음,단일로 - 횡단보도상,기타불명,기타불명,기타불명,기타불명,보행자,남,49세,경상
2012062700100555,2012년 6월 27일 20시,수요일,강원도 동해시 천곡동,경상사고,0,0,1,0,차대사람 - 기타,안전운전불이행,건조,맑음,단일로 - 기타,기타불명,기타불명,기타불명,기타불명,보행자,여,12세,경상
2012062700100585,2012년 6월 27일 21시,수요일,강원도 강릉시 내곡동,경상사고,0,0,1,0,차대사람 - 횡단중,안전운전불이행,건조,맑음,단일로 - 기타,자전거,남,22세,상해없음,보행자,남,24세,경상
2012062700100622,2012년 6월 27일 22시,수요일,강원도 춘천시 후평동,경상사고,0,0,1,0,차대차 - 기타,안전운전불이행,건조,맑음,교차로 - 교차로부근,승용,남,46세,상해없음,승용,남,27세,경상
2012062700100623,2012년 6월 27일 22시,수요일,강원도 강릉시 임당동,경상사고,0,0,3,0,차대차 - 추돌 - 주정차중,안전운전불이행,건조,맑음,단일로 - 기타,승용,여,27세,상해없음,승용,남,30세,경상
2012062700100624,2012년 6월 27일 22시,수요일,강원도 원주시 단계동,중상사고,0,1,1,0,차대차 - 추돌 - 주정차중,교차로운행방법위반,건조,맑음,교차로 - 교차로안,승용,남,52세,기타불명,승용,남,55세,경상
2012062800100014,2012년 6월 28일 00시,목요일,강원도 춘천시 석사동,경상사고,0,0,2,0,차대차 - 추돌 - 진행중,안전운전불이행,건조,맑음,단일로 - 기타,승용,여,30세,상해없음,승용,남,40세,경상
2012062800100074,2012년 6월 28일 05시,목요일,강원도 원주시 단구동,경상사고,0,0,3,0,차대차 - 추돌 - 주정차중,안전운전불이행,건조,맑음,단일로 - 기타,승용,여,43세,경상,화물,남,51세,기타불명
2012062800100089,2012년 6월 28일 06시,목요일,강원도 홍천군 화촌면,중상사고,0,1,0,0,차대차 - 기타,안전운전불이행,건조,맑음,단일로 - 기타,승용,남,25세,상해없음,화물,남,48세,중상
2012062800100152,2012년 6월 28일 08시,목요일,강원도 원주시 명륜동,경상사고,0,0,1,0,차대차 - 추돌 - 진행중,직진우회전진행방해,건조,맑음,교차로 - 교차로안,승용,남,61세,상해없음,승용,남,34세,경상
2012062800100153,2012년 6월 28일 08시,목요일,강원도 원주시 단구동,중상사고,0,1,0,0,차대차 - 추돌 - 진행중,직진우회전진행방해,건조,맑음,교차로 - 교차로안,승용,여,43세,상해없음,승용,여,40세,중상
2012062800100154,2012년 6월 28일 08시,목요일,강원도 원주시 개운동,경상사고,0,0,1,0,차대차 - 측면직각충돌,교차로운행방법위반,건조,맑음,교차로 - 교차로안,승용,여,53세,상해없음,이륜,남,29세,경상
2012062800100155,2012년 6월 28일 08시,목요일,강원도 횡성군 청일면,경상사고,0,0,1,0,차량단독 - 전도전복,안전운전불이행,건조,맑음,단일로 - 기타,농기계,남,81세,상해없음,,,,
2012062800100156,2012년 6월 28일 08시,목요일,강원도 철원군 동송읍,중상사고,0,2,0,0,차대차 - 측면직각충돌,신호위반,건조,맑음,교차로 - 교차로안,승합,남,51세,상해없음,화물,여,56세,중상
2012062800100157,2012년 6월 28일 08시,목요일,강원도 동해시 천곡동,경상사고,0,0,1,0,차대사람 - 차도통행중,안전운전불이행,건조,맑음,교차로 - 교차로안,승용,여,42세,상해없음,보행자,남,21세,경상
2012062800100197,2012년 6월 28일 09시,목요일,강원도 강릉시 초당동,경상사고,0,0,1,0,차대차 - 측면직각충돌,안전운전불이행,건조,맑음,교차로 - 교차로부근,승용,남,45세,상해없음,이륜,남,33세,경상
2012062800100228,2012년 6월 28일 10시,목요일,강원도 동해시 천곡동,경상사고,0,0,1,0,차대차 - 측면직각충돌,교차로운행방법위반,건조,흐림,교차로 - 교차로안,승용,여,53세,상해없음,승용,여,27세,경상
2012062800100251,2012년 6월 28일 11시,목요일,강원도 강릉시 옥천동,중상사고,0,1,0,0,차대차 - 측면직각충돌,불법유턴,건조,맑음,교차로 - 교차로부근,자전거,남,56세,중상,승용,여,65세,상해없음
2012062800100252,2012년 6월 28일 11시,목요일,강원도 속초시 조양동,경상사고,0,0,1,0,차대차 - 측면직각충돌,신호위반,건조,흐림,교차로 - 교차로안,승용,남,24세,상해없음,승용,남,23세,경상
2012062800100378,2012년 6월 28일 16시,목요일,강원도 속초시 교동,중상사고,0,1,0,0,차대사람 - 횡단중,신호위반,건조,맑음,단일로 - 횡단보도상,승용,여,56세,상해없음,보행자,여,59세,중상
2012062800100397,2012년 6월 28일 17시,목요일,강원도 강릉시 포남동,경상사고,0,0,1,0,차대차 - 측면직각충돌,안전운전불이행,건조,맑음,교차로 - 교차로안,승용,남,53세,상해없음,자전거,남,37세,경상
2012062800100398,2012년 6월 28일 17시,목요일,강원도 철원군 갈말읍,경상사고,0,0,1,0,차대차 - 측면직각충돌,교차로운행방법위반,건조,맑음,교차로 - 교차로안,승용,여,47세,상해없음,원동기,여,35세,경상
2012062800100489,2012년 6월 28일 20시,목요일,강원도 춘천시 동내면,중상사고,0,1,0,0,차대차 - 기타,안전거리미확보,건조,맑음,단일로 - 기타,화물,남,45세,상해없음,화물,남,48세,중상
2012062800100490,2012년 6월 28일 20시,목요일,강원도 춘천시 근화동,경상사고,0,0,1,0,차대차 - 기타,안전운전불이행,건조,맑음,교차로 - 교차로안,승용,남,34세,상해없음,자전거,여,34세,경상
2012062800100491,2012년 6월 28일 20시,목요일,강원도 속초시 동명동,경상사고,0,0,1,0,차대차 - 추돌 - 진행중,안전운전불이행,건조,맑음,단일로 - 기타,승용,남,47세,상해없음,승용,남,58세,상해없음
2012062800100519,2012년 6월 28일 21시,목요일,강원도 속초시 노학동,중상사고,0,1,1,0,차대차 - 추돌 - 진행중,교차로운행방법위반,건조,맑음,교차로 - 교차로안,승용,남,58세,상해없음,승용,여,25세,경상
2012062800100556,2012년 6월 28일 22시,목요일,강원도 속초시 금호동,중상사고,0,1,1,0,차대차 - 추돌 - 진행중,안전운전불이행,건조,맑음,교차로 - 교차로부근,승용,남,65세,상해없음,승용,여,48세,중상
2012062900100020,2012년 6월 29일 00시,금요일,강원도 춘천시 동면,경상사고,0,0,1,0,차량단독 - 공작물충돌,안전운전불이행,건조,맑음,단일로 - 기타,승용,남,62세,상해없음,,,,
2012062900100086,2012년 6월 29일 03시,금요일,강원도 철원군 갈말읍,중상사고,0,1,0,0,차량단독 - 공작물충돌,안전운전불이행,건조,맑음,단일로 - 기타,승용,남,30세,중상,,,,
2012062900100105,2012년 6월 29일 05시,금요일,강원도 강릉시 옥천동,경상사고,0,0,1,0,차대차 - 추돌 - 주정차중,안전운전불이행,건조,흐림,교차로 - 교차로부근,화물,남,37세,상해없음,화물,남,73세,경상
2012062900100113,2012년 6월 29일 06시,금요일,강원도 원주시 문막읍,중상사고,0,1,0,0,차대사람 - 기타,안전운전불이행,건조,맑음,단일로 - 기타,이륜,남,29세,상해없음,보행자,남,52세,중상
2012062900100129,2012년 6월 29일 07시,금요일,강원도 강릉시 포남동,경상사고,0,0,1,0,차대차 - 측면직각충돌,안전운전불이행,건조,맑음,단일로 - 기타,승합,남,73세,상해없음,자전거,남,45세,경상
2012062900100165,2012년 6월 29일 08시,금요일,강원도 원주시 흥업면,중상사고,0,1,0,0,차대차 - 측면직각충돌,직진우회전진행방해,건조,맑음,교차로 - 교차로안,승용,여,37세,상해없음,승용,여,53세,중상
2012062900100166,2012년 6월 29일 08시,금요일,강원도 평창군 진부면,경상사고,0,0,1,0,차대차 - 측면직각충돌,안전운전불이행,건조,맑음,교차로 - 교차로안,승용,남,70세,상해없음,승용,여,51세,경상
2012062900100201,2012년 6월 29일 09시,금요일,강원도 원주시 신림면,중상사고,0,1,0,0,차대차 - 측면직각충돌,교차로운행방법위반,건조,맑음,교차로 - 교차로안,승용,남,53세,상해없음,원동기,여,54세,중상
2012062900100231,2012년 6월 29일 10시,금요일,강원도 원주시 학성동,경상사고,0,0,1,0,차대차 - 추돌 - 진행중,안전운전불이행,건조,맑음,단일로 - 기타,승용,여,46세,상해없음,원동기,남,33세,경상
2012062900100232,2012년 6월 29일 10시,금요일,강원도 철원군 동송읍,중상사고,0,1,0,0,차대차 - 측면직각충돌,교차로운행방법위반,건조,맑음,교차로 - 교차로안,승용,여,28세,상해없음,원동기,여,61세,중상
2012062900100310,2012년 6월 29일 13시,금요일,강원도 원주시 호저면,중상사고,0,1,0,0,차대차 - 추돌 - 진행중,안전거리미확보,건조,맑음,단일로 - 기타,승용,남,74세,상해없음,승용,남,72세,상해없음
2012062900100311,2012년 6월 29일 13시,금요일,강원도 인제군 기린면,중상사고,0,1,0,0,차대사람 - 차도통행중,안전운전불이행,건조,맑음,단일로 - 기타,화물,남,55세,상해없음,보행자,여,86세,중상
2012062900100343,2012년 6월 29일 14시,금요일,강원도 춘천시 사농동,중상사고,0,1,3,0,차대차 - 측면직각충돌,안전거리미확보,건조,맑음,교차로 - 교차로부근,승용,남,31세,상해없음,화물,남,54세,경상