사고번호,사고일시,요일,시군구,사고내용,사망자수,중상자수,경상자수,부상신고자수,사고유형,법규위반,노면상태,기상상태,도로형태,가해운전자 차종,가해운전자 성별,가해운전자 연령,가해운전자 상해정도,피해운전자 차종,피해운전자 성별,피해운전자 연령,피해운전자 상해정도
2012062900100344,2012년 6월 29일 14시,금요일,강원도 홍천군 홍천읍,경상사고,0,0,2,0,차대차 - 기타,안전운전불이행,건조,맑음,교차로 - 교차로안,승용,남,65세,상해없음,승용,여,37세,경상
2012062900100375,2012년 6월 29일 15시,금요일,강원도 원주시 단구동,경상사고,0,0,3,0,차대차 - 추돌 - 진행중,안전운전불이행,건조,맑음,교차로 - 교차로안,승용,여,53세,상해없음,승용,여,36세,경상
2012062900100409,2012년 6월 29일 16시,금요일,강원도 원주시 판부면,경상사고,0,0,3,0,차대차 - 추돌 - 진행중,안전거리미확보,건조,맑음,단일로 - 기타,승용,여,42세,경상,승용,남,60세,경상
2012062900100410,2012년 6월 29일 16시,금요일,강원도 원주시 단구동,중상사고,0,1,0,0,차대차 - 측면직각충돌,신호위반,건조,맑음,교차로 - 교차로안,원동기,남,19세,상해없음,자전거,남,10세,중상
2012062900100411,2012년 6월 29일 16시,금요일,강원도 영월군 영월읍,중상사고,0,1,1,0,차대차 - 측면직각충돌,신호위반,건조,맑음,교차로 - 교차로안,승용,남,50세,상해없음,승용,남,56세,중상
2012062900100491,2012년 6월 29일 18시,금요일,강원도 강릉시 주문진읍,중상사고,0,1,0,0,차대차 - 측면직각충돌,불법유턴,건조,맑음,교차로 - 교차로안,승용,남,60세,상해없음,화물,여,56세,중상
2012062900100492,2012년 6월 29일 18시,금요일,강원도 영월군 영월읍,사망사고,1,4,6,0,차대차 - 추돌 - 주정차중,과속,건조,맑음,단일로 - 기타,건설기계,남,47세,상해없음,승용,남,30세,사망
2012062900100493,2012년 6월 29일 18시,금요일,강원도 철원군 서면,중상사고,0,1,2,0,차대차 - 측면직각충돌,교차로운행방법위반,건조,맑음,교차로 - 교차로안,승합,여,45세,상해없음,화물,남,47세,중상
2012062900100532,2012년 6월 29일 19시,금요일,강원도 원주시 단구동,중상사고,0,1,0,0,차대사람 - 기타,보행자보호의무위반,건조,맑음,교차로 - 교차로부근,승용,남,31세,상해없음,보행자,여,21세,중상
2012062900100533,2012년 6월 29일 19시,금요일,강원도 철원군 서면,중상사고,0,1,0,0,차대차 - 측면직각충돌,교차로운행방법위반,습기,비,교차로 - 교차로안,화물,남,33세,상해없음,원동기,남,68세,중상
2012062900100574,2012년 6월 29일 20시,금요일,강원도 춘천시 석사동,경상사고,0,0,1,0,차대차 - 측면직각충돌,안전거리미확보,건조,맑음,단일로 - 기타,화물,남,39세,상해없음,원동기,남,17세,경상
2012062900100575,2012년 6월 29일 20시,금요일,강원도 강릉시 교동,경상사고,0,0,1,0,차대차 - 추돌 - 주정차중,안전운전불이행,건조,맑음,교차로 - 교차로부근,승용,남,40세,상해없음,승용,남,29세,경상
2012062900100642,2012년 6월 29일 21시,금요일,강원도 춘천시 효자동,경상사고,0,0,2,0,차대차 - 추돌 - 주정차중,안전거리미확보,건조,맑음,교차로 - 교차로부근,승용,남,32세,상해없음,승용,남,26세,경상
2012062900100643,2012년 6월 29일 21시,금요일,강원도 강릉시 주문진읍,경상사고,0,0,2,0,차대차 - 측면직각충돌,중앙선침범,건조,맑음,교차로 - 교차로부근,화물,남,72세,상해없음,승용,여,46세,경상
2012062900100644,2012년 6월 29일 21시,금요일,강원도 삼척시 원당동,경상사고,0,0,1,0,차대차 - 정면충돌,중앙선침범,건조,맑음,단일로 - 기타,승용,남,37세,상해없음,승용,남,52세,경상
2012062900100645,2012년 6월 29일 21시,금요일,강원도 동해시 천곡동,경상사고,0,0,1,0,차대차 - 기타,안전운전불이행,건조,흐림,교차로 - 교차로안,승용,남,25세,상해없음,승용,남,70세,경상
2012062900100716,2012년 6월 29일 22시,금요일,강원도 춘천시 석사동,경상사고,0,0,1,0,차대사람 - 기타,안전운전불이행,습기,비,단일로 - 기타,승용,남,36세,상해없음,보행자,여,16세,경상
2012062900100717,2012년 6월 29일 22시,금요일,강원도 원주시 무실동,중상사고,0,1,2,0,차대차 - 추돌 - 주정차중,안전거리미확보,습기,비,교차로 - 교차로부근,승용,남,25세,상해없음,승용,남,25세,경상
2012062900100718,2012년 6월 29일 22시,금요일,강원도 원주시 단구동,경상사고,0,0,1,0,차대차 - 측면직각충돌,안전운전불이행,건조,맑음,단일로 - 기타,승용,남,23세,상해없음,승용,남,30세,경상
2012062900100719,2012년 6월 29일 22시,금요일,강원도 화천군 화천읍,경상사고,0,0,1,0,차대차 - 측면직각충돌,직진우회전진행방해,습기,비,교차로 - 교차로안,승용,남,35세,상해없음,원동기,남,23세,경상
2012062900100798,2012년 6월 29일 23시,금요일,강원도 원주시 태장동,경상사고,0,0,2,0,차대차 - 추돌 - 주정차중,안전거리미확보,습기,맑음,교차로 - 교차로부근,승용,남,46세,상해없음,승용,남,61세,경상
2012063000100024,2012년 6월 30일 00시,토요일,강원도 춘천시 퇴계동,중상사고,0,1,2,0,차대차 - 측면직각충돌,안전운전불이행,습기,비,단일로 - 기타,승용,남,30세,상해없음,승용,남,61세,경상
2012063000100080,2012년 6월 30일 01시,토요일,강원도 강릉시 포남동,경상사고,0,0,2,0,차대차 - 기타,안전운전불이행,습기,비,단일로 - 기타,승용,남,44세,상해없음,승용,여,30세,상해없음
2012063000100136,2012년 6월 30일 02시,토요일,강원도 춘천시 효자동,경상사고,0,0,1,0,차대차 - 추돌 - 주정차중,안전거리미확보,습기,비,교차로 - 교차로부근,승용,남,26세,상해없음,승용,남,40세,경상
2012063000100137,2012년 6월 30일 02시,토요일,강원도 강릉시 교동,경상사고,0,0,2,0,차대사람 - 기타,안전운전불이행,습기,비,단일로 - 기타,승용,여,22세,상해없음,보행자,남,39세,경상
2012063000100176,2012년 6월 30일 03시,토요일,강원도 춘천시 후평동,경상사고,0,0,1,0,차대차 - 추돌 - 진행중,안전운전불이행,습기,비,교차로 - 교차로부근,화물,남,43세,상해없음,승용,남,54세,경상
2012063000100239,2012년 6월 30일 05시,토요일,강원도 춘천시 소양로1가,중상사고,0,1,1,0,차대차 - 측면직각충돌,교차로운행방법위반,습기,비,교차로 - 교차로안,승용,남,53세,상해없음,화물,남,67세,경상
2012063000100288,2012년 6월 30일 08시,토요일,강원도 평창군 평창읍,사망사고,1,1,1,0,차량단독 - 공작물충돌,안전운전불이행,습기,비,단일로 - 기타,승용,남,47세,중상,,,,
2012063000100311,2012년 6월 30일 09시,토요일,강원도 원주시 단구동,중상사고,0,2,0,0,차대차 - 측면직각충돌,교차로운행방법위반,습기,비,교차로 - 교차로안,승용,남,47세,상해없음,승용,여,53세,중상
2012063000100312,2012년 6월 30일 09시,토요일,강원도 홍천군 동면,중상사고,0,6,3,0,차대차 - 추돌 - 주정차중,안전운전불이행,습기,비,단일로 - 터널,승합,남,58세,상해없음,승용,남,56세,상해없음
2012063000100333,2012년 6월 30일 10시,토요일,강원도 원주시 우산동,경상사고,0,0,1,0,차대차 - 측면직각충돌,신호위반,습기,비,교차로 - 교차로안,승용,남,41세,경상,승용,남,64세,상해없음
2012063000100334,2012년 6월 30일 10시,토요일,강원도 원주시 명륜동,중상사고,0,2,1,0,차대차 - 측면직각충돌,직진우회전진행방해,건조,맑음,교차로 - 교차로안,승합,남,56세,상해없음,승용,여,41세,중상
2012063000100385,2012년 6월 30일 12시,토요일,강원도 동해시 발한동,중상사고,0,1,2,0,차대차 - 측면직각충돌,중앙선침범,건조,맑음,교차로 - 교차로부근,승용,남,47세,상해없음,승용,남,53세,경상
2012063000100407,2012년 6월 30일 13시,토요일,강원도 강릉시 견소동,경상사고,0,0,1,0,차대사람 - 기타,안전운전불이행,건조,맑음,단일로 - 기타,승용,여,34세,상해없음,보행자,남,52세,경상
2012063000100431,2012년 6월 30일 14시,토요일,강원도 원주시 단계동,경상사고,0,0,3,0,차대차 - 추돌 - 주정차중,안전거리미확보,습기,비,교차로 - 교차로안,승용,여,48세,상해없음,승용,남,37세,경상
2012063000100465,2012년 6월 30일 15시,토요일,강원도 강릉시 안현동,경상사고,0,0,2,0,차대차 - 추돌 - 진행중,안전운전불이행,건조,맑음,교차로 - 교차로부근,승용,여,33세,상해없음,승용,여,54세,경상
2012063000100466,2012년 6월 30일 15시,토요일,강원도 원주시 호저면,경상사고,0,0,1,0,차대차 - 추돌 - 진행중,안전거리미확보,습기,비,교차로 - 교차로부근,승용,남,26세,상해없음,승용,여,60세,경상
2012063000100467,2012년 6월 30일 15시,토요일,강원도 원주시 단구동,경상사고,0,0,1,0,차대차 - 추돌 - 주정차중,안전거리미확보,습기,비,단일로 - 기타,승용,여,38세,상해없음,화물,남,40세,경상
2012063000100468,2012년 6월 30일 15시,토요일,강원도 속초시 노학동,중상사고,0,1,1,0,차대차 - 측면직각충돌,중앙선침범,습기,비,교차로 - 교차로부근,화물,남,35세,상해없음,승용,여,35세,중상
2012063000100469,2012년 6월 30일 15시,토요일,강원도 정선군 정선읍,경상사고,0,0,1,0,차대차 - 추돌 - 진행중,안전운전불이행,습기,비,기타 - 기타,승용,남,60세,상해없음,승용,남,45세,경상
2012063000100470,2012년 6월 30일 15시,토요일,강원도 인제군 북면,경상사고,0,0,1,0,차대차 - 추돌 - 진행중,안전운전불이행,건조,맑음,교차로 - 교차로안,화물,남,34세,상해없음,승용,남,35세,경상
2012063000100528,2012년 6월 30일 17시,토요일,강원도 춘천시 석사동,부상신고사고,0,0,0,1,차대사람 - 기타,안전운전불이행,건조,맑음,단일로 - 기타,승용,남,50세,상해없음,보행자,남,59세,부상신고
2012063000100529,2012년 6월 30일 17시,토요일,강원도 영월군 남면,중상사고,0,1,0,0,차량단독 - 공작물충돌,안전운전불이행,습기,흐림,미분류 - 미분류,승용,남,45세,상해없음,,,,
2012063000100567,2012년 6월 30일 18시,토요일,강원도 정선군 정선읍,경상사고,0,0,3,0,차대차 - 측면직각충돌,안전운전불이행,건조,맑음,기타 - 기타,화물,남,48세,상해없음,승용,여,30세,경상
2012063000100605,2012년 6월 30일 19시,토요일,강원도 횡성군 서원면,중상사고,0,1,0,0,차량단독 - 도로외이탈 - 추락,안전운전불이행,건조,맑음,단일로 - 기타,승용,남,26세,상해없음,,,,
2012063000100606,2012년 6월 30일 19시,토요일,강원도 고성군 죽왕면,경상사고,0,0,1,0,차대차 - 기타,안전운전불이행,건조,흐림,교차로 - 교차로부근,승용,남,27세,상해없음,승용,남,41세,상해없음
2012063000100705,2012년 6월 30일 21시,토요일,강원도 춘천시 남산면,경상사고,0,0,1,0,차량단독 - 기타,안전운전불이행,건조,맑음,교차로 - 교차로부근,이륜,남,21세,기타불명,,,,
2012063000100706,2012년 6월 30일 21시,토요일,강원도 춘천시 후평동,중상사고,0,1,2,0,차대차 - 측면직각충돌,신호위반,건조,맑음,교차로 - 교차로안,승용,여,51세,상해없음,승용,남,29세,중상
2012063000100707,2012년 6월 30일 21시,토요일,강원도 강릉시 노암동,경상사고,0,0,1,0,차대사람 - 횡단중,안전운전불이행,건조,맑음,단일로 - 횡단보도부근,원동기,남,16세,상해없음,보행자,여,12세,경상
2012063000100708,2012년 6월 30일 21시,토요일,강원도 횡성군 횡성읍,중상사고,0,1,0,0,차량단독 - 전도전복,안전운전불이행,건조,흐림,단일로 - 기타,승용,남,32세,상해없음,,,,
2012063000100709,2012년 6월 30일 21시,토요일,강원도 횡성군 횡성읍,중상사고,0,2,0,0,차대차 - 측면직각충돌,안전운전불이행,건조,흐림,단일로 - 기타,승합,남,46세,상해없음,승용,남,32세,중상
2012063000100755,2012년 6월 30일 22시,토요일,강원도 원주시 명륜동,경상사고,0,0,3,0,차대차 - 측면직각충돌,교차로운행방법위반,건조,맑음,교차로 - 교차로안,승용,남,18세,경상,승용,남,48세,경상
2012063000100756,2012년 6월 30일 22시,토요일,강원도 원주시 명륜동,경상사고,0,0,1,0,차대차 - 추돌 - 주정차중,안전운전불이행,건조,흐림,단일로 - 기타,승용,남,45세,상해없음,승용,남,19세,경상
2012063000100793,2012년 6월 30일 23시,토요일,강원도 춘천시 효자동,중상사고,0,2,3,0,차대차 - 정면충돌,중앙선침범,건조,맑음,단일로 - 기타,승용,여,32세,상해없음,승용,남,33세,중상
2012063000100794,2012년 6월 30일 23시,토요일,강원도 원주시 단계동,중상사고,0,1,0,0,차대사람 - 기타,보행자보호의무위반,건조,맑음,단일로 - 횡단보도상,승합,남,61세,상해없음,보행자,여,21세,중상
2012070100100070,2012년 7월 1일 02시,일요일,강원도 원주시 우산동,중상사고,0,1,0,0,차대차 - 기타,안전운전불이행,건조,맑음,교차로 - 교차로안,원동기,남,25세,중상,승용,남,51세,상해없음
2012070100100127,2012년 7월 1일 07시,일요일,강원도 강릉시 주문진읍,경상사고,0,0,2,0,차대차 - 추돌 - 진행중,안전운전불이행,건조,맑음,교차로 - 교차로안,화물,남,44세,상해없음,승용,남,67세,경상
2012070100100136,2012년 7월 1일 08시,일요일,강원도 속초시 노학동,경상사고,0,0,1,0,차대차 - 추돌 - 진행중,안전거리미확보,건조,맑음,교차로 - 교차로부근,승용,여,66세,상해없음,승합,남,68세,상해없음
2012070100100151,2012년 7월 1일 09시,일요일,강원도 춘천시 소양로1가,중상사고,0,2,0,0,차량단독 - 전도전복,안전운전불이행,건조,맑음,교차로 - 교차로부근,승용,여,77세,중상,,,,
2012070100100207,2012년 7월 1일 12시,일요일,강원도 영월군 영월읍,중상사고,0,1,0,0,차대사람 - 기타,안전운전불이행,건조,맑음,단일로 - 기타,승용,여,41세,상해없음,보행자,남,69세,중상
2012070100100227,2012년 7월 1일 13시,일요일,강원도 영월군 영월읍,중상사고,0,1,0,0,차대사람 - 보도통행중,안전운전불이행,건조,맑음,단일로 - 기타,승용,여,44세,상해없음,보행자,여,67세,중상
2012070100100250,2012년 7월 1일 14시,일요일,강원도 속초시 노학동,중상사고,0,1,0,0,차대차 - 추돌 - 진행중,안전운전불이행,건조,맑음,교차로 - 교차로부근,원동기,남,34세,상해없음,원동기,남,26세,중상
2012070100100283,2012년 7월 1일 15시,일요일,강원도 춘천시 근화동,경상사고,0,0,1,0,차대차 - 측면직각충돌,안전운전불이행,건조,맑음,단일로 - 기타,승합,남,54세,상해없음,승용,남,26세,경상
2012070100100284,2012년 7월 1일 15시,일요일,강원도 평창군 평창읍,중상사고,0,1,0,0,차대차 - 정면충돌,중앙선침범,건조,맑음,단일로 - 기타,승용,남,40세,상해없음,승용,여,32세,중상
2012070100100349,2012년 7월 1일 17시,일요일,강원도 강릉시 입암동,경상사고,0,0,1,0,차대차 - 추돌 - 진행중,안전운전불이행,건조,맑음,교차로 - 교차로부근,화물,남,63세,상해없음,이륜,남,67세,경상
2012070100100382,2012년 7월 1일 18시,일요일,강원도 원주시 호저면,중상사고,0,2,2,0,차대차 - 추돌 - 진행중,안전거리미확보,건조,맑음,단일로 - 기타,승용,남,40세,상해없음,승용,남,49세,중상
2012070100100399,2012년 7월 1일 19시,일요일,강원도 춘천시 사농동,경상사고,0,0,2,0,차대차 - 측면직각충돌,기타,건조,맑음,단일로 - 기타,승용,남,37세,상해없음,승용,남,34세,경상
2012070100100400,2012년 7월 1일 19시,일요일,강원도 속초시 노학동,경상사고,0,0,2,0,차대차 - 측면직각충돌,교차로운행방법위반,건조,맑음,교차로 - 교차로안,승용,남,46세,상해없음,승용,남,46세,경상
2012070100100401,2012년 7월 1일 19시,일요일,강원도 철원군 근남면,중상사고,0,1,0,0,차대차 - 측면직각충돌,교차로운행방법위반,건조,맑음,교차로 - 교차로안,승용,남,45세,상해없음,이륜,남,81세,중상
2012070100100433,2012년 7월 1일 20시,일요일,강원도 동해시 천곡동,경상사고,0,0,2,0,차대차 - 기타,신호위반,건조,맑음,교차로 - 교차로안,승용,남,23세,상해없음,승용,남,44세,상해없음
2012070100100459,2012년 7월 1일 21시,일요일,강원도 춘천시 석사동,경상사고,0,0,1,0,차대차 - 추돌 - 주정차중,안전운전불이행,건조,맑음,교차로 - 교차로부근,승용,남,46세,상해없음,승용,남,50세,경상
2012070100100504,2012년 7월 1일 23시,일요일,강원도 춘천시 석사동,경상사고,0,0,2,0,차대차 - 측면직각충돌,신호위반,건조,맑음,교차로 - 교차로안,승용,남,48세,상해없음,승용,남,50세,경상
2012070200100029,2012년 7월 2일 02시,월요일,강원도 원주시 일산동,중상사고,0,1,0,0,차대차 - 추돌 - 진행중,교차로운행방법위반,건조,맑음,교차로 - 교차로안,승용,여,50세,상해없음,자전거,남,14세,중상
2012070200100030,2012년 7월 2일 02시,월요일,강원도 태백시 황지동,경상사고,0,0,1,0,차대사람 - 차도통행중,안전운전불이행,건조,맑음,교차로 - 교차로부근,승용,남,42세,상해없음,보행자,남,51세,경상
2012070200100096,2012년 7월 2일 08시,월요일,강원도 원주시 개운동,중상사고,0,2,0,0,차량단독 - 전도전복,안전운전불이행,건조,맑음,교차로 - 교차로부근,이륜,남,17세,중상,,,,
2012070200100097,2012년 7월 2일 08시,월요일,강원도 양양군 현북면,경상사고,0,0,2,0,차대차 - 측면직각충돌,중앙선침범,건조,맑음,단일로 - 기타,화물,여,63세,경상,화물,남,50세,경상
2012070200100098,2012년 7월 2일 08시,월요일,강원도 삼척시 남양동,경상사고,0,0,4,0,차대차 - 측면직각충돌,안전운전불이행,건조,맑음,교차로 - 교차로안,화물,남,52세,경상,승합,남,34세,경상
2012070200100132,2012년 7월 2일 09시,월요일,강원도 원주시 단계동,경상사고,0,0,1,0,차대차 - 추돌 - 진행중,안전거리미확보,건조,맑음,교차로 - 교차로부근,승용,남,36세,상해없음,승용,남,63세,경상
2012070200100158,2012년 7월 2일 10시,월요일,강원도 원주시 평원동,부상신고사고,0,0,0,1,차대사람 - 차도통행중,안전운전불이행,건조,맑음,단일로 - 기타,화물,남,36세,상해없음,보행자,남,46세,부상신고
2012070200100187,2012년 7월 2일 11시,월요일,강원도 고성군 죽왕면,경상사고,0,0,1,0,차대차 - 기타,안전운전불이행,건조,맑음,단일로 - 기타,화물,남,42세,상해없음,승용,남,28세,경상
2012070200100188,2012년 7월 2일 11시,월요일,강원도 동해시 송정동,중상사고,0,1,0,0,차대차 - 추돌 - 진행중,안전운전불이행,건조,맑음,교차로 - 교차로부근,화물,남,49세,상해없음,승용,남,54세,중상
2012070200100189,2012년 7월 2일 11시,월요일,강원도 동해시 천곡동,경상사고,0,0,2,0,차대차 - 측면직각충돌,교차로운행방법위반,건조,맑음,교차로 - 교차로안,승용,남,69세,상해없음,승용,남,43세,경상
2012070200100247,2012년 7월 2일 13시,월요일,강원도 춘천시 효자동,경상사고,0,0,1,0,차대차 - 측면직각충돌,안전거리미확보,건조,맑음,교차로 - 교차로안,승용,남,76세,상해없음,승용,남,39세,경상
2012070200100248,2012년 7월 2일 13시,월요일,강원도 춘천시 신동면,경상사고,0,0,1,0,차대차 - 기타,중앙선침범,건조,맑음,교차로 - 교차로안,승용,여,48세,상해없음,승용,남,49세,상해없음
2012070200100249,2012년 7월 2일 13시,월요일,강원도 원주시 단구동,중상사고,0,1,2,0,차대차 - 추돌 - 진행중,직진우회전진행방해,건조,맑음,교차로 - 교차로안,승용,남,49세,상해없음,승용,남,21세,경상
2012070200100250,2012년 7월 2일 13시,월요일,강원도 삼척시 성북동,중상사고,0,1,0,0,차대차 - 측면직각충돌,안전운전불이행,건조,맑음,교차로 - 교차로안,자전거,남,34세,중상,승용,여,42세,상해없음
2012070200100284,2012년 7월 2일 14시,월요일,강원도 강릉시 주문진읍,경상사고,0,0,3,0,차대차 - 추돌 - 진행중,안전운전불이행,건조,맑음,단일로 - 기타,건설기계,남,27세,상해없음,특수,남,29세,경상
2012070200100285,2012년 7월 2일 14시,월요일,강원도 동해시 북평동,중상사고,0,1,0,0,차대차 - 기타,안전운전불이행,건조,맑음,교차로 - 교차로부근,승용,남,70세,상해없음,자전거,남,56세,중상
2012070200100353,2012년 7월 2일 16시,월요일,강원도 춘천시 퇴계동,경상사고,0,0,1,0,차대사람 - 횡단중,안전운전불이행,건조,맑음,단일로 - 횡단보도부근,승용,여,35세,상해없음,보행자,남,73세,경상
2012070200100354,2012년 7월 2일 16시,월요일,강원도 원주시 태장동,경상사고,0,0,1,0,차대차 - 측면직각충돌,직진우회전진행방해,건조,맑음,교차로 - 교차로안,승용,남,55세,상해없음,승용,여,29세,경상
2012070200100436,2012년 7월 2일 18시,월요일,강원도 춘천시 우두동,경상사고,0,0,1,0,차대차 - 기타,안전운전불이행,건조,맑음,단일로 - 기타,승용,남,40세,상해없음,자전거,남,74세,경상
2012070200100437,2012년 7월 2일 18시,월요일,강원도 양양군 강현면,중상사고,0,1,9,0,차대차 - 측면직각충돌,안전운전불이행,건조,맑음,기타 - 기타,승용,남,45세,상해없음,화물,남,20세,상해없음
2012070200100469,2012년 7월 2일 19시,월요일,강원도 원주시 명륜동,경상사고,0,0,3,0,차대차 - 추돌 - 진행중,안전운전불이행,건조,맑음,단일로 - 기타,승용,여,59세,경상,승용,여,47세,경상
2012070200100507,2012년 7월 2일 20시,월요일,강원도 원주시 판부면,경상사고,0,0,1,0,차대사람 - 기타,안전거리미확보,건조,맑음,단일로 - 기타,승용,남,46세,상해없음,보행자,남,47세,경상
2012070200100540,2012년 7월 2일 21시,월요일,강원도 원주시 태장동,중상사고,0,1,1,0,차대차 - 추돌 - 진행중,안전거리미확보,건조,맑음,단일로 - 기타,승용,남,58세,상해없음,승용,남,48세,경상
2012070200100580,2012년 7월 2일 22시,월요일,강원도 춘천시 후평동,경상사고,0,0,1,0,차대차 - 기타,안전운전불이행,건조,맑음,교차로 - 교차로안,승용,남,28세,상해없음,자전거,여,19세,경상
2012070200100606,2012년 7월 2일 23시,월요일,강원도 동해시 천곡동,중상사고,0,1,0,0,차대사람 - 보도통행중,보행자보호의무위반,건조,맑음,교차로 - 교차로안,화물,남,35세,상해없음,보행자,남,44세,중상
2012070300100034,2012년 7월 3일 02시,화요일,강원도 양양군 강현면,경상사고,0,0,1,0,차대차 - 추돌 - 진행중,교차로운행방법위반,건조,맑음,교차로 - 교차로안,원동기,남,18세,상해없음,승용,남,25세,경상
2012070300100071,2012년 7월 3일 06시,화요일,강원도 원주시 단계동,경상사고,0,0,1,0,차대사람 - 차도통행중,안전운전불이행,건조,맑음,교차로 - 교차로안,기타불명,기타불명,기타불명,기타불명,보행자,남,20세,경상
2012070300100182,2012년 7월 3일 10시,화요일,강원도 원주시 명륜동,경상사고,0,0,1,0,차대차 - 측면직각충돌,안전운전불이행,건조,맑음,단일로 - 기타,승용,남,30세,상해없음,자전거,남,72세,경상
2012070300100183,2012년 7월 3일 10시,화요일,강원도 태백시 황지동,경상사고,0,0,1,0,차대차 - 측면직각충돌,교차로운행방법위반,건조,맑음,교차로 - 교차로안,승용,남,55세,상해없음,승용,남,39세,경상
2012070300100239,2012년 7월 3일 12시,화요일,강원도 영월군 남면,중상사고,0,1,0,0,차대차 - 측면직각충돌,안전운전불이행,건조,맑음,단일로 - 기타,승용,남,50세,상해없음,자전거,남,45세,중상
2012070300100240,2012년 7월 3일 12시,화요일,강원도 평창군 대관령면,중상사고,0,2,0,0,차량단독 - 공작물충돌,안전운전불이행,건조,맑음,단일로 - 기타,승용,여,20세,상해없음,,,,
2012070300100267,2012년 7월 3일 13시,화요일,강원도 속초시 교동,경상사고,0,0,1,0,차대사람 - 횡단중,안전운전불이행,건조,맑음,단일로 - 기타,자전거,남,62세,상해없음,보행자,여,67세,경상
2012070300100300,2012년 7월 3일 14시,화요일,강원도 영월군 영월읍,중상사고,0,1,0,0,차대차 - 추돌 - 진행중,안전운전불이행,건조,맑음,기타 - 기타,화물,남,43세,상해없음,화물,남,36세,중상
2012070300100301,2012년 7월 3일 14시,화요일,강원도 영월군 영월읍,중상사고,0,1,0,0,차대차 - 기타,안전운전불이행,건조,맑음,기타 - 기타,화물,남,36세,중상,화물,남,43세,상해없음
2012070300100327,2012년 7월 3일 15시,화요일,강원도 원주시 단구동,경상사고,0,0,1,0,차대차 - 측면직각충돌,안전운전불이행,건조,맑음,교차로 - 교차로부근,승용,여,55세,상해없음,승용,여,37세,경상
2012070300100328,2012년 7월 3일 15시,화요일,강원도 인제군 북면,중상사고,0,1,0,0,차대사람 - 횡단중,보행자보호의무위반,건조,맑음,교차로 - 교차로부근,승용,남,49세,상해없음,보행자,여,63세,중상
2012070300100378,2012년 7월 3일 16시,화요일,강원도 영월군 영월읍,경상사고,0,0,1,0,차대차 - 추돌 - 주정차중,안전운전불이행,건조,맑음,단일로 - 기타,승용,남,52세,상해없음,승용,여,52세,경상
2012070300100416,2012년 7월 3일 17시,화요일,강원도 춘천시 후평동,경상사고,0,0,3,0,차대차 - 추돌 - 진행중,안전운전불이행,건조,맑음,교차로 - 교차로부근,승합,남,50세,상해없음,승용,남,45세,상해없음
2012070300100417,2012년 7월 3일 17시,화요일,강원도 강릉시 노암동,중상사고,0,1,0,0,차량단독 - 전도전복,안전운전불이행,건조,맑음,단일로 - 기타,자전거,여,52세,중상,,,,
2012070300100418,2012년 7월 3일 17시,화요일,강원도 원주시 태장동,경상사고,0,0,1,0,차대사람 - 차도통행중,교차로운행방법위반,건조,맑음,교차로 - 교차로안,승용,남,42세,상해없음,보행자,남,14세,경상
2012070300100447,2012년 7월 3일 18시,화요일,강원도 춘천시 남산면,경상사고,0,0,2,0,차량단독 - 공작물충돌,안전운전불이행,건조,맑음,단일로 - 기타,원동기,남,20세,경상,,,,
2012070300100448,2012년 7월 3일 18시,화요일,강원도 춘천시 근화동,경상사고,0,0,1,0,차대차 - 측면직각충돌,안전운전불이행,건조,맑음,단일로 - 기타,승용,여,43세,상해없음,자전거,남,54세,경상
2012070300100449,2012년 7월 3일 18시,화요일,강원도 인제군 남면,부상신고사고,0,0,0,1,차대차 - 추돌 - 진행중,안전운전불이행,건조,맑음,교차로 - 교차로부근,승용,남,56세,상해없음,승용,남,49세,부상신고
2012070300100485,2012년 7월 3일 19시,화요일,강원도 춘천시 후평동,부상신고사고,0,0,0,2,차대차 - 측면직각충돌,안전운전불이행,건조,맑음,단일로 - 기타,승용,남,41세,상해없음,화물,남,70세,부상신고
2012070300100486,2012년 7월 3일 19시,화요일,강원도 원주시 명륜동,경상사고,0,0,3,0,차대차 - 측면직각충돌,안전운전불이행,건조,맑음,단일로 - 기타,승용,여,38세,경상,승용,남,34세,경상
2012070300100487,2012년 7월 3일 19시,화요일,강원도 양구군 양구읍,중상사고,0,2,0,0,차대차 - 추돌 - 진행중,안전운전불이행,건조,맑음,교차로 - 교차로부근,화물,남,51세,상해없음,이륜,남,69세,중상
2012070300100557,2012년 7월 3일 21시,화요일,강원도 원주시 관설동,경상사고,0,0,2,0,차대차 - 추돌 - 진행중,안전거리미확보,습기,비,교차로 - 교차로부근,승용,남,46세,상해없음,승용,남,47세,경상
2012070300100592,2012년 7월 3일 22시,화요일,강원도 춘천시 운교동,경상사고,0,0,2,0,차대차 - 측면직각충돌,안전거리미확보,건조,맑음,단일로 - 기타,승용,남,42세,상해없음,승용,남,68세,경상
2012070300100593,2012년 7월 3일 22시,화요일,강원도 양양군 손양면,중상사고,0,2,1,0,차대차 - 추돌 - 주정차중,안전운전불이행,건조,맑음,교차로 - 교차로안,화물,남,57세,상해없음,화물,남,56세,경상
2012070400100140,2012년 7월 4일 09시,수요일,강원도 원주시 학성동,경상사고,0,0,1,0,차대차 - 측면직각충돌,안전거리미확보,건조,맑음,교차로 - 교차로부근,화물,남,39세,상해없음,원동기,여,46세,경상
2012070400100161,2012년 7월 4일 10시,수요일,강원도 인제군 서화면,중상사고,0,1,2,0,차대차 - 정면충돌,중앙선침범,건조,맑음,단일로 - 기타,화물,남,58세,상해없음,승용,남,20세,경상