사고번호,사고일시,요일,시군구,사고내용,사망자수,중상자수,경상자수,부상신고자수,사고유형,법규위반,노면상태,기상상태,도로형태,가해운전자 차종,가해운전자 성별,가해운전자 연령,가해운전자 상해정도,피해운전자 차종,피해운전자 성별,피해운전자 연령,피해운전자 상해정도
2012070400100205,2012년 7월 4일 12시,수요일,강원도 춘천시 우두동,경상사고,0,0,2,0,차대차 - 측면직각충돌,안전운전불이행,건조,맑음,단일로 - 기타,건설기계,남,55세,상해없음,승용,남,56세,경상
2012070400100290,2012년 7월 4일 15시,수요일,강원도 춘천시 우두동,경상사고,0,0,3,0,차대차 - 추돌 - 주정차중,기타,건조,맑음,교차로 - 교차로부근,승합,남,49세,상해없음,승용,여,45세,경상
2012070400100291,2012년 7월 4일 15시,수요일,강원도 삼척시 갈천동,경상사고,0,0,1,0,차대차 - 기타,안전운전불이행,건조,맑음,단일로 - 기타,승용,남,60세,상해없음,승용,남,53세,상해없음
2012070400100292,2012년 7월 4일 15시,수요일,강원도 동해시 북평동,중상사고,0,1,0,0,차대차 - 기타,직진우회전진행방해,건조,맑음,교차로 - 교차로안,승용,남,73세,상해없음,화물,남,56세,중상
2012070400100319,2012년 7월 4일 16시,수요일,강원도 원주시 중앙동,경상사고,0,0,1,0,차대사람 - 기타,안전운전불이행,건조,맑음,단일로 - 기타,승용,남,52세,상해없음,보행자,여,18세,경상
2012070400100348,2012년 7월 4일 17시,수요일,강원도 태백시 황지동,중상사고,0,1,0,0,차대사람 - 횡단중,안전운전불이행,건조,맑음,단일로 - 기타,화물,남,50세,상해없음,보행자,남,16세,중상
2012070400100390,2012년 7월 4일 18시,수요일,강원도 고성군 죽왕면,부상신고사고,0,0,0,1,차대사람 - 기타,안전운전불이행,건조,맑음,단일로 - 기타,승용,남,70세,상해없음,보행자,남,22세,부상신고
2012070400100422,2012년 7월 4일 19시,수요일,강원도 속초시 조양동,경상사고,0,0,1,0,차대차 - 측면직각충돌,안전운전불이행,건조,맑음,단일로 - 기타,화물,남,46세,상해없음,승용,남,27세,상해없음
2012070400100546,2012년 7월 4일 23시,수요일,강원도 원주시 중앙동,경상사고,0,0,2,0,차량단독 - 공작물충돌,안전운전불이행,습기,비,교차로 - 교차로부근,승용,남,43세,상해없음,,,,
2012070500100095,2012년 7월 5일 06시,목요일,강원도 화천군 사내면,경상사고,0,0,1,0,차대차 - 측면직각충돌,직진우회전진행방해,건조,맑음,교차로 - 교차로안,승용,여,65세,기타불명,화물,남,41세,경상
2012070500100112,2012년 7월 5일 07시,목요일,강원도 홍천군 홍천읍,경상사고,0,0,2,0,차대차 - 측면직각충돌,신호위반,습기,흐림,교차로 - 교차로안,화물,남,45세,상해없음,승용,여,43세,경상
2012070500100139,2012년 7월 5일 08시,목요일,강원도 동해시 천곡동,경상사고,0,0,1,0,차대차 - 측면직각충돌,안전운전불이행,건조,맑음,단일로 - 기타,승용,여,47세,상해없음,자전거,남,71세,경상
2012070500100213,2012년 7월 5일 10시,목요일,강원도 춘천시 효자동,경상사고,0,0,1,0,차대차 - 추돌 - 진행중,안전거리미확보,건조,맑음,단일로 - 기타,승용,여,44세,상해없음,승용,여,50세,상해없음
2012070500100214,2012년 7월 5일 10시,목요일,강원도 강릉시 성남동,경상사고,0,0,1,0,차대차 - 측면직각충돌,안전운전불이행,건조,맑음,교차로 - 교차로안,이륜,남,77세,경상,승용,여,39세,상해없음
2012070500100215,2012년 7월 5일 10시,목요일,강원도 삼척시 미로면,중상사고,0,1,2,0,차대차 - 측면직각충돌,안전운전불이행,건조,맑음,단일로 - 교량,승용,여,47세,경상,승용,남,25세,중상
2012070500100236,2012년 7월 5일 11시,목요일,강원도 태백시 황지동,경상사고,0,0,1,0,차대차 - 측면직각충돌,신호위반,건조,맑음,교차로 - 교차로안,승용,여,46세,상해없음,승용,남,63세,경상
2012070500100391,2012년 7월 5일 16시,목요일,강원도 춘천시 효자동,경상사고,0,0,2,2,차대차 - 추돌 - 진행중,안전운전불이행,건조,맑음,단일로 - 기타,승합,남,44세,상해없음,승용,여,41세,부상신고
2012070500100437,2012년 7월 5일 17시,목요일,강원도 원주시 우산동,경상사고,0,0,2,0,차대차 - 측면직각충돌,교차로운행방법위반,습기,비,교차로 - 교차로안,승용,남,44세,경상,승용,남,27세,경상
2012070500100549,2012년 7월 5일 20시,목요일,강원도 춘천시 석사동,중상사고,0,1,0,0,차대차 - 측면직각충돌,안전운전불이행,습기,비,단일로 - 기타,승용,남,44세,상해없음,자전거,남,48세,중상
2012070500100550,2012년 7월 5일 20시,목요일,강원도 원주시 개운동,경상사고,0,0,1,0,차대차 - 정면충돌,불법유턴,습기,비,교차로 - 교차로부근,화물,남,43세,상해없음,승용,여,46세,경상
2012070500100551,2012년 7월 5일 20시,목요일,강원도 동해시 망상동,중상사고,0,1,0,0,차대사람 - 횡단중,안전운전불이행,건조,맑음,교차로 - 교차로안,화물,남,46세,상해없음,보행자,남,34세,중상
2012070500100606,2012년 7월 5일 21시,목요일,강원도 춘천시 석사동,경상사고,0,0,2,0,차대차 - 측면직각충돌,직진우회전진행방해,습기,비,교차로 - 교차로안,승용,남,43세,경상,승용,남,28세,상해없음
2012070500100701,2012년 7월 5일 23시,목요일,강원도 강릉시 옥천동,중상사고,0,1,0,0,차대차 - 측면직각충돌,직진우회전진행방해,습기,비,교차로 - 교차로안,승용,남,28세,상해없음,이륜,남,39세,중상
2012070500100702,2012년 7월 5일 23시,목요일,강원도 원주시 단구동,경상사고,0,0,1,0,차대차 - 기타,중앙선침범,습기,비,단일로 - 기타,기타불명,기타불명,기타불명,기타불명,이륜,남,66세,경상
2012070500100703,2012년 7월 5일 23시,목요일,강원도 원주시 단계동,경상사고,0,0,2,0,차대차 - 측면직각충돌,직진우회전진행방해,습기,비,교차로 - 교차로안,승용,남,47세,상해없음,승용,남,59세,상해없음
2012070500100704,2012년 7월 5일 23시,목요일,강원도 양구군 양구읍,중상사고,0,1,0,0,차대차 - 추돌 - 주정차중,안전운전불이행,습기,비,교차로 - 교차로부근,승용,남,39세,상해없음,승용,여,31세,중상
2012070600100038,2012년 7월 6일 00시,금요일,강원도 강릉시 교동,중상사고,0,1,0,0,차대차 - 정면충돌,중앙선침범,습기,비,단일로 - 기타,승용,남,70세,상해없음,승용,남,35세,중상
2012070600100121,2012년 7월 6일 03시,금요일,강원도 춘천시 효자동,경상사고,0,0,1,0,차대차 - 추돌 - 진행중,안전운전불이행,습기,비,교차로 - 교차로부근,승용,남,27세,상해없음,승용,남,56세,경상
2012070600100141,2012년 7월 6일 04시,금요일,강원도 원주시 단계동,경상사고,0,0,1,0,차대차 - 측면직각충돌,교차로운행방법위반,습기,비,교차로 - 교차로안,승용,남,29세,상해없음,승용,남,46세,경상
2012070600100154,2012년 7월 6일 06시,금요일,강원도 고성군 토성면,사망사고,1,0,1,0,차대차 - 추돌 - 진행중,안전운전불이행,습기,비,교차로 - 교차로부근,화물,남,46세,사망,화물,남,39세,경상
2012070600100176,2012년 7월 6일 07시,금요일,강원도 강릉시 임당동,경상사고,0,0,1,0,차대차 - 측면직각충돌,신호위반,습기,비,교차로 - 교차로안,승용,남,52세,상해없음,승용,남,49세,경상
2012070600100226,2012년 7월 6일 09시,금요일,강원도 정선군 고한읍,중상사고,0,1,0,0,차대사람 - 기타,안전운전불이행,습기,비,단일로 - 기타,승용,남,58세,상해없음,보행자,여,67세,중상
2012070600100247,2012년 7월 6일 10시,금요일,강원도 강릉시 포남동,경상사고,0,0,1,0,차대차 - 측면직각충돌,직진우회전진행방해,습기,비,교차로 - 교차로안,승용,남,47세,상해없음,화물,남,49세,상해없음
2012070600100248,2012년 7월 6일 10시,금요일,강원도 속초시 교동,경상사고,0,0,1,0,차대차 - 측면직각충돌,직진우회전진행방해,습기,비,교차로 - 교차로안,승용,남,72세,상해없음,화물,남,32세,경상
2012070600100249,2012년 7월 6일 10시,금요일,강원도 양양군 서면,사망사고,1,1,0,0,차량단독 - 전도전복,안전운전불이행,습기,비,단일로 - 기타,승용,남,49세,사망,,,,
2012070600100250,2012년 7월 6일 10시,금요일,강원도 태백시 황지동,중상사고,0,1,2,0,차대차 - 측면직각충돌,교차로운행방법위반,습기,비,교차로 - 교차로안,승용,남,62세,상해없음,승용,여,47세,경상
2012070600100274,2012년 7월 6일 11시,금요일,강원도 춘천시 효자동,경상사고,0,0,1,0,차대사람 - 보도통행중,기타,습기,비,단일로 - 기타,화물,남,38세,상해없음,보행자,여,78세,경상
2012070600100275,2012년 7월 6일 11시,금요일,강원도 동해시 이도동,경상사고,0,0,2,0,차대차 - 추돌 - 주정차중,안전거리미확보,습기,비,교차로 - 교차로부근,승합,남,44세,상해없음,승용,남,47세,경상
2012070600100302,2012년 7월 6일 12시,금요일,강원도 원주시 명륜동,경상사고,0,0,2,0,차대사람 - 보도통행중,안전운전불이행,습기,비,단일로 - 기타,승용,남,25세,경상,보행자,여,89세,경상
2012070600100354,2012년 7월 6일 14시,금요일,강원도 삼척시 도계읍,중상사고,0,1,2,0,차대차 - 추돌 - 주정차중,안전운전불이행,습기,비,교차로 - 교차로안,건설기계,남,49세,기타불명,화물,남,42세,중상
2012070600100389,2012년 7월 6일 15시,금요일,강원도 강릉시 임당동,중상사고,0,1,0,0,차대사람 - 횡단중,안전운전불이행,습기,비,단일로 - 기타,승용,남,22세,상해없음,보행자,남,54세,중상
2012070600100425,2012년 7월 6일 16시,금요일,강원도 춘천시 효자동,중상사고,0,1,1,0,차대차 - 측면직각충돌,중앙선침범,건조,맑음,단일로 - 기타,승용,남,19세,상해없음,승용,남,27세,경상
2012070600100426,2012년 7월 6일 16시,금요일,강원도 원주시 무실동,경상사고,0,0,5,0,차대차 - 추돌 - 주정차중,안전운전불이행,습기,비,교차로 - 교차로부근,승합,남,39세,상해없음,화물,남,55세,상해없음
2012070600100427,2012년 7월 6일 16시,금요일,강원도 횡성군 우천면,중상사고,0,1,2,0,차량단독 - 공작물충돌,안전운전불이행,습기,비,단일로 - 기타,승용,남,46세,상해없음,,,,
2012070600100472,2012년 7월 6일 17시,금요일,강원도 원주시 문막읍,경상사고,0,0,1,0,차대사람 - 횡단중,신호위반,습기,비,단일로 - 횡단보도상,이륜,남,52세,상해없음,보행자,여,60세,경상
2012070600100473,2012년 7월 6일 17시,금요일,강원도 동해시 천곡동,경상사고,0,0,1,0,차대차 - 추돌 - 진행중,안전거리미확보,습기,비,교차로 - 교차로부근,화물,남,55세,상해없음,승용,여,58세,경상
2012070600100511,2012년 7월 6일 18시,금요일,강원도 춘천시 퇴계동,경상사고,0,0,2,0,차대차 - 추돌 - 진행중,안전운전불이행,습기,비,교차로 - 교차로부근,승용,남,47세,상해없음,승용,여,39세,경상
2012070600100545,2012년 7월 6일 19시,금요일,강원도 원주시 관설동,중상사고,0,2,4,0,차대차 - 측면직각충돌,교차로운행방법위반,습기,비,교차로 - 교차로안,승용,남,42세,상해없음,화물,남,47세,중상
2012070600100546,2012년 7월 6일 19시,금요일,강원도 속초시 대포동,경상사고,0,0,4,0,차대차 - 추돌 - 진행중,안전운전불이행,건조,맑음,교차로 - 교차로부근,승용,남,39세,상해없음,승용,남,46세,경상
2012070600100547,2012년 7월 6일 19시,금요일,강원도 화천군 화천읍,경상사고,0,0,2,0,차대차 - 측면직각충돌,중앙선침범,습기,비,단일로 - 기타,화물,남,56세,상해없음,승용,남,29세,경상
2012070600100584,2012년 7월 6일 20시,금요일,강원도 속초시 교동,경상사고,0,0,2,0,차대차 - 추돌 - 진행중,신호위반,습기,비,교차로 - 교차로안,승용,남,62세,상해없음,승용,남,51세,경상
2012070600100648,2012년 7월 6일 22시,금요일,강원도 정선군 정선읍,경상사고,0,0,1,0,차대차 - 측면직각충돌,안전운전불이행,습기,비,교차로 - 교차로안,승용,여,35세,상해없음,승용,남,55세,경상
2012070700100019,2012년 7월 7일 00시,토요일,강원도 춘천시 후평동,경상사고,0,0,4,0,차대차 - 측면직각충돌,기타,건조,맑음,교차로 - 교차로부근,승용,여,31세,상해없음,승용,남,39세,경상
2012070700100064,2012년 7월 7일 01시,토요일,강원도 춘천시 운교동,경상사고,0,0,1,0,차대차 - 기타,중앙선침범,건조,맑음,교차로 - 교차로안,승용,남,35세,상해없음,승용,남,44세,경상
2012070700100171,2012년 7월 7일 05시,토요일,강원도 강릉시 포남동,중상사고,0,1,0,0,차대사람 - 기타,안전운전불이행,습기,비,단일로 - 기타,승용,남,39세,상해없음,보행자,남,73세,중상
2012070700100172,2012년 7월 7일 05시,토요일,강원도 원주시 학성동,중상사고,0,1,0,0,차대사람 - 횡단중,보행자보호의무위반,건조,맑음,교차로 - 교차로안,승용,남,29세,상해없음,보행자,여,76세,중상
2012070700100190,2012년 7월 7일 06시,토요일,강원도 춘천시 동면,경상사고,0,0,1,0,차대차 - 측면직각충돌,안전운전불이행,건조,맑음,교차로 - 교차로안,화물,남,57세,상해없음,승용,여,49세,경상
2012070700100269,2012년 7월 7일 10시,토요일,강원도 양양군 강현면,중상사고,0,1,0,0,차대차 - 추돌 - 주정차중,안전거리미확보,건조,맑음,교차로 - 교차로부근,승용,남,58세,상해없음,승용,여,51세,중상
2012070700100307,2012년 7월 7일 11시,토요일,강원도 춘천시 동면,중상사고,0,1,0,0,차대차 - 기타,안전운전불이행,건조,맑음,단일로 - 기타,화물,여,37세,상해없음,자전거,남,78세,중상
2012070700100308,2012년 7월 7일 11시,토요일,강원도 강릉시 포남동,경상사고,0,0,1,0,차대차 - 추돌 - 주정차중,안전운전불이행,건조,맑음,교차로 - 교차로부근,승용,남,43세,상해없음,승용,남,60세,경상
2012070700100309,2012년 7월 7일 11시,토요일,강원도 태백시 황지동,경상사고,0,0,1,0,차대사람 - 기타,보행자보호의무위반,건조,맑음,기타 - 기타,승용,남,35세,상해없음,보행자,여,9세,경상
2012070700100341,2012년 7월 7일 12시,토요일,강원도 철원군 갈말읍,중상사고,0,1,3,0,차대차 - 측면직각충돌,안전운전불이행,건조,맑음,단일로 - 기타,승용,남,27세,경상,승용,여,48세,중상
2012070700100377,2012년 7월 7일 13시,토요일,강원도 춘천시 효자동,경상사고,0,0,1,0,차대차 - 기타,안전운전불이행,건조,맑음,단일로 - 기타,승용,남,18세,상해없음,승용,남,49세,상해없음
2012070700100412,2012년 7월 7일 14시,토요일,강원도 강릉시 포남동,경상사고,0,0,1,0,차대차 - 측면직각충돌,안전운전불이행,건조,맑음,교차로 - 교차로안,승용,남,49세,상해없음,이륜,남,75세,경상
2012070700100413,2012년 7월 7일 14시,토요일,강원도 양양군 양양읍,경상사고,0,0,2,0,차대차 - 측면직각충돌,교차로운행방법위반,건조,맑음,교차로 - 교차로안,승용,남,38세,상해없음,승용,여,40세,경상
2012070700100414,2012년 7월 7일 14시,토요일,강원도 정선군 사북읍,경상사고,0,0,1,0,차대차 - 정면충돌,안전운전불이행,건조,맑음,기타 - 기타,승용,남,54세,상해없음,승용,남,50세,경상
2012070700100450,2012년 7월 7일 15시,토요일,강원도 강릉시 금학동,경상사고,0,0,1,0,차대차 - 기타,안전운전불이행,건조,맑음,단일로 - 기타,승용,여,66세,상해없음,승합,남,43세,상해없음
2012070700100451,2012년 7월 7일 15시,토요일,강원도 영월군 영월읍,경상사고,0,0,5,0,차대차 - 추돌 - 진행중,안전거리미확보,건조,맑음,단일로 - 기타,승용,남,38세,상해없음,승용,여,40세,경상
2012070700100529,2012년 7월 7일 17시,토요일,강원도 원주시 소초면,중상사고,0,4,0,0,차대차 - 측면직각충돌,직진우회전진행방해,건조,맑음,교차로 - 교차로안,승용,남,39세,상해없음,승용,여,56세,중상
2012070700100560,2012년 7월 7일 18시,토요일,강원도 평창군 봉평면,경상사고,0,0,2,0,차대차 - 측면직각충돌,안전운전불이행,건조,맑음,단일로 - 기타,승용,여,56세,상해없음,자전거,여,9세,경상
2012070700100588,2012년 7월 7일 19시,토요일,강원도 춘천시 퇴계동,경상사고,0,0,1,0,차대차 - 기타,안전거리미확보,건조,맑음,교차로 - 교차로안,승용,남,36세,상해없음,승용,남,65세,경상
2012070700100648,2012년 7월 7일 21시,토요일,강원도 원주시 흥업면,경상사고,0,0,2,0,차대차 - 추돌 - 진행중,안전운전불이행,건조,맑음,교차로 - 교차로안,승용,여,54세,상해없음,승용,여,29세,경상
2012070700100649,2012년 7월 7일 21시,토요일,강원도 춘천시 사농동,중상사고,0,1,1,0,차대차 - 측면직각충돌,중앙선침범,건조,맑음,단일로 - 기타,화물,남,45세,상해없음,특수,남,22세,경상
2012070700100685,2012년 7월 7일 22시,토요일,강원도 춘천시 신북읍,중상사고,0,1,0,0,차대차 - 측면직각충돌,안전거리미확보,건조,맑음,단일로 - 기타,승용,남,26세,상해없음,자전거,남,45세,중상
2012070700100686,2012년 7월 7일 22시,토요일,강원도 원주시 단구동,경상사고,0,0,1,0,차대차 - 측면직각충돌,안전운전불이행,건조,맑음,교차로 - 교차로안,승용,남,27세,상해없음,원동기,남,16세,경상
2012070700100709,2012년 7월 7일 23시,토요일,강원도 춘천시 효자동,경상사고,0,0,2,0,차대차 - 측면직각충돌,중앙선침범,건조,맑음,단일로 - 기타,승용,남,30세,상해없음,승용,남,23세,경상
2012070800100034,2012년 7월 8일 01시,일요일,강원도 원주시 소초면,중상사고,0,2,1,0,차량단독 - 기타,안전운전불이행,건조,맑음,교차로 - 교차로안,승용,남,25세,상해없음,,,,
2012070800100065,2012년 7월 8일 02시,일요일,강원도 원주시 무실동,경상사고,0,0,3,0,차대차 - 측면직각충돌,교차로운행방법위반,건조,맑음,교차로 - 교차로안,승용,여,45세,상해없음,승용,남,24세,경상
2012070800100066,2012년 7월 8일 02시,일요일,강원도 속초시 조양동,경상사고,0,0,1,0,차량단독 - 기타,안전운전불이행,건조,맑음,단일로 - 기타,이륜,남,24세,상해없음,,,,
2012070800100067,2012년 7월 8일 02시,일요일,강원도 속초시 대포동,경상사고,0,0,3,0,차대차 - 추돌 - 주정차중,안전운전불이행,건조,흐림,교차로 - 교차로안,승용,남,57세,상해없음,승용,남,48세,경상
2012070800100068,2012년 7월 8일 02시,일요일,강원도 속초시 조양동,경상사고,0,0,1,0,차대차 - 추돌 - 주정차중,안전운전불이행,건조,맑음,교차로 - 교차로부근,승용,남,21세,상해없음,승용,남,63세,경상
2012070800100069,2012년 7월 8일 02시,일요일,강원도 동해시 천곡동,중상사고,0,1,0,0,차대차 - 측면직각충돌,직진우회전진행방해,건조,맑음,교차로 - 교차로안,승용,남,23세,상해없음,이륜,남,16세,상해없음
2012070800100094,2012년 7월 8일 04시,일요일,강원도 춘천시 운교동,경상사고,0,0,1,0,차대차 - 추돌 - 진행중,안전운전불이행,건조,맑음,교차로 - 교차로부근,승용,남,30세,상해없음,승용,남,47세,경상
2012070800100226,2012년 7월 8일 12시,일요일,강원도 태백시 장성동,중상사고,0,1,0,0,차대차 - 기타,안전운전불이행,건조,맑음,기타 - 기타,이륜,남,24세,상해없음,이륜,남,34세,중상
2012070800100253,2012년 7월 8일 13시,일요일,강원도 속초시 교동,경상사고,0,0,1,0,차대차 - 추돌 - 진행중,안전거리미확보,건조,맑음,단일로 - 기타,승용,남,53세,상해없음,승용,여,52세,경상
2012070800100254,2012년 7월 8일 13시,일요일,강원도 홍천군 홍천읍,중상사고,0,1,0,0,차대차 - 기타,안전거리미확보,건조,맑음,단일로 - 기타,승용,남,51세,상해없음,이륜,남,33세,중상
2012070800100255,2012년 7월 8일 13시,일요일,강원도 홍천군 북방면,중상사고,0,1,3,0,차대차 - 기타,중앙선침범,건조,맑음,단일로 - 기타,승용,여,43세,상해없음,승용,여,26세,경상
2012070800100256,2012년 7월 8일 13시,일요일,강원도 춘천시 남면,중상사고,0,5,2,1,차대차 - 추돌 - 주정차중,안전거리미확보,건조,맑음,단일로 - 터널,승용,남,37세,상해없음,승용,여,38세,중상
2012070800100289,2012년 7월 8일 14시,일요일,강원도 속초시 교동,경상사고,0,0,7,0,차대차 - 측면직각충돌,교차로운행방법위반,건조,맑음,교차로 - 교차로안,화물,남,32세,상해없음,승합,남,26세,경상
2012070800100316,2012년 7월 8일 15시,일요일,강원도 원주시 문막읍,경상사고,0,0,3,0,차대차 - 정면충돌,중앙선침범,건조,맑음,단일로 - 기타,승용,남,41세,상해없음,승용,남,38세,경상
2012070800100345,2012년 7월 8일 16시,일요일,강원도 강릉시 노암동,경상사고,0,0,1,0,차대차 - 기타,신호위반,건조,맑음,교차로 - 교차로안,승용,남,52세,상해없음,승용,남,60세,상해없음
2012070800100346,2012년 7월 8일 16시,일요일,강원도 원주시 무실동,경상사고,0,0,1,0,차대차 - 측면직각충돌,교차로운행방법위반,건조,맑음,교차로 - 교차로안,승용,여,47세,상해없음,원동기,남,32세,경상
2012070800100378,2012년 7월 8일 17시,일요일,강원도 홍천군 화촌면,중상사고,0,1,0,0,차량단독 - 공작물충돌,안전운전불이행,건조,맑음,단일로 - 기타,승용,여,43세,상해없음,,,,
2012070800100401,2012년 7월 8일 18시,일요일,강원도 강릉시 강문동,경상사고,0,0,1,0,차대차 - 기타,중앙선침범,건조,맑음,단일로 - 기타,승용,남,30세,상해없음,자전거,남,64세,경상
2012070800100402,2012년 7월 8일 18시,일요일,강원도 삼척시 신기면,경상사고,0,0,1,0,차대차 - 측면직각충돌,중앙선침범,건조,맑음,단일로 - 기타,승용,남,43세,상해없음,화물,남,55세,경상
2012070800100432,2012년 7월 8일 19시,일요일,강원도 원주시 무실동,경상사고,0,0,1,0,차대차 - 측면직각충돌,차로위반,건조,맑음,교차로 - 교차로부근,자전거,남,51세,경상,승용,여,60세,상해없음
2012070800100433,2012년 7월 8일 19시,일요일,강원도 양양군 강현면,중상사고,0,1,0,0,차대차 - 추돌 - 주정차중,안전운전불이행,건조,맑음,교차로 - 교차로부근,승용,남,31세,상해없음,자전거,여,50세,중상
2012070800100502,2012년 7월 8일 21시,일요일,강원도 춘천시 석사동,경상사고,0,0,1,0,차대차 - 측면직각충돌,안전운전불이행,건조,맑음,교차로 - 교차로부근,승용,남,58세,상해없음,이륜,남,16세,경상
2012070800100503,2012년 7월 8일 21시,일요일,강원도 강릉시 교동,경상사고,0,0,1,0,차대차 - 측면직각충돌,직진우회전진행방해,건조,맑음,교차로 - 교차로안,원동기,남,22세,상해없음,승용,여,39세,경상
2012070800100532,2012년 7월 8일 22시,일요일,강원도 속초시 조양동,경상사고,0,0,4,0,차대차 - 추돌 - 주정차중,안전운전불이행,건조,맑음,교차로 - 교차로안,승용,여,60세,상해없음,승용,여,26세,경상
2012070800100552,2012년 7월 8일 23시,일요일,강원도 춘천시 석사동,경상사고,0,0,1,0,차대차 - 추돌 - 진행중,안전운전불이행,건조,맑음,교차로 - 교차로안,승용,남,27세,상해없음,승용,남,56세,경상
2012070900100014,2012년 7월 9일 01시,월요일,강원도 원주시 흥업면,사망사고,1,0,0,0,차대차 - 추돌 - 주정차중,안전운전불이행,건조,흐림,단일로 - 기타,원동기,남,21세,사망,승용,남,65세,기타불명
2012070900100027,2012년 7월 9일 02시,월요일,강원도 홍천군 홍천읍,사망사고,1,0,0,0,차량단독 - 도로외이탈 - 기타,안전운전불이행,건조,맑음,교차로 - 교차로부근,이륜,남,27세,사망,,,,
2012070900100052,2012년 7월 9일 06시,월요일,강원도 정선군 임계면,중상사고,0,4,8,0,차대차 - 측면직각충돌,직진우회전진행방해,건조,맑음,교차로 - 교차로안,화물,남,35세,상해없음,승합,남,68세,경상
2012070900100070,2012년 7월 9일 07시,월요일,강원도 원주시 문막읍,중상사고,0,1,0,0,차대사람 - 횡단중,신호위반,건조,맑음,단일로 - 기타,승용,남,32세,상해없음,보행자,남,77세,중상
2012070900100135,2012년 7월 9일 09시,월요일,강원도 원주시 우산동,경상사고,0,0,1,0,차대차 - 측면직각충돌,직진우회전진행방해,건조,맑음,교차로 - 교차로안,승합,남,44세,상해없음,이륜,남,30세,경상
2012070900100157,2012년 7월 9일 10시,월요일,강원도 강릉시 견소동,경상사고,0,0,3,0,차대차 - 측면직각충돌,안전운전불이행,건조,맑음,단일로 - 기타,승용,여,22세,경상,자전거,남,70세,경상
2012070900100183,2012년 7월 9일 11시,월요일,강원도 춘천시 효자동,중상사고,0,1,0,0,차대차 - 측면직각충돌,기타,건조,맑음,교차로 - 교차로안,승용,남,48세,상해없음,자전거,여,43세,중상
2012070900100203,2012년 7월 9일 12시,월요일,강원도 강릉시 안현동,경상사고,0,0,2,0,차대차 - 측면직각충돌,안전운전불이행,건조,맑음,교차로 - 교차로안,승용,여,26세,상해없음,화물,남,58세,경상
2012070900100223,2012년 7월 9일 13시,월요일,강원도 홍천군 서면,경상사고,0,0,1,0,차대사람 - 기타,안전운전불이행,건조,맑음,단일로 - 기타,기타불명,기타불명,기타불명,기타불명,보행자,여,52세,경상
2012070900100224,2012년 7월 9일 13시,월요일,강원도 고성군 거진읍,경상사고,0,0,3,0,차대차 - 측면직각충돌,중앙선침범,건조,맑음,단일로 - 기타,승용,여,41세,상해없음,승용,남,26세,경상
2012070900100297,2012년 7월 9일 15시,월요일,강원도 삼척시 정상동,경상사고,0,0,1,0,차대차 - 측면직각충돌,안전운전불이행,건조,맑음,교차로 - 교차로부근,승용,여,50세,상해없음,원동기,남,30세,경상
2012070900100345,2012년 7월 9일 16시,월요일,강원도 강릉시 성남동,중상사고,0,1,0,0,차대차 - 추돌 - 진행중,안전운전불이행,건조,맑음,단일로 - 기타,승용,남,47세,상해없음,이륜,남,16세,중상
2012070900100382,2012년 7월 9일 17시,월요일,강원도 원주시 무실동,경상사고,0,0,4,0,차대차 - 측면직각충돌,직진우회전진행방해,건조,맑음,교차로 - 교차로안,승용,여,32세,경상,승용,남,36세,경상
2012070900100383,2012년 7월 9일 17시,월요일,강원도 태백시 장성동,경상사고,0,0,1,0,차대차 - 추돌 - 주정차중,안전운전불이행,습기,흐림,교차로 - 교차로부근,승합,남,52세,상해없음,승용,여,28세,경상
2012070900100421,2012년 7월 9일 18시,월요일,강원도 춘천시 후평동,중상사고,0,1,3,0,차대차 - 측면직각충돌,중앙선침범,건조,맑음,단일로 - 기타,승용,남,49세,상해없음,화물,남,47세,상해없음
2012070900100422,2012년 7월 9일 18시,월요일,강원도 원주시 행구동,경상사고,0,0,2,0,차대차 - 측면직각충돌,신호위반,건조,맑음,교차로 - 교차로안,승용,남,60세,상해없음,승용,남,41세,경상
2012070900100461,2012년 7월 9일 19시,월요일,강원도 횡성군 강림면,사망사고,1,0,0,0,차량단독 - 도로외이탈 - 추락,안전운전불이행,건조,맑음,단일로 - 기타,화물,남,61세,사망,,,,
2012070900100495,2012년 7월 9일 20시,월요일,강원도 강릉시 송정동,경상사고,0,0,1,0,차대차 - 추돌 - 주정차중,안전운전불이행,건조,맑음,단일로 - 기타,승용,남,62세,상해없음,승용,여,52세,경상
2012070900100496,2012년 7월 9일 20시,월요일,강원도 원주시 흥업면,경상사고,0,0,2,0,차대차 - 측면직각충돌,교차로운행방법위반,건조,맑음,교차로 - 교차로안,승용,남,44세,경상,승용,남,26세,경상
2012070900100523,2012년 7월 9일 21시,월요일,강원도 춘천시 퇴계동,경상사고,0,0,1,0,차대차 - 측면직각충돌,안전운전불이행,건조,맑음,단일로 - 기타,승용,남,31세,상해없음,승용,여,29세,경상
2012070900100524,2012년 7월 9일 21시,월요일,강원도 원주시 단계동,경상사고,0,0,2,0,차대차 - 측면직각충돌,직진우회전진행방해,습기,비,교차로 - 교차로안,승용,남,63세,상해없음,승용,남,27세,경상
2012070900100557,2012년 7월 9일 22시,월요일,강원도 춘천시 동내면,경상사고,0,0,2,1,차대차 - 추돌 - 진행중,안전운전불이행,건조,맑음,단일로 - 기타,화물,남,39세,부상신고,승용,남,55세,경상