사고번호,사고일시,요일,시군구,사고내용,사망자수,중상자수,경상자수,부상신고자수,사고유형,법규위반,노면상태,기상상태,도로형태,가해운전자 차종,가해운전자 성별,가해운전자 연령,가해운전자 상해정도,피해운전자 차종,피해운전자 성별,피해운전자 연령,피해운전자 상해정도
2012070900100586,2012년 7월 9일 23시,월요일,강원도 평창군 봉평면,경상사고,0,0,2,0,차대차 - 측면직각충돌,중앙선침범,건조,맑음,단일로 - 기타,승용,남,40세,상해없음,승용,남,22세,경상
2012071000100022,2012년 7월 10일 01시,화요일,강원도 원주시 단계동,부상신고사고,0,0,0,1,차대사람 - 횡단중,안전운전불이행,건조,맑음,단일로 - 기타,승용,남,55세,상해없음,보행자,여,27세,부상신고
2012071000100038,2012년 7월 10일 02시,화요일,강원도 원주시 중앙동,중상사고,0,1,1,0,차대차 - 측면직각충돌,신호위반,건조,맑음,교차로 - 교차로안,승합,남,30세,상해없음,승용,남,53세,중상
2012071000100053,2012년 7월 10일 05시,화요일,강원도 강릉시 노암동,중상사고,0,1,0,0,차대사람 - 횡단중,신호위반,건조,맑음,단일로 - 기타,화물,여,49세,상해없음,보행자,여,81세,중상
2012071000100118,2012년 7월 10일 08시,화요일,강원도 원주시 관설동,경상사고,0,0,1,0,차대차 - 추돌 - 진행중,안전운전불이행,건조,맑음,단일로 - 기타,승용,여,43세,상해없음,자전거,남,20세,경상
2012071000100142,2012년 7월 10일 09시,화요일,강원도 홍천군 홍천읍,경상사고,0,0,1,0,차대차 - 기타,교차로운행방법위반,건조,맑음,교차로 - 교차로안,화물,남,51세,상해없음,승용,여,44세,상해없음
2012071000100171,2012년 7월 10일 10시,화요일,강원도 춘천시 신동면,중상사고,0,1,0,0,차대차 - 측면직각충돌,안전운전불이행,건조,맑음,교차로 - 교차로부근,승용,남,33세,상해없음,이륜,남,28세,중상
2012071000100224,2012년 7월 10일 12시,화요일,강원도 원주시 일산동,경상사고,0,0,3,0,차대차 - 추돌 - 주정차중,안전운전불이행,건조,맑음,단일로 - 기타,승용,남,25세,상해없음,승용,여,41세,경상
2012071000100269,2012년 7월 10일 14시,화요일,강원도 강릉시 내곡동,중상사고,0,1,0,0,차대차 - 측면직각충돌,중앙선침범,건조,맑음,단일로 - 기타,승용,남,27세,상해없음,원동기,남,78세,중상
2012071000100270,2012년 7월 10일 14시,화요일,강원도 원주시 태장동,경상사고,0,0,1,0,차대차 - 추돌 - 진행중,안전거리미확보,건조,맑음,교차로 - 교차로안,승용,여,40세,상해없음,승용,남,65세,경상
2012071000100271,2012년 7월 10일 14시,화요일,강원도 양양군 양양읍,경상사고,0,0,1,0,차대차 - 측면직각충돌,안전거리미확보,건조,맑음,단일로 - 기타,이륜,남,69세,상해없음,승용,여,43세,상해없음
2012071000100295,2012년 7월 10일 15시,화요일,강원도 속초시 청호동,중상사고,0,1,0,0,차대사람 - 길가장자리구역통행중,안전운전불이행,건조,맑음,단일로 - 기타,기타불명,기타불명,기타불명,기타불명,보행자,남,76세,중상
2012071000100333,2012년 7월 10일 16시,화요일,강원도 강릉시 성산면,경상사고,0,0,1,0,차량단독 - 공작물충돌,안전운전불이행,건조,흐림,단일로 - 기타,승용,남,23세,상해없음,,,,
2012071000100369,2012년 7월 10일 17시,화요일,강원도 속초시 금호동,경상사고,0,0,1,0,차대차 - 추돌 - 진행중,신호위반,건조,흐림,교차로 - 교차로안,승용,여,49세,상해없음,원동기,남,33세,경상
2012071000100412,2012년 7월 10일 18시,화요일,강원도 화천군 화천읍,중상사고,0,1,0,0,차대차 - 측면직각충돌,직진우회전진행방해,건조,흐림,교차로 - 교차로안,승용,여,20세,상해없음,이륜,남,19세,중상
2012071000100413,2012년 7월 10일 18시,화요일,강원도 원주시 신림면,경상사고,0,0,1,0,차대차 - 추돌 - 주정차중,기타,건조,흐림,단일로 - 기타,승용,남,57세,상해없음,승용,남,66세,상해없음
2012071000100458,2012년 7월 10일 19시,화요일,강원도 강릉시 포남동,경상사고,0,0,1,0,차대차 - 측면직각충돌,안전운전불이행,건조,맑음,단일로 - 기타,자전거,남,16세,경상,기타불명,미분류,기타불명,기타불명
2012071000100459,2012년 7월 10일 19시,화요일,강원도 원주시 단계동,경상사고,0,0,1,0,차대차 - 추돌 - 주정차중,불법유턴,건조,맑음,단일로 - 기타,승용,여,34세,상해없음,승용,남,38세,경상
2012071000100460,2012년 7월 10일 19시,화요일,강원도 동해시 천곡동,경상사고,0,0,2,0,차대차 - 측면직각충돌,중앙선침범,건조,맑음,교차로 - 교차로부근,승용,여,54세,상해없음,승용,남,58세,경상
2012071000100496,2012년 7월 10일 20시,화요일,강원도 강릉시 안현동,사망사고,1,0,0,0,차대사람 - 길가장자리구역통행중,안전운전불이행,건조,맑음,단일로 - 기타,승용,남,63세,상해없음,보행자,남,73세,사망
2012071000100535,2012년 7월 10일 21시,화요일,강원도 춘천시 신북읍,경상사고,0,0,1,0,차대차 - 측면직각충돌,중앙선침범,건조,맑음,단일로 - 기타,이륜,남,17세,상해없음,자전거,남,20세,경상
2012071000100536,2012년 7월 10일 21시,화요일,강원도 속초시 동명동,중상사고,0,1,0,0,차대차 - 측면직각충돌,차로위반,습기,비,단일로 - 기타,승용,남,40세,상해없음,이륜,남,17세,중상
2012071000100537,2012년 7월 10일 21시,화요일,강원도 속초시 교동,중상사고,0,1,0,0,차대차 - 추돌 - 진행중,안전거리미확보,습기,비,단일로 - 기타,승용,남,54세,상해없음,화물,남,43세,중상
2012071000100538,2012년 7월 10일 21시,화요일,강원도 영월군 영월읍,경상사고,0,0,1,0,차대사람 - 횡단중,보행자보호의무위반,건조,맑음,교차로 - 교차로부근,승용,여,33세,상해없음,보행자,여,18세,경상
2012071000100593,2012년 7월 10일 22시,화요일,강원도 원주시 단구동,중상사고,0,1,2,0,차대차 - 추돌 - 진행중,안전거리미확보,건조,맑음,단일로 - 기타,승용,남,25세,상해없음,승용,여,67세,경상
2012071000100594,2012년 7월 10일 22시,화요일,강원도 횡성군 횡성읍,경상사고,0,0,5,0,차대사람 - 기타,안전운전불이행,건조,맑음,단일로 - 기타,승용,남,33세,상해없음,보행자,남,39세,경상
2012071000100640,2012년 7월 10일 23시,화요일,강원도 원주시 단계동,경상사고,0,0,2,0,차대차 - 정면충돌,중앙선침범,습기,비,단일로 - 기타,승용,여,42세,상해없음,승용,남,31세,경상
2012071100100027,2012년 7월 11일 00시,수요일,강원도 원주시 봉산동,경상사고,0,0,2,0,차대차 - 측면직각충돌,교차로운행방법위반,습기,비,교차로 - 교차로안,승합,남,26세,상해없음,건설기계,남,60세,경상
2012071100100076,2012년 7월 11일 02시,수요일,강원도 춘천시 퇴계동,경상사고,0,0,1,0,차대차 - 추돌 - 주정차중,안전거리미확보,습기,비,단일로 - 기타,승용,여,42세,상해없음,승용,남,52세,경상
2012071100100160,2012년 7월 11일 07시,수요일,강원도 속초시 조양동,경상사고,0,0,1,0,차대차 - 측면직각충돌,교차로운행방법위반,건조,맑음,교차로 - 교차로안,승용,남,49세,상해없음,자전거,남,38세,경상
2012071100100193,2012년 7월 11일 08시,수요일,강원도 춘천시 동면,경상사고,0,0,1,0,차대차 - 측면직각충돌,안전운전불이행,건조,맑음,교차로 - 교차로부근,승합,남,49세,상해없음,승용,여,35세,경상
2012071100100240,2012년 7월 11일 10시,수요일,강원도 원주시 호저면,경상사고,0,0,2,0,차대차 - 추돌 - 진행중,안전운전불이행,습기,비,교차로 - 교차로부근,승합,남,39세,상해없음,승용,남,36세,경상
2012071100100241,2012년 7월 11일 10시,수요일,강원도 원주시 일산동,경상사고,0,0,1,0,차대차 - 측면직각충돌,안전운전불이행,건조,맑음,교차로 - 교차로부근,승용,여,41세,상해없음,승용,여,39세,경상
2012071100100260,2012년 7월 11일 11시,수요일,강원도 춘천시 효자동,경상사고,0,0,1,0,차대차 - 측면직각충돌,보행자보호의무위반,건조,맑음,단일로 - 횡단보도상,기타불명,기타불명,기타불명,기타불명,자전거,남,70세,경상
2012071100100261,2012년 7월 11일 11시,수요일,강원도 정선군 여량면,중상사고,0,1,0,0,차대차 - 추돌 - 진행중,안전운전불이행,습기,비,교차로 - 교차로안,이륜,남,49세,중상,승용,남,57세,상해없음
2012071100100317,2012년 7월 11일 13시,수요일,강원도 원주시 일산동,경상사고,0,0,1,0,차대차 - 추돌 - 진행중,안전운전불이행,습기,비,단일로 - 기타,승용,남,64세,상해없음,승용,남,33세,경상
2012071100100339,2012년 7월 11일 14시,수요일,강원도 원주시 중앙동,경상사고,0,0,1,0,차대사람 - 차도통행중,안전운전불이행,건조,흐림,단일로 - 기타,기타불명,기타불명,기타불명,기타불명,보행자,여,29세,경상
2012071100100340,2012년 7월 11일 14시,수요일,강원도 양양군 양양읍,중상사고,0,1,0,0,차대사람 - 길가장자리구역통행중,안전운전불이행,건조,맑음,교차로 - 교차로부근,화물,남,49세,상해없음,보행자,여,80세,중상
2012071100100341,2012년 7월 11일 14시,수요일,강원도 홍천군 홍천읍,경상사고,0,0,2,0,차대차 - 기타,교차로운행방법위반,건조,맑음,교차로 - 교차로안,화물,남,64세,상해없음,승용,여,32세,경상
2012071100100420,2012년 7월 11일 17시,수요일,강원도 원주시 문막읍,경상사고,0,0,1,0,차대차 - 측면직각충돌,교차로운행방법위반,건조,맑음,교차로 - 교차로안,승용,남,49세,상해없음,승용,남,45세,경상
2012071100100421,2012년 7월 11일 17시,수요일,강원도 원주시 신림면,중상사고,0,3,1,0,차대차 - 측면직각충돌,안전운전불이행,건조,맑음,단일로 - 기타,승용,남,31세,중상,승용,여,39세,중상
2012071100100422,2012년 7월 11일 17시,수요일,강원도 영월군 상동읍,경상사고,0,0,1,0,차대차 - 측면직각충돌,중앙선침범,건조,맑음,단일로 - 기타,화물,남,50세,상해없음,승용,남,69세,경상
2012071100100461,2012년 7월 11일 18시,수요일,강원도 강릉시 교동,경상사고,0,0,1,0,차대차 - 기타,중앙선침범,건조,맑음,교차로 - 교차로안,자전거,남,18세,경상,화물,남,36세,상해없음
2012071100100462,2012년 7월 11일 18시,수요일,강원도 원주시 문막읍,경상사고,0,0,1,0,차대차 - 추돌 - 진행중,안전거리미확보,건조,맑음,교차로 - 교차로안,화물,남,56세,상해없음,승용,여,32세,경상
2012071100100463,2012년 7월 11일 18시,수요일,강원도 홍천군 홍천읍,중상사고,0,1,0,0,차대차 - 기타,안전거리미확보,건조,맑음,교차로 - 교차로부근,승용,여,38세,상해없음,승용,남,38세,중상
2012071100100464,2012년 7월 11일 18시,수요일,강원도 홍천군 홍천읍,경상사고,0,0,1,0,차대차 - 기타,안전운전불이행,건조,맑음,교차로 - 교차로부근,화물,남,52세,상해없음,승용,여,34세,경상
2012071100100503,2012년 7월 11일 19시,수요일,강원도 원주시 개운동,경상사고,0,0,1,0,차대차 - 측면직각충돌,교차로운행방법위반,건조,맑음,교차로 - 교차로안,원동기,남,15세,경상,승용,남,38세,상해없음
2012071100100535,2012년 7월 11일 20시,수요일,강원도 속초시 조양동,경상사고,0,0,3,0,차대차 - 측면직각충돌,교차로운행방법위반,건조,흐림,교차로 - 교차로안,승용,남,50세,상해없음,승용,남,40세,경상
2012071100100566,2012년 7월 11일 21시,수요일,강원도 원주시 흥업면,중상사고,0,1,0,0,차량단독 - 전도전복,안전운전불이행,습기,비,단일로 - 기타,건설기계,남,43세,중상,,,,
2012071100100602,2012년 7월 11일 22시,수요일,강원도 춘천시 석사동,경상사고,0,0,3,0,차대차 - 정면충돌,중앙선침범,건조,맑음,교차로 - 교차로안,승용,남,30세,상해없음,승용,여,22세,경상
2012071100100603,2012년 7월 11일 22시,수요일,강원도 춘천시 퇴계동,중상사고,0,1,0,0,차대차 - 추돌 - 주정차중,안전운전불이행,건조,흐림,단일로 - 기타,화물,남,38세,상해없음,승용,남,55세,중상
2012071100100604,2012년 7월 11일 22시,수요일,강원도 정선군 고한읍,중상사고,0,3,0,0,차대차 - 정면충돌,신호위반,건조,맑음,기타 - 기타,승합,남,51세,상해없음,승용,남,19세,기타불명
2012071200100014,2012년 7월 12일 00시,목요일,강원도 춘천시 후평동,경상사고,0,0,3,0,차대차 - 측면직각충돌,교차로운행방법위반,건조,흐림,교차로 - 교차로안,승용,남,56세,상해없음,승용,남,35세,경상
2012071200100015,2012년 7월 12일 00시,목요일,강원도 홍천군 북방면,경상사고,0,0,1,0,차대차 - 측면직각충돌,안전운전불이행,건조,맑음,단일로 - 기타,승용,남,58세,기타불명,승용,남,31세,경상
2012071200100035,2012년 7월 12일 01시,목요일,강원도 춘천시 석사동,경상사고,0,0,1,0,차대차 - 측면직각충돌,안전운전불이행,건조,맑음,단일로 - 기타,승용,남,40세,상해없음,승용,남,25세,경상
2012071200100036,2012년 7월 12일 01시,목요일,강원도 원주시 단계동,경상사고,0,0,2,0,차대차 - 추돌 - 진행중,안전운전불이행,건조,맑음,교차로 - 교차로부근,승합,남,49세,상해없음,승용,남,64세,경상
2012071200100070,2012년 7월 12일 04시,목요일,강원도 강릉시 교동,경상사고,0,0,2,0,차대차 - 측면직각충돌,안전운전불이행,건조,맑음,교차로 - 교차로안,승용,남,22세,상해없음,승용,남,44세,경상
2012071200100080,2012년 7월 12일 05시,목요일,강원도 원주시 우산동,경상사고,0,0,1,0,차대차 - 측면직각충돌,안전운전불이행,건조,맑음,교차로 - 교차로부근,이륜,남,18세,경상,승용,남,49세,상해없음
2012071200100091,2012년 7월 12일 06시,목요일,강원도 원주시 학성동,경상사고,0,0,1,0,차대사람 - 횡단중,보행자보호의무위반,건조,맑음,교차로 - 교차로안,승용,남,56세,상해없음,보행자,남,60세,경상
2012071200100113,2012년 7월 12일 07시,목요일,강원도 춘천시 동면,중상사고,0,2,0,0,차대차 - 측면직각충돌,기타,건조,맑음,단일로 - 기타,승용,남,45세,상해없음,이륜,남,85세,중상
2012071200100141,2012년 7월 12일 08시,목요일,강원도 강릉시 교동,경상사고,0,0,2,0,차대차 - 측면직각충돌,안전운전불이행,건조,맑음,교차로 - 교차로안,승용,여,41세,상해없음,승용,여,41세,경상
2012071200100142,2012년 7월 12일 08시,목요일,강원도 홍천군 홍천읍,경상사고,0,0,2,0,차대차 - 기타,안전운전불이행,건조,맑음,교차로 - 교차로안,승용,여,48세,상해없음,승용,여,38세,경상
2012071200100180,2012년 7월 12일 09시,목요일,강원도 원주시 무실동,경상사고,0,0,2,0,차대차 - 측면직각충돌,차로위반,건조,맑음,교차로 - 교차로부근,승합,남,72세,상해없음,승용,남,56세,경상
2012071200100181,2012년 7월 12일 09시,목요일,강원도 원주시 중앙동,경상사고,0,0,1,0,차대차 - 기타,차로위반,건조,맑음,단일로 - 기타,승용,여,44세,상해없음,승합,남,37세,경상
2012071200100182,2012년 7월 12일 09시,목요일,강원도 속초시 조양동,경상사고,0,0,2,0,차대차 - 측면직각충돌,과속,건조,맑음,단일로 - 기타,승용,남,51세,상해없음,승용,남,44세,경상
2012071200100219,2012년 7월 12일 11시,목요일,강원도 원주시 단구동,경상사고,0,0,1,0,차대차 - 측면직각충돌,안전운전불이행,건조,맑음,단일로 - 기타,승용,여,53세,상해없음,승용,남,19세,경상
2012071200100220,2012년 7월 12일 11시,목요일,강원도 원주시 관설동,경상사고,0,0,1,0,차대차 - 측면직각충돌,신호위반,건조,맑음,교차로 - 교차로안,승용,남,23세,상해없음,승용,남,52세,상해없음
2012071200100285,2012년 7월 12일 14시,목요일,강원도 양양군 양양읍,경상사고,0,0,1,0,차대차 - 측면직각충돌,안전운전불이행,건조,맑음,교차로 - 교차로안,승용,남,67세,상해없음,승용,남,42세,경상
2012071200100286,2012년 7월 12일 14시,목요일,강원도 삼척시 신기면,경상사고,0,0,2,0,차량단독 - 공작물충돌,안전운전불이행,건조,맑음,단일로 - 기타,승용,여,52세,경상,,,,
2012071200100287,2012년 7월 12일 14시,목요일,강원도 홍천군 홍천읍,중상사고,0,1,0,0,차대차 - 기타,안전운전불이행,건조,맑음,기타 - 기타,승용,여,51세,상해없음,이륜,남,19세,중상
2012071200100288,2012년 7월 12일 14시,목요일,강원도 인제군 북면,중상사고,0,1,4,0,차대차 - 추돌 - 진행중,안전운전불이행,건조,맑음,단일로 - 기타,화물,남,57세,상해없음,승용,남,40세,경상
2012071200100357,2012년 7월 12일 16시,목요일,강원도 원주시 문막읍,중상사고,0,1,1,0,차대차 - 정면충돌,신호위반,건조,맑음,교차로 - 교차로안,승용,남,49세,상해없음,승용,남,59세,상해없음
2012071200100389,2012년 7월 12일 17시,목요일,강원도 속초시 동명동,중상사고,0,1,0,0,차대차 - 측면직각충돌,교차로운행방법위반,건조,맑음,교차로 - 교차로안,승용,남,75세,상해없음,이륜,남,34세,중상
2012071200100418,2012년 7월 12일 18시,목요일,강원도 춘천시 소양로3가,부상신고사고,0,0,0,1,차량단독 - 기타,안전운전불이행,건조,맑음,단일로 - 기타,승용,남,60세,상해없음,,,,
2012071200100496,2012년 7월 12일 20시,목요일,강원도 춘천시 근화동,중상사고,0,1,0,0,차대차 - 측면직각충돌,교차로운행방법위반,건조,맑음,교차로 - 교차로안,승용,남,60세,상해없음,화물,남,40세,상해없음
2012071200100497,2012년 7월 12일 20시,목요일,강원도 원주시 흥업면,중상사고,0,1,0,0,차량단독 - 공작물충돌,안전운전불이행,건조,흐림,단일로 - 기타,원동기,남,45세,중상,,,,
2012071200100602,2012년 7월 12일 23시,목요일,강원도 춘천시 요선동,경상사고,0,0,1,0,차대사람 - 길가장자리구역통행중,안전운전불이행,건조,맑음,단일로 - 기타,승용,남,30세,상해없음,보행자,남,18세,경상
2012071300100009,2012년 7월 13일 00시,금요일,강원도 고성군 토성면,경상사고,0,0,4,0,차대차 - 기타,안전운전불이행,습기,비,교차로 - 교차로부근,승용,여,28세,상해없음,승용,남,43세,경상
2012071300100071,2012년 7월 13일 03시,금요일,강원도 고성군 토성면,중상사고,0,1,0,0,차량단독 - 공작물충돌,안전운전불이행,습기,비,단일로 - 기타,승용,남,43세,중상,,,,
2012071300100104,2012년 7월 13일 05시,금요일,강원도 원주시 단구동,경상사고,0,0,1,0,차대차 - 측면직각충돌,신호위반,건조,맑음,교차로 - 교차로안,승용,남,60세,상해없음,특수,남,50세,경상
2012071300100137,2012년 7월 13일 07시,금요일,강원도 강릉시 교동,중상사고,0,2,1,0,차대차 - 측면직각충돌,교차로운행방법위반,습기,비,교차로 - 교차로안,승용,여,63세,중상,화물,남,53세,경상
2012071300100163,2012년 7월 13일 08시,금요일,강원도 원주시 태장동,중상사고,0,1,0,0,차대사람 - 횡단중,안전운전불이행,건조,맑음,교차로 - 교차로부근,화물,남,38세,상해없음,보행자,여,61세,중상
2012071300100254,2012년 7월 13일 12시,금요일,강원도 춘천시 효자동,부상신고사고,0,0,0,1,차대차 - 추돌 - 진행중,안전거리미확보,건조,맑음,교차로 - 교차로부근,승용,남,42세,상해없음,승용,남,71세,부상신고
2012071300100255,2012년 7월 13일 12시,금요일,강원도 원주시 평원동,경상사고,0,0,1,0,차대차 - 측면직각충돌,안전거리미확보,건조,맑음,단일로 - 기타,화물,남,51세,상해없음,승용,여,53세,경상
2012071300100274,2012년 7월 13일 13시,금요일,강원도 원주시 단계동,경상사고,0,0,1,0,차대차 - 측면직각충돌,신호위반,건조,맑음,교차로 - 교차로안,승용,여,24세,상해없음,승용,여,27세,경상
2012071300100301,2012년 7월 13일 14시,금요일,강원도 춘천시 퇴계동,경상사고,0,0,1,0,차대사람 - 횡단중,안전운전불이행,건조,맑음,교차로 - 교차로부근,승용,남,23세,상해없음,보행자,여,23세,경상
2012071300100325,2012년 7월 13일 15시,금요일,강원도 홍천군 홍천읍,경상사고,0,0,1,0,차대사람 - 차도통행중,안전운전불이행,건조,맑음,단일로 - 기타,기타불명,기타불명,기타불명,기타불명,보행자,남,6세,경상
2012071300100396,2012년 7월 13일 17시,금요일,강원도 원주시 우산동,경상사고,0,0,4,1,차대차 - 추돌 - 진행중,안전운전불이행,건조,맑음,교차로 - 교차로부근,승용,남,25세,상해없음,승용,여,49세,경상
2012071300100438,2012년 7월 13일 18시,금요일,강원도 춘천시 동내면,중상사고,0,1,0,0,차대차 - 추돌 - 진행중,안전운전불이행,건조,맑음,단일로 - 기타,승용,남,53세,상해없음,승용,여,52세,중상
2012071300100471,2012년 7월 13일 19시,금요일,강원도 강릉시 안현동,중상사고,0,1,0,0,차대차 - 추돌 - 진행중,안전운전불이행,습기,비,단일로 - 기타,승용,여,23세,상해없음,승용,여,28세,중상
2012071300100472,2012년 7월 13일 19시,금요일,강원도 강릉시 입암동,사망사고,1,0,0,0,차대사람 - 보도통행중,보행자보호의무위반,습기,비,단일로 - 횡단보도상,승용,여,27세,상해없음,보행자,남,39세,사망
2012071300100516,2012년 7월 13일 20시,금요일,강원도 원주시 단계동,중상사고,0,1,0,0,차대차 - 기타,안전운전불이행,건조,맑음,단일로 - 기타,승용,여,24세,상해없음,승용,여,23세,중상
2012071300100517,2012년 7월 13일 20시,금요일,강원도 태백시 소도동,경상사고,0,0,4,0,차대차 - 측면직각충돌,중앙선침범,습기,비,교차로 - 교차로안,승용,남,50세,상해없음,승합,남,39세,경상
2012071300100518,2012년 7월 13일 20시,금요일,강원도 동해시 대구동,중상사고,0,1,1,0,차대차 - 추돌 - 주정차중,안전운전불이행,건조,맑음,교차로 - 교차로부근,승용,남,23세,상해없음,승용,남,44세,경상
2012071300100564,2012년 7월 13일 21시,금요일,강원도 춘천시 효자동,중상사고,0,1,1,0,차대사람 - 횡단중,신호위반,습기,비,교차로 - 교차로부근,화물,남,23세,상해없음,보행자,여,47세,중상
2012071300100565,2012년 7월 13일 21시,금요일,강원도 홍천군 내촌면,중상사고,0,1,0,0,차대사람 - 기타,안전운전불이행,건조,맑음,기타 - 기타,승용,남,58세,상해없음,보행자,남,67세,중상
2012071300100566,2012년 7월 13일 21시,금요일,강원도 태백시 소도동,경상사고,0,0,2,0,차대차 - 측면직각충돌,교차로운행방법위반,습기,흐림,교차로 - 교차로안,승용,남,48세,상해없음,승용,여,29세,상해없음
2012071300100611,2012년 7월 13일 22시,금요일,강원도 강릉시 교동,경상사고,0,0,1,0,차대차 - 측면직각충돌,안전운전불이행,습기,비,단일로 - 기타,승용,남,48세,상해없음,승용,남,29세,경상
2012071300100612,2012년 7월 13일 22시,금요일,강원도 동해시 천곡동,경상사고,0,0,1,0,차대차 - 추돌 - 진행중,차로위반,건조,맑음,교차로 - 교차로부근,원동기,남,18세,상해없음,승용,남,27세,경상
2012071300100642,2012년 7월 13일 23시,금요일,강원도 춘천시 온의동,경상사고,0,0,1,0,차대차 - 추돌 - 진행중,안전거리미확보,습기,비,단일로 - 기타,승용,남,37세,상해없음,승용,여,27세,상해없음
2012071300100643,2012년 7월 13일 23시,금요일,강원도 강릉시 교동,경상사고,0,0,3,0,차대차 - 측면직각충돌,신호위반,습기,비,교차로 - 교차로안,승용,남,52세,상해없음,승용,남,43세,경상
2012071400100012,2012년 7월 14일 00시,토요일,강원도 춘천시 효자동,경상사고,0,0,1,0,차대차 - 측면직각충돌,안전거리미확보,습기,비,단일로 - 기타,승용,여,47세,상해없음,승용,남,33세,상해없음
2012071400100013,2012년 7월 14일 00시,토요일,강원도 춘천시 석사동,중상사고,0,1,1,0,차대사람 - 기타,보행자보호의무위반,습기,비,단일로 - 횡단보도상,승용,남,25세,상해없음,보행자,여,28세,중상
2012071400100014,2012년 7월 14일 00시,토요일,강원도 춘천시 서면,경상사고,0,0,1,0,차대차 - 기타,안전운전불이행,습기,비,교차로 - 교차로부근,승용,남,56세,상해없음,승용,남,40세,경상
2012071400100015,2012년 7월 14일 00시,토요일,강원도 속초시 동명동,경상사고,0,0,3,0,차대차 - 측면직각충돌,교차로운행방법위반,습기,비,교차로 - 교차로안,승용,남,24세,상해없음,승용,남,46세,경상
2012071400100042,2012년 7월 14일 01시,토요일,강원도 홍천군 홍천읍,경상사고,0,0,3,0,차대차 - 기타,안전운전불이행,습기,비,단일로 - 기타,화물,남,40세,상해없음,자전거,남,40세,경상
2012071400100155,2012년 7월 14일 07시,토요일,강원도 홍천군 남면,경상사고,0,0,2,0,차대차 - 기타,안전운전불이행,건조,맑음,단일로 - 기타,건설기계,남,57세,상해없음,승용,남,19세,경상
2012071400100189,2012년 7월 14일 09시,토요일,강원도 춘천시 신동면,경상사고,0,0,1,0,차대차 - 측면직각충돌,안전운전불이행,건조,맑음,교차로 - 교차로안,승용,남,53세,상해없음,승용,남,37세,경상
2012071400100190,2012년 7월 14일 09시,토요일,강원도 원주시 단구동,중상사고,0,1,0,0,차대차 - 추돌 - 진행중,직진우회전진행방해,건조,맑음,교차로 - 교차로안,승용,남,68세,상해없음,승용,여,54세,중상
2012071400100237,2012년 7월 14일 11시,토요일,강원도 태백시 황지동,경상사고,0,0,2,0,차대차 - 측면직각충돌,교차로운행방법위반,습기,흐림,교차로 - 교차로안,승용,여,46세,상해없음,승용,남,52세,상해없음
2012071400100270,2012년 7월 14일 12시,토요일,강원도 삼척시 적노동,경상사고,0,0,1,0,차량단독 - 도로외이탈 - 기타,안전운전불이행,건조,맑음,단일로 - 기타,화물,남,29세,경상,,,,
2012071400100308,2012년 7월 14일 13시,토요일,강원도 강릉시 포남동,경상사고,0,0,2,0,차대차 - 측면직각충돌,안전운전불이행,습기,비,교차로 - 교차로안,승용,남,73세,상해없음,승용,여,40세,경상
2012071400100309,2012년 7월 14일 13시,토요일,강원도 강릉시 남문동,경상사고,0,0,3,0,차대차 - 측면직각충돌,안전운전불이행,습기,비,단일로 - 기타,승용,여,55세,상해없음,승용,여,38세,경상
2012071400100310,2012년 7월 14일 13시,토요일,강원도 강릉시 유천동,경상사고,0,0,5,0,차대차 - 측면직각충돌,안전운전불이행,습기,비,교차로 - 교차로안,승합,남,57세,상해없음,승용,남,70세,경상
2012071400100311,2012년 7월 14일 13시,토요일,강원도 원주시 문막읍,경상사고,0,0,2,0,차대사람 - 횡단중,중앙선침범,건조,맑음,단일로 - 기타,승용,남,46세,상해없음,보행자,여,84세,경상
2012071400100340,2012년 7월 14일 14시,토요일,강원도 춘천시 퇴계동,경상사고,0,0,1,0,차대차 - 기타,안전운전불이행,건조,맑음,기타 - 기타,승용,여,50세,상해없음,자전거,남,9세,경상
2012071400100374,2012년 7월 14일 15시,토요일,강원도 속초시 조양동,경상사고,0,0,1,0,차대차 - 측면직각충돌,교차로운행방법위반,습기,비,교차로 - 교차로안,승용,남,27세,상해없음,이륜,남,24세,경상
2012071400100403,2012년 7월 14일 16시,토요일,강원도 춘천시 근화동,경상사고,0,0,1,0,차대사람 - 길가장자리구역통행중,안전운전불이행,건조,맑음,단일로 - 기타,승용,여,55세,상해없음,보행자,남,70세,경상
2012071400100404,2012년 7월 14일 16시,토요일,강원도 춘천시 석사동,중상사고,0,1,0,0,차대차 - 측면직각충돌,안전거리미확보,건조,맑음,단일로 - 기타,화물,남,60세,상해없음,원동기,남,43세,중상
2012071400100452,2012년 7월 14일 17시,토요일,강원도 춘천시 신북읍,중상사고,0,3,0,0,차대차 - 정면충돌,중앙선침범,습기,흐림,단일로 - 기타,승용,남,59세,기타불명,승용,남,39세,중상
2012071400100453,2012년 7월 14일 17시,토요일,강원도 강릉시 교동,경상사고,0,0,1,0,차대차 - 추돌 - 주정차중,안전운전불이행,습기,비,교차로 - 교차로부근,화물,남,23세,상해없음,승용,남,23세,경상
2012071400100454,2012년 7월 14일 17시,토요일,강원도 속초시 청학동,경상사고,0,0,2,0,차대차 - 측면직각충돌,교차로운행방법위반,습기,비,교차로 - 교차로안,승용,남,43세,상해없음,승용,남,55세,경상
2012071400100455,2012년 7월 14일 17시,토요일,강원도 홍천군 홍천읍,경상사고,0,0,3,0,차대차 - 기타,교차로운행방법위반,건조,흐림,교차로 - 교차로안,승합,남,26세,경상,승용,남,25세,경상