사고번호,사고일시,요일,시군구,사고내용,사망자수,중상자수,경상자수,부상신고자수,사고유형,법규위반,노면상태,기상상태,도로형태,가해운전자 차종,가해운전자 성별,가해운전자 연령,가해운전자 상해정도,피해운전자 차종,피해운전자 성별,피해운전자 연령,피해운전자 상해정도
2012071400100499,2012년 7월 14일 18시,토요일,강원도 원주시 단계동,경상사고,0,0,2,0,차대차 - 추돌 - 주정차중,안전운전불이행,건조,흐림,단일로 - 기타,승용,남,28세,상해없음,승용,여,37세,경상
2012071400100537,2012년 7월 14일 19시,토요일,강원도 삼척시 남양동,경상사고,0,0,1,0,차대사람 - 횡단중,보행자보호의무위반,습기,비,단일로 - 기타,승용,남,26세,상해없음,보행자,남,34세,경상
2012071400100577,2012년 7월 14일 20시,토요일,강원도 원주시 태장동,경상사고,0,0,4,0,차대차 - 추돌 - 주정차중,안전운전불이행,습기,비,교차로 - 교차로부근,승용,남,51세,상해없음,승용,남,31세,경상
2012071400100640,2012년 7월 14일 21시,토요일,강원도 강릉시 입암동,중상사고,0,1,0,0,차대차 - 측면직각충돌,중앙선침범,습기,비,교차로 - 교차로부근,화물,남,54세,상해없음,승용,남,67세,중상
2012071400100641,2012년 7월 14일 21시,토요일,강원도 원주시 단구동,경상사고,0,0,1,0,차대차 - 추돌 - 진행중,안전거리미확보,습기,비,단일로 - 기타,승합,남,58세,상해없음,이륜,남,16세,경상
2012071400100695,2012년 7월 14일 22시,토요일,강원도 원주시 단계동,경상사고,0,0,6,1,차대차 - 측면직각충돌,직진우회전진행방해,습기,비,교차로 - 교차로안,승용,남,22세,상해없음,승용,남,52세,상해없음
2012071400100744,2012년 7월 14일 23시,토요일,강원도 춘천시 칠전동,경상사고,0,0,1,0,차대차 - 측면직각충돌,신호위반,건조,맑음,교차로 - 교차로안,승용,여,27세,상해없음,승용,여,50세,경상
2012071400100745,2012년 7월 14일 23시,토요일,강원도 춘천시 퇴계동,경상사고,0,0,1,0,차대사람 - 기타,안전운전불이행,건조,맑음,단일로 - 기타,승용,남,28세,상해없음,보행자,남,44세,경상
2012071500100020,2012년 7월 15일 00시,일요일,강원도 원주시 단구동,중상사고,0,1,2,0,차대사람 - 횡단중,안전운전불이행,습기,비,교차로 - 교차로부근,승용,남,51세,상해없음,보행자,남,42세,중상
2012071500100021,2012년 7월 15일 00시,일요일,강원도 원주시 학성동,경상사고,0,0,2,0,차대차 - 추돌 - 진행중,교차로운행방법위반,습기,비,교차로 - 교차로안,승용,남,61세,상해없음,승용,남,38세,경상
2012071500100022,2012년 7월 15일 00시,일요일,강원도 원주시 단구동,중상사고,0,1,0,0,차대사람 - 차도통행중,안전운전불이행,건조,맑음,단일로 - 기타,이륜,남,18세,상해없음,보행자,남,50세,중상
2012071500100095,2012년 7월 15일 02시,일요일,강원도 원주시 태장동,경상사고,0,0,1,0,차대차 - 추돌 - 주정차중,안전운전불이행,습기,비,단일로 - 기타,화물,남,27세,상해없음,화물,남,49세,기타불명
2012071500100117,2012년 7월 15일 03시,일요일,강원도 동해시 발한동,중상사고,0,1,0,0,차량단독 - 기타,안전운전불이행,습기,비,단일로 - 기타,승용,남,38세,상해없음,,,,
2012071500100148,2012년 7월 15일 04시,일요일,강원도 강릉시 사천면,중상사고,0,1,0,0,차대사람 - 기타,안전운전불이행,습기,비,단일로 - 기타,화물,남,70세,상해없음,보행자,여,28세,중상
2012071500100187,2012년 7월 15일 06시,일요일,강원도 원주시 봉산동,사망사고,1,1,0,0,차대차 - 측면직각충돌,신호위반,습기,비,교차로 - 교차로안,이륜,남,18세,사망,승용,남,54세,중상
2012071500100188,2012년 7월 15일 06시,일요일,강원도 영월군 한반도면,경상사고,0,0,4,0,차대차 - 추돌 - 진행중,안전운전불이행,습기,비,단일로 - 기타,승합,남,42세,상해없음,승용,여,59세,경상
2012071500100189,2012년 7월 15일 06시,일요일,강원도 동해시 단봉동,경상사고,0,0,1,0,차대차 - 추돌 - 주정차중,안전운전불이행,습기,비,교차로 - 교차로부근,승용,남,40세,상해없음,승용,남,32세,경상
2012071500100242,2012년 7월 15일 10시,일요일,강원도 원주시 소초면,중상사고,0,1,1,0,차대차 - 정면충돌,중앙선침범,건조,맑음,교차로 - 교차로부근,승용,남,46세,상해없음,승용,남,52세,경상
2012071500100262,2012년 7월 15일 11시,일요일,강원도 원주시 문막읍,경상사고,0,0,3,0,차대차 - 측면직각충돌,안전거리미확보,습기,비,단일로 - 기타,승용,여,33세,상해없음,승용,남,42세,경상
2012071500100263,2012년 7월 15일 11시,일요일,강원도 홍천군 북방면,경상사고,0,0,2,0,차대차 - 기타,안전거리미확보,습기,비,교차로 - 교차로부근,승용,남,46세,상해없음,승용,여,57세,경상
2012071500100284,2012년 7월 15일 12시,일요일,강원도 춘천시 조양동,경상사고,0,0,2,0,차대차 - 측면직각충돌,기타,습기,비,교차로 - 교차로부근,승용,남,60세,상해없음,승용,남,46세,경상
2012071500100285,2012년 7월 15일 12시,일요일,강원도 원주시 명륜동,경상사고,0,0,4,0,차대차 - 측면직각충돌,직진우회전진행방해,습기,비,교차로 - 교차로안,승용,여,39세,경상,승용,남,54세,경상
2012071500100286,2012년 7월 15일 12시,일요일,강원도 정선군 고한읍,경상사고,0,0,1,0,차량단독 - 기타,기타,습기,비,단일로 - 기타,승합,남,57세,상해없음,,,,
2012071500100308,2012년 7월 15일 13시,일요일,강원도 원주시 호저면,중상사고,0,1,0,0,차대차 - 측면직각충돌,중앙선침범,습기,비,단일로 - 기타,원동기,남,55세,중상,승용,남,72세,상해없음
2012071500100309,2012년 7월 15일 13시,일요일,강원도 원주시 단구동,경상사고,0,0,4,0,차대차 - 측면직각충돌,직진우회전진행방해,건조,맑음,교차로 - 교차로안,승용,여,42세,경상,승용,남,38세,상해없음
2012071500100310,2012년 7월 15일 13시,일요일,강원도 화천군 화천읍,경상사고,0,0,1,0,차대차 - 측면직각충돌,직진우회전진행방해,습기,비,교차로 - 교차로안,화물,남,42세,상해없음,승용,여,49세,경상
2012071500100337,2012년 7월 15일 14시,일요일,강원도 춘천시 서면,중상사고,0,1,5,0,차대차 - 정면충돌,교차로운행방법위반,습기,비,교차로 - 교차로안,승용,여,25세,상해없음,승용,여,43세,경상
2012071500100338,2012년 7월 15일 14시,일요일,강원도 춘천시 석사동,경상사고,0,0,4,2,차대차 - 추돌 - 진행중,안전운전불이행,습기,비,교차로 - 교차로부근,화물,남,69세,상해없음,승용,여,55세,부상신고
2012071500100339,2012년 7월 15일 14시,일요일,강원도 춘천시 후평동,경상사고,0,0,5,0,차대차 - 추돌 - 진행중,안전거리미확보,건조,맑음,단일로 - 기타,승용,남,43세,상해없음,승용,여,45세,경상
2012071500100365,2012년 7월 15일 15시,일요일,강원도 춘천시 서면,경상사고,0,0,1,0,차대차 - 측면직각충돌,안전운전불이행,습기,비,단일로 - 기타,승합,남,51세,경상,승용,남,45세,상해없음
2012071500100394,2012년 7월 15일 16시,일요일,강원도 춘천시 퇴계동,경상사고,0,0,1,0,차대차 - 측면직각충돌,안전거리미확보,습기,비,교차로 - 교차로부근,승용,남,46세,상해없음,이륜,남,35세,경상
2012071500100395,2012년 7월 15일 16시,일요일,강원도 원주시 문막읍,경상사고,0,0,3,0,차대차 - 측면직각충돌,교차로운행방법위반,기타,흐림,교차로 - 교차로안,승용,남,21세,상해없음,승용,여,54세,상해없음
2012071500100396,2012년 7월 15일 16시,일요일,강원도 삼척시 원덕읍,경상사고,0,0,5,0,차대차 - 추돌 - 주정차중,안전운전불이행,습기,비,단일로 - 기타,승용,남,33세,상해없음,승용,남,50세,경상
2012071500100450,2012년 7월 15일 18시,일요일,강원도 강릉시 홍제동,경상사고,0,0,3,0,차대차 - 측면직각충돌,안전운전불이행,습기,비,교차로 - 교차로부근,승용,남,21세,상해없음,승합,남,47세,경상
2012071500100484,2012년 7월 15일 19시,일요일,강원도 춘천시 효자동,경상사고,0,0,1,0,차대차 - 측면직각충돌,안전운전불이행,습기,비,교차로 - 교차로안,승용,남,49세,상해없음,승합,남,46세,경상
2012071500100517,2012년 7월 15일 20시,일요일,강원도 춘천시 석사동,경상사고,0,0,1,0,차대사람 - 횡단중,보행자보호의무위반,습기,비,단일로 - 횡단보도상,승합,여,34세,상해없음,보행자,남,60세,경상
2012071500100518,2012년 7월 15일 20시,일요일,강원도 강릉시 포남동,중상사고,0,1,0,0,차대사람 - 기타,안전운전불이행,습기,비,교차로 - 교차로부근,승용,남,24세,상해없음,보행자,여,70세,중상
2012071500100519,2012년 7월 15일 20시,일요일,강원도 강릉시 교동,경상사고,0,0,1,0,차대사람 - 횡단중,안전운전불이행,습기,비,단일로 - 기타,승용,남,56세,상해없음,보행자,여,79세,경상
2012071500100549,2012년 7월 15일 21시,일요일,강원도 춘천시 우두동,경상사고,0,0,2,0,차대차 - 추돌 - 진행중,안전거리미확보,습기,비,단일로 - 기타,승용,여,42세,상해없음,화물,남,43세,상해없음
2012071500100550,2012년 7월 15일 21시,일요일,강원도 춘천시 운교동,중상사고,0,1,0,0,차대사람 - 횡단중,보행자보호의무위반,건조,맑음,단일로 - 횡단보도상,기타불명,기타불명,기타불명,기타불명,보행자,여,53세,중상
2012071500100574,2012년 7월 15일 22시,일요일,강원도 춘천시 후평동,경상사고,0,0,1,0,차대차 - 측면직각충돌,안전거리미확보,습기,비,교차로 - 교차로안,승용,남,52세,상해없음,이륜,남,40세,경상
2012071600100009,2012년 7월 16일 00시,월요일,강원도 속초시 동명동,중상사고,0,1,0,0,차대사람 - 횡단중,안전운전불이행,습기,비,교차로 - 교차로부근,승용,남,23세,상해없음,보행자,남,57세,중상
2012071600100035,2012년 7월 16일 02시,월요일,강원도 춘천시 효자동,경상사고,0,0,1,0,차대사람 - 횡단중,안전운전불이행,습기,비,교차로 - 교차로부근,승용,남,31세,상해없음,보행자,여,24세,경상
2012071600100122,2012년 7월 16일 08시,월요일,강원도 원주시 무실동,중상사고,0,3,1,0,차대차 - 정면충돌,중앙선침범,습기,맑음,단일로 - 기타,승용,여,46세,중상,화물,남,38세,경상
2012071600100123,2012년 7월 16일 08시,월요일,강원도 동해시 심곡동,중상사고,0,1,0,0,차대차 - 측면직각충돌,안전거리미확보,건조,맑음,단일로 - 기타,승용,남,48세,상해없음,이륜,남,83세,중상
2012071600100154,2012년 7월 16일 09시,월요일,강원도 강릉시 교동,중상사고,0,1,1,0,차대차 - 측면직각충돌,신호위반,건조,흐림,교차로 - 교차로안,화물,남,75세,상해없음,승용,여,38세,중상
2012071600100155,2012년 7월 16일 09시,월요일,강원도 강릉시 교동,경상사고,0,0,1,0,차대차 - 추돌 - 주정차중,교차로운행방법위반,건조,맑음,교차로 - 교차로안,승용,남,46세,상해없음,승용,남,27세,경상
2012071600100261,2012년 7월 16일 13시,월요일,강원도 강릉시 성남동,경상사고,0,0,1,0,차대사람 - 횡단중,안전운전불이행,건조,흐림,단일로 - 기타,승용,여,50세,상해없음,보행자,여,67세,경상
2012071600100312,2012년 7월 16일 15시,월요일,강원도 속초시 중앙동,중상사고,0,1,0,0,차대사람 - 길가장자리구역통행중,안전운전불이행,건조,맑음,미분류 - 미분류,승용,남,29세,상해없음,보행자,여,55세,중상
2012071600100408,2012년 7월 16일 18시,월요일,강원도 춘천시 퇴계동,중상사고,0,1,1,0,차대차 - 추돌 - 진행중,기타,건조,맑음,단일로 - 기타,건설기계,남,37세,상해없음,승용,여,25세,중상
2012071600100452,2012년 7월 16일 19시,월요일,강원도 춘천시 온의동,경상사고,0,0,3,0,차대차 - 추돌 - 주정차중,안전운전불이행,건조,맑음,단일로 - 기타,승용,남,67세,상해없음,승용,여,34세,경상
2012071600100481,2012년 7월 16일 20시,월요일,강원도 정선군 사북읍,중상사고,0,1,0,0,차대사람 - 기타,중앙선침범,건조,맑음,단일로 - 기타,승용,남,32세,상해없음,보행자,남,51세,중상
2012071600100543,2012년 7월 16일 22시,월요일,강원도 강릉시 포남동,경상사고,0,0,1,0,차대차 - 기타,안전운전불이행,습기,비,단일로 - 기타,승용,남,44세,상해없음,승용,남,32세,기타불명
2012071600100572,2012년 7월 16일 23시,월요일,강원도 원주시 단계동,경상사고,0,0,1,0,차대차 - 측면직각충돌,신호위반,건조,맑음,교차로 - 교차로안,승용,여,22세,상해없음,승용,여,27세,경상
2012071700100067,2012년 7월 17일 04시,화요일,강원도 강릉시 교동,경상사고,0,0,1,0,차대차 - 측면직각충돌,신호위반,건조,맑음,교차로 - 교차로안,승용,남,50세,상해없음,승용,여,63세,경상
2012071700100080,2012년 7월 17일 05시,화요일,강원도 춘천시 퇴계동,경상사고,0,0,2,0,차대차 - 기타,기타,건조,흐림,교차로 - 교차로안,승용,여,47세,상해없음,승용,남,41세,경상
2012071700100099,2012년 7월 17일 07시,화요일,강원도 원주시 판부면,중상사고,0,1,0,0,차대차 - 추돌 - 주정차중,안전운전불이행,건조,맑음,단일로 - 기타,승용,남,24세,중상,승용,남,53세,기타불명
2012071700100119,2012년 7월 17일 08시,화요일,강원도 원주시 명륜동,경상사고,0,0,1,0,차대차 - 측면직각충돌,기타,건조,맑음,단일로 - 기타,원동기,남,76세,경상,승용,남,32세,상해없음
2012071700100120,2012년 7월 17일 08시,화요일,강원도 원주시 태장동,경상사고,0,0,10,0,차대차 - 추돌 - 진행중,안전거리미확보,건조,맑음,교차로 - 교차로부근,화물,남,43세,상해없음,승합,남,52세,경상
2012071700100121,2012년 7월 17일 08시,화요일,강원도 고성군 토성면,경상사고,0,0,1,0,차대차 - 기타,안전운전불이행,건조,맑음,단일로 - 기타,건설기계,남,44세,상해없음,화물,남,33세,경상
2012071700100143,2012년 7월 17일 09시,화요일,강원도 원주시 태장동,중상사고,0,5,0,0,차대차 - 측면직각충돌,직진우회전진행방해,건조,맑음,교차로 - 교차로안,승합,남,21세,상해없음,승용,남,53세,중상
2012071700100144,2012년 7월 17일 09시,화요일,강원도 홍천군 홍천읍,중상사고,0,3,7,1,차대차 - 기타,안전거리미확보,건조,맑음,교차로 - 교차로부근,승합,남,67세,상해없음,승합,남,47세,경상
2012071700100161,2012년 7월 17일 10시,화요일,강원도 속초시 교동,중상사고,0,1,0,0,차량단독 - 기타,기타,건조,맑음,단일로 - 기타,승합,남,47세,상해없음,,,,
2012071700100225,2012년 7월 17일 13시,화요일,강원도 삼척시 미로면,경상사고,0,0,3,0,차대차 - 측면직각충돌,중앙선침범,건조,맑음,단일로 - 기타,승용,남,66세,상해없음,건설기계,남,45세,경상
2012071700100226,2012년 7월 17일 13시,화요일,강원도 철원군 근남면,중상사고,0,2,1,0,차대차 - 측면직각충돌,중앙선침범,건조,흐림,단일로 - 기타,승합,남,44세,중상,승용,여,25세,중상
2012071700100282,2012년 7월 17일 15시,화요일,강원도 원주시 지정면,중상사고,0,1,0,0,차대차 - 추돌 - 진행중,안전운전불이행,건조,맑음,단일로 - 기타,승용,남,56세,상해없음,승용,남,38세,중상
2012071700100317,2012년 7월 17일 16시,화요일,강원도 강릉시 포남동,경상사고,0,0,1,0,차대차 - 측면직각충돌,안전운전불이행,건조,맑음,교차로 - 교차로안,승용,남,43세,상해없음,승용,남,53세,경상
2012071700100318,2012년 7월 17일 16시,화요일,강원도 원주시 단구동,중상사고,0,1,0,0,차대사람 - 기타,안전운전불이행,건조,흐림,교차로 - 교차로부근,기타불명,기타불명,기타불명,기타불명,보행자,여,77세,중상
2012071700100319,2012년 7월 17일 16시,화요일,강원도 인제군 북면,중상사고,0,1,0,0,차대차 - 추돌 - 진행중,안전운전불이행,건조,맑음,단일로 - 기타,승합,남,66세,상해없음,이륜,남,73세,중상
2012071700100392,2012년 7월 17일 18시,화요일,강원도 원주시 단구동,경상사고,0,0,2,0,차대차 - 측면직각충돌,신호위반,건조,흐림,교차로 - 교차로안,승용,남,32세,상해없음,승용,여,42세,경상
2012071700100425,2012년 7월 17일 19시,화요일,강원도 춘천시 석사동,경상사고,0,0,1,0,차대차 - 기타,교차로운행방법위반,건조,맑음,교차로 - 교차로안,승용,남,62세,상해없음,승용,여,53세,경상
2012071700100426,2012년 7월 17일 19시,화요일,강원도 춘천시 신북읍,중상사고,0,1,0,0,차대차 - 측면직각충돌,직진우회전진행방해,건조,맑음,교차로 - 교차로안,화물,남,46세,상해없음,이륜,남,45세,중상
2012071700100481,2012년 7월 17일 21시,화요일,강원도 춘천시 효자동,부상신고사고,0,0,0,1,차대차 - 기타,안전운전불이행,건조,맑음,단일로 - 기타,이륜,남,35세,부상신고,승용,남,25세,상해없음
2012071700100505,2012년 7월 17일 22시,화요일,강원도 강릉시 교동,경상사고,0,0,1,0,차대차 - 측면직각충돌,안전운전불이행,건조,맑음,교차로 - 교차로부근,승용,남,60세,상해없음,승용,남,56세,경상
2012071700100506,2012년 7월 17일 22시,화요일,강원도 강릉시 교동,경상사고,0,0,2,0,차대차 - 추돌 - 주정차중,안전운전불이행,건조,맑음,교차로 - 교차로부근,승용,남,51세,상해없음,승용,남,28세,경상
2012071800100086,2012년 7월 18일 06시,수요일,강원도 동해시 부곡동,경상사고,0,0,1,0,차대사람 - 기타,안전운전불이행,건조,맑음,단일로 - 기타,승용,남,54세,상해없음,보행자,남,20세,경상
2012071800100126,2012년 7월 18일 08시,수요일,강원도 화천군 화천읍,경상사고,0,0,2,0,차대차 - 기타,안전운전불이행,건조,흐림,단일로 - 기타,화물,남,56세,상해없음,승용,여,57세,경상
2012071800100127,2012년 7월 18일 08시,수요일,강원도 동해시 천곡동,중상사고,0,1,0,0,차대차 - 측면직각충돌,안전운전불이행,건조,맑음,교차로 - 교차로안,원동기,남,75세,중상,승용,남,63세,상해없음
2012071800100221,2012년 7월 18일 11시,수요일,강원도 양양군 양양읍,중상사고,0,1,0,0,차대사람 - 기타,안전운전불이행,건조,맑음,단일로 - 기타,승용,여,42세,상해없음,보행자,여,84세,중상
2012071800100256,2012년 7월 18일 12시,수요일,강원도 평창군 진부면,경상사고,0,0,1,0,차대사람 - 길가장자리구역통행중,안전운전불이행,건조,맑음,단일로 - 기타,승용,여,30세,상해없음,보행자,여,62세,경상
2012071800100282,2012년 7월 18일 13시,수요일,강원도 태백시 황지동,경상사고,0,0,1,0,차대차 - 측면직각충돌,신호위반,건조,흐림,교차로 - 교차로안,승용,남,34세,상해없음,승용,남,39세,상해없음
2012071800100319,2012년 7월 18일 14시,수요일,강원도 춘천시 동면,중상사고,0,2,1,0,차대차 - 추돌 - 진행중,안전운전불이행,건조,맑음,교차로 - 교차로안,승용,남,65세,상해없음,승용,여,64세,경상
2012071800100320,2012년 7월 18일 14시,수요일,강원도 홍천군 홍천읍,경상사고,0,0,1,0,차대차 - 기타,교차로운행방법위반,건조,맑음,교차로 - 교차로안,화물,남,39세,상해없음,승용,남,24세,경상
2012071800100321,2012년 7월 18일 14시,수요일,강원도 홍천군 홍천읍,중상사고,0,1,0,0,차대사람 - 횡단중,안전운전불이행,건조,맑음,단일로 - 기타,화물,남,54세,상해없음,보행자,여,70세,중상
2012071800100354,2012년 7월 18일 15시,수요일,강원도 홍천군 동면,중상사고,0,1,0,0,차대차 - 기타,안전운전불이행,습기,흐림,단일로 - 기타,화물,남,60세,상해없음,이륜,남,51세,중상
2012071800100392,2012년 7월 18일 16시,수요일,강원도 평창군 진부면,중상사고,0,1,1,0,차량단독 - 도로외이탈 - 추락,안전운전불이행,건조,맑음,단일로 - 기타,화물,남,72세,상해없음,,,,
2012071800100427,2012년 7월 18일 17시,수요일,강원도 원주시 호저면,경상사고,0,0,1,0,차대차 - 기타,차로위반,건조,맑음,단일로 - 기타,화물,남,32세,상해없음,승용,남,50세,경상
2012071800100428,2012년 7월 18일 17시,수요일,강원도 홍천군 서면,중상사고,0,3,0,0,차대차 - 기타,중앙선침범,건조,맑음,기타 - 기타,화물,남,32세,상해없음,승용,남,30세,중상
2012071800100429,2012년 7월 18일 17시,수요일,강원도 횡성군 공근면,중상사고,0,1,0,0,차대사람 - 길가장자리구역통행중,안전운전불이행,건조,맑음,단일로 - 기타,승용,남,65세,상해없음,보행자,남,67세,중상
2012071800100464,2012년 7월 18일 18시,수요일,강원도 원주시 소초면,중상사고,0,1,0,0,차대차 - 추돌 - 주정차중,안전거리미확보,건조,맑음,단일로 - 기타,화물,남,63세,상해없음,승용,남,30세,중상
2012071800100592,2012년 7월 18일 21시,수요일,강원도 홍천군 홍천읍,경상사고,0,0,1,0,차대사람 - 기타,안전운전불이행,건조,맑음,교차로 - 교차로안,승용,남,36세,상해없음,보행자,여,67세,경상
2012071800100642,2012년 7월 18일 22시,수요일,강원도 동해시 천곡동,경상사고,0,0,1,0,차대차 - 추돌 - 주정차중,안전운전불이행,건조,맑음,교차로 - 교차로안,승용,남,53세,상해없음,승용,여,41세,경상
2012071800100679,2012년 7월 18일 23시,수요일,강원도 원주시 단구동,경상사고,0,0,2,0,차대차 - 추돌 - 진행중,교차로운행방법위반,습기,비,교차로 - 교차로부근,승용,남,44세,상해없음,승용,남,31세,경상
2012071900100014,2012년 7월 19일 00시,목요일,강원도 강릉시 입암동,경상사고,0,0,2,0,차대차 - 측면직각충돌,안전운전불이행,습기,비,교차로 - 교차로안,승합,여,40세,상해없음,승용,남,36세,경상
2012071900100015,2012년 7월 19일 00시,목요일,강원도 양양군 서면,중상사고,0,1,0,0,차량단독 - 전도전복,안전운전불이행,습기,비,단일로 - 기타,화물,남,51세,중상,,,,
2012071900100016,2012년 7월 19일 00시,목요일,강원도 태백시 황지동,중상사고,0,3,0,0,차량단독 - 공작물충돌,안전운전불이행,습기,비,단일로 - 기타,승용,남,57세,중상,,,,
2012071900100034,2012년 7월 19일 01시,목요일,강원도 춘천시 효자동,경상사고,0,0,5,0,차대차 - 측면직각충돌,안전거리미확보,습기,비,단일로 - 기타,승용,남,31세,상해없음,원동기,남,34세,경상
2012071900100035,2012년 7월 19일 01시,목요일,강원도 속초시 노학동,경상사고,0,0,2,0,차대사람 - 기타,안전운전불이행,습기,비,기타 - 기타,승용,남,55세,경상,보행자,여,45세,경상
2012071900100160,2012년 7월 19일 08시,목요일,강원도 춘천시 석사동,중상사고,0,1,0,0,차대차 - 추돌 - 주정차중,기타,습기,비,단일로 - 기타,승용,남,29세,상해없음,승용,여,55세,중상
2012071900100161,2012년 7월 19일 08시,목요일,강원도 춘천시 후평동,경상사고,0,0,2,0,차대차 - 측면직각충돌,교차로운행방법위반,습기,비,교차로 - 교차로안,화물,남,57세,상해없음,승용,여,33세,경상
2012071900100162,2012년 7월 19일 08시,목요일,강원도 춘천시 퇴계동,경상사고,0,0,4,0,차대차 - 추돌 - 진행중,안전거리미확보,습기,비,단일로 - 기타,화물,남,40세,상해없음,승용,여,39세,경상
2012071900100163,2012년 7월 19일 08시,목요일,강원도 강릉시 강동면,중상사고,0,1,1,0,차량단독 - 공작물충돌,안전운전불이행,습기,비,단일로 - 기타,승용,남,23세,경상,,,,
2012071900100164,2012년 7월 19일 08시,목요일,강원도 동해시 단봉동,경상사고,0,0,3,0,차대차 - 기타,안전거리미확보,습기,비,단일로 - 기타,화물,남,43세,상해없음,승용,남,36세,경상
2012071900100234,2012년 7월 19일 11시,목요일,강원도 속초시 조양동,경상사고,0,0,1,0,차대차 - 측면직각충돌,교차로운행방법위반,습기,비,교차로 - 교차로안,승용,남,48세,상해없음,승용,남,67세,경상
2012071900100235,2012년 7월 19일 11시,목요일,강원도 철원군 동송읍,경상사고,0,0,1,0,차대차 - 측면직각충돌,안전운전불이행,건조,맑음,단일로 - 기타,승용,남,22세,상해없음,승합,남,46세,기타불명
2012071900100236,2012년 7월 19일 11시,목요일,강원도 춘천시 동산면,사망사고,1,0,0,0,차량단독 - 공작물충돌,안전운전불이행,습기,비,단일로 - 터널,화물,남,37세,사망,,,,
2012071900100283,2012년 7월 19일 13시,목요일,강원도 춘천시 후평동,경상사고,0,0,1,0,차대차 - 측면직각충돌,안전운전불이행,습기,흐림,기타 - 기타,승용,남,62세,상해없음,승용,여,26세,경상
2012071900100284,2012년 7월 19일 13시,목요일,강원도 원주시 학성동,경상사고,0,0,1,0,차대차 - 기타,안전거리미확보,건조,맑음,교차로 - 교차로안,승용,여,53세,상해없음,승용,남,39세,상해없음
2012071900100306,2012년 7월 19일 14시,목요일,강원도 강릉시 교동,중상사고,0,2,3,0,차대차 - 측면직각충돌,신호위반,건조,맑음,교차로 - 교차로안,승용,남,27세,기타불명,승용,남,38세,중상
2012071900100338,2012년 7월 19일 15시,목요일,강원도 속초시 중앙동,경상사고,0,0,1,0,차대차 - 추돌 - 주정차중,안전운전불이행,건조,맑음,교차로 - 교차로부근,승용,남,23세,상해없음,승용,남,45세,경상
2012071900100370,2012년 7월 19일 16시,목요일,강원도 춘천시 근화동,경상사고,0,0,1,0,차대차 - 측면직각충돌,기타,건조,흐림,교차로 - 교차로안,승용,남,57세,상해없음,자전거,남,12세,경상
2012071900100371,2012년 7월 19일 16시,목요일,강원도 동해시 천곡동,경상사고,0,0,4,0,차대차 - 추돌 - 진행중,안전거리미확보,건조,맑음,교차로 - 교차로부근,화물,남,58세,상해없음,승합,남,44세,경상
2012071900100396,2012년 7월 19일 17시,목요일,강원도 춘천시 남산면,경상사고,0,0,2,0,차대차 - 측면직각충돌,안전운전불이행,건조,맑음,단일로 - 기타,기타불명,기타불명,기타불명,기타불명,화물,남,31세,경상
2012071900100397,2012년 7월 19일 17시,목요일,강원도 춘천시 동면,사망사고,1,0,0,0,차량단독 - 전도전복,안전운전불이행,건조,맑음,단일로 - 기타,이륜,남,80세,사망,,,,
2012071900100398,2012년 7월 19일 17시,목요일,강원도 홍천군 홍천읍,경상사고,0,0,2,0,차대차 - 기타,안전운전불이행,건조,맑음,교차로 - 교차로안,승용,여,30세,상해없음,승용,남,33세,경상
2012071900100500,2012년 7월 19일 20시,목요일,강원도 홍천군 화촌면,경상사고,0,0,1,0,차대사람 - 차도통행중,안전운전불이행,건조,맑음,단일로 - 기타,승용,남,58세,상해없음,보행자,남,58세,경상
2012071900100549,2012년 7월 19일 22시,목요일,강원도 춘천시 후평동,중상사고,0,1,0,0,차대차 - 측면직각충돌,중앙선침범,건조,맑음,단일로 - 기타,원동기,남,16세,상해없음,원동기,남,27세,중상
2012071900100550,2012년 7월 19일 22시,목요일,강원도 원주시 단구동,경상사고,0,0,1,0,차대사람 - 기타,불법유턴,건조,맑음,단일로 - 기타,승용,남,39세,상해없음,보행자,남,27세,경상
2012071900100580,2012년 7월 19일 23시,목요일,강원도 원주시 흥업면,경상사고,0,0,1,0,차대차 - 추돌 - 진행중,안전거리미확보,건조,맑음,단일로 - 기타,승용,남,37세,상해없음,승용,남,35세,경상
2012072000100162,2012년 7월 20일 08시,금요일,강원도 양양군 현남면,중상사고,0,1,0,0,차대차 - 추돌 - 진행중,안전거리미확보,건조,맑음,단일로 - 기타,원동기,남,81세,상해없음,승용,여,37세,상해없음
2012072000100192,2012년 7월 20일 09시,금요일,강원도 강릉시 초당동,경상사고,0,0,1,0,차대차 - 측면직각충돌,신호위반,건조,맑음,교차로 - 교차로안,승용,남,72세,상해없음,이륜,남,80세,경상
2012072000100193,2012년 7월 20일 09시,금요일,강원도 강릉시 사천면,경상사고,0,0,1,0,차대차 - 추돌 - 주정차중,안전운전불이행,건조,맑음,단일로 - 기타,화물,남,53세,상해없음,승용,남,54세,경상
2012072000100194,2012년 7월 20일 09시,금요일,강원도 강릉시 대전동,중상사고,0,1,1,0,차대차 - 측면직각충돌,안전운전불이행,건조,맑음,교차로 - 교차로안,승합,남,29세,상해없음,승용,남,33세,중상