사고번호,사고일시,요일,시군구,사고내용,사망자수,중상자수,경상자수,부상신고자수,사고유형,법규위반,노면상태,기상상태,도로형태,가해운전자 차종,가해운전자 성별,가해운전자 연령,가해운전자 상해정도,피해운전자 차종,피해운전자 성별,피해운전자 연령,피해운전자 상해정도
2012080700100152,2012년 8월 7일 09시,화요일,강원도 고성군 죽왕면,부상신고사고,0,0,0,1,차대차 - 추돌 - 주정차중,안전운전불이행,건조,맑음,단일로 - 기타,승용,남,28세,상해없음,화물,남,45세,부상신고
2012080700100181,2012년 8월 7일 10시,화요일,강원도 원주시 중앙동,경상사고,0,0,1,0,차대차 - 추돌 - 주정차중,안전거리미확보,건조,맑음,단일로 - 기타,승용,여,20세,상해없음,승합,남,43세,경상
2012080700100202,2012년 8월 7일 11시,화요일,강원도 원주시 단계동,중상사고,0,1,0,0,차대차 - 측면직각충돌,불법유턴,건조,맑음,단일로 - 기타,화물,여,59세,상해없음,자전거,여,51세,중상
2012080700100203,2012년 8월 7일 11시,화요일,강원도 원주시 명륜동,경상사고,0,0,1,0,차대사람 - 보도통행중,보행자보호의무위반,건조,맑음,단일로 - 기타,기타불명,기타불명,기타불명,기타불명,보행자,남,8세,경상
2012080700100232,2012년 8월 7일 12시,화요일,강원도 춘천시 사농동,경상사고,0,0,4,0,차대차 - 측면직각충돌,직진우회전진행방해,건조,맑음,교차로 - 교차로안,승용,여,48세,상해없음,승용,여,37세,상해없음
2012080700100233,2012년 8월 7일 12시,화요일,강원도 속초시 교동,경상사고,0,0,4,0,차대차 - 추돌 - 진행중,안전운전불이행,건조,맑음,단일로 - 기타,승용,남,23세,상해없음,승용,남,57세,경상
2012080700100234,2012년 8월 7일 12시,화요일,강원도 고성군 토성면,경상사고,0,0,4,0,차대차 - 추돌 - 진행중,안전운전불이행,건조,맑음,기타 - 기타,화물,남,35세,상해없음,승용,남,38세,경상
2012080700100263,2012년 8월 7일 13시,화요일,강원도 속초시 조양동,경상사고,0,0,1,0,차대차 - 측면직각충돌,교차로운행방법위반,건조,맑음,교차로 - 교차로안,승용,여,34세,상해없음,이륜,남,41세,경상
2012080700100291,2012년 8월 7일 14시,화요일,강원도 강릉시 임당동,경상사고,0,0,1,0,차대차 - 측면직각충돌,신호위반,건조,맑음,교차로 - 교차로안,승용,남,25세,상해없음,자전거,남,16세,경상
2012080700100292,2012년 8월 7일 14시,화요일,강원도 원주시 단계동,경상사고,0,0,1,0,차대차 - 추돌 - 주정차중,안전거리미확보,건조,맑음,단일로 - 기타,승용,남,71세,상해없음,승합,남,44세,경상
2012080700100293,2012년 8월 7일 14시,화요일,강원도 태백시 황지동,경상사고,0,0,1,0,차대사람 - 횡단중,안전운전불이행,건조,맑음,단일로 - 기타,승용,남,62세,상해없음,보행자,남,8세,경상
2012080700100294,2012년 8월 7일 14시,화요일,강원도 태백시 장성동,경상사고,0,0,1,0,차량단독 - 전도전복,안전운전불이행,건조,맑음,단일로 - 기타,화물,남,57세,상해없음,,,,
2012080700100295,2012년 8월 7일 14시,화요일,강원도 철원군 갈말읍,중상사고,0,1,0,0,차대차 - 측면직각충돌,안전운전불이행,건조,맑음,단일로 - 기타,승용,남,19세,상해없음,원동기,여,63세,중상
2012080700100319,2012년 8월 7일 15시,화요일,강원도 춘천시 사농동,부상신고사고,0,0,0,1,차대차 - 측면직각충돌,안전운전불이행,건조,맑음,교차로 - 교차로부근,승용,여,72세,상해없음,승용,여,40세,부상신고
2012080700100320,2012년 8월 7일 15시,화요일,강원도 원주시 우산동,중상사고,0,1,0,0,차대차 - 정면충돌,중앙선침범,건조,맑음,단일로 - 기타,이륜,남,23세,상해없음,이륜,남,40세,중상
2012080700100321,2012년 8월 7일 15시,화요일,강원도 원주시 호저면,경상사고,0,0,2,0,차대차 - 측면직각충돌,차로위반,건조,맑음,단일로 - 기타,승용,남,30세,상해없음,화물,남,40세,경상
2012080700100353,2012년 8월 7일 16시,화요일,강원도 고성군 토성면,경상사고,0,0,2,0,차대차 - 추돌 - 진행중,안전운전불이행,건조,맑음,교차로 - 교차로안,승용,남,45세,상해없음,승용,남,40세,경상
2012080700100395,2012년 8월 7일 17시,화요일,강원도 화천군 상서면,경상사고,0,0,1,0,차대차 - 측면직각충돌,교차로운행방법위반,건조,맑음,단일로 - 기타,승용,남,55세,상해없음,승용,남,29세,경상
2012080700100521,2012년 8월 7일 20시,화요일,강원도 원주시 단구동,경상사고,0,0,3,0,차대차 - 추돌 - 주정차중,안전거리미확보,건조,맑음,단일로 - 기타,승용,여,52세,상해없음,승용,여,23세,경상
2012080700100522,2012년 8월 7일 20시,화요일,강원도 원주시 신림면,경상사고,0,0,2,1,차대차 - 측면직각충돌,안전운전불이행,건조,맑음,단일로 - 기타,승합,남,50세,상해없음,승용,여,43세,경상
2012080700100523,2012년 8월 7일 20시,화요일,강원도 정선군 정선읍,중상사고,0,1,0,0,차대차 - 추돌 - 주정차중,안전운전불이행,건조,맑음,단일로 - 터널,승용,남,60세,상해없음,승용,남,57세,중상
2012080700100566,2012년 8월 7일 21시,화요일,강원도 원주시 단계동,경상사고,0,0,1,0,차대사람 - 길가장자리구역통행중,보행자보호의무위반,건조,맑음,단일로 - 기타,기타불명,기타불명,기타불명,기타불명,보행자,남,34세,경상
2012080700100567,2012년 8월 7일 21시,화요일,강원도 원주시 인동,경상사고,0,0,2,0,차대차 - 측면직각충돌,신호위반,건조,맑음,교차로 - 교차로안,승용,여,41세,상해없음,승용,남,51세,경상
2012080700100635,2012년 8월 7일 23시,화요일,강원도 속초시 노학동,경상사고,0,0,4,0,차대차 - 추돌 - 진행중,안전운전불이행,건조,맑음,교차로 - 교차로부근,승용,남,58세,상해없음,승용,여,61세,상해없음
2012080800100111,2012년 8월 8일 08시,수요일,강원도 평창군 평창읍,중상사고,0,1,0,0,차대차 - 측면직각충돌,안전운전불이행,건조,맑음,교차로 - 교차로안,승용,남,43세,상해없음,승용,남,67세,상해없음
2012080800100142,2012년 8월 8일 09시,수요일,강원도 강릉시 난곡동,경상사고,0,0,1,0,차대차 - 추돌 - 주정차중,안전운전불이행,건조,맑음,교차로 - 교차로부근,승용,남,66세,상해없음,승용,남,68세,경상
2012080800100143,2012년 8월 8일 09시,수요일,강원도 양양군 손양면,경상사고,0,0,3,0,차대차 - 측면직각충돌,안전운전불이행,건조,맑음,교차로 - 교차로부근,승용,여,46세,상해없음,승용,남,50세,경상
2012080800100179,2012년 8월 8일 10시,수요일,강원도 인제군 북면,경상사고,0,0,1,0,차대차 - 추돌 - 진행중,안전거리미확보,건조,맑음,단일로 - 기타,승합,남,49세,상해없음,승용,여,41세,경상
2012080800100180,2012년 8월 8일 10시,수요일,강원도 고성군 거진읍,부상신고사고,0,0,0,3,차대차 - 추돌 - 주정차중,안전운전불이행,건조,맑음,단일로 - 기타,승용,남,44세,상해없음,승용,남,36세,부상신고
2012080800100233,2012년 8월 8일 12시,수요일,강원도 춘천시 석사동,경상사고,0,0,1,0,차대차 - 측면직각충돌,안전운전불이행,건조,맑음,단일로 - 기타,승용,남,44세,상해없음,승용,남,56세,경상
2012080800100234,2012년 8월 8일 12시,수요일,강원도 고성군 토성면,경상사고,0,0,2,0,차대차 - 측면직각충돌,신호위반,건조,맑음,교차로 - 교차로안,승용,남,55세,상해없음,승용,남,39세,경상
2012080800100255,2012년 8월 8일 13시,수요일,강원도 춘천시 근화동,중상사고,0,1,1,0,차량단독 - 기타,안전운전불이행,건조,맑음,단일로 - 기타,승합,남,59세,상해없음,,,,
2012080800100256,2012년 8월 8일 13시,수요일,강원도 홍천군 홍천읍,경상사고,0,0,1,0,차대차 - 추돌 - 주정차중,안전거리미확보,건조,맑음,교차로 - 교차로부근,승용,남,21세,상해없음,승용,여,37세,상해없음
2012080800100280,2012년 8월 8일 14시,수요일,강원도 강릉시 강동면,경상사고,0,0,2,0,차대차 - 측면직각충돌,중앙선침범,건조,맑음,단일로 - 기타,승용,남,54세,상해없음,승용,남,30세,경상
2012080800100281,2012년 8월 8일 14시,수요일,강원도 평창군 봉평면,중상사고,0,6,3,0,차대차 - 측면직각충돌,직진우회전진행방해,건조,맑음,교차로 - 교차로안,승용,남,25세,상해없음,승용,남,55세,중상
2012080800100317,2012년 8월 8일 15시,수요일,강원도 원주시 단구동,중상사고,0,1,4,0,차대차 - 기타,신호위반,건조,맑음,교차로 - 교차로안,승용,남,67세,상해없음,승용,남,59세,중상
2012080800100343,2012년 8월 8일 16시,수요일,강원도 강릉시 안현동,경상사고,0,0,3,0,차대차 - 측면직각충돌,중앙선침범,건조,맑음,교차로 - 교차로부근,승용,남,18세,상해없음,승용,남,30세,경상
2012080800100344,2012년 8월 8일 16시,수요일,강원도 원주시 단구동,경상사고,0,0,1,0,차대차 - 추돌 - 주정차중,안전운전불이행,기타,맑음,교차로 - 교차로부근,화물,남,43세,상해없음,승용,남,23세,경상
2012080800100345,2012년 8월 8일 16시,수요일,강원도 속초시 교동,경상사고,0,0,1,0,차대사람 - 길가장자리구역통행중,안전운전불이행,건조,맑음,교차로 - 교차로안,승용,남,28세,상해없음,보행자,여,5세,경상
2012080800100411,2012년 8월 8일 18시,수요일,강원도 춘천시 후평동,사망사고,1,2,0,0,차대차 - 측면직각충돌,신호위반,건조,맑음,교차로 - 교차로안,승용,남,29세,상해없음,원동기,남,17세,사망
2012080800100412,2012년 8월 8일 18시,수요일,강원도 춘천시 효자동,중상사고,0,1,1,0,차대차 - 측면직각충돌,신호위반,건조,맑음,교차로 - 교차로안,승용,남,56세,상해없음,화물,남,42세,중상
2012080800100447,2012년 8월 8일 19시,수요일,강원도 춘천시 신동면,중상사고,0,2,0,0,차대차 - 측면직각충돌,안전운전불이행,건조,맑음,단일로 - 기타,승용,남,26세,상해없음,화물,남,47세,중상
2012080800100477,2012년 8월 8일 20시,수요일,강원도 고성군 거진읍,경상사고,0,0,1,0,차대사람 - 차도통행중,안전운전불이행,건조,맑음,단일로 - 기타,화물,남,51세,상해없음,보행자,남,15세,경상
2012080800100512,2012년 8월 8일 21시,수요일,강원도 춘천시 석사동,경상사고,0,0,1,0,차대차 - 기타,신호위반,건조,맑음,교차로 - 교차로부근,승용,여,46세,상해없음,자전거,남,50세,경상
2012080800100513,2012년 8월 8일 21시,수요일,강원도 원주시 태장동,경상사고,0,0,2,0,차대차 - 추돌 - 주정차중,안전운전불이행,건조,맑음,단일로 - 기타,승용,남,50세,상해없음,화물,남,52세,경상
2012080800100514,2012년 8월 8일 21시,수요일,강원도 원주시 단계동,부상신고사고,0,0,0,1,차대사람 - 기타,안전운전불이행,건조,맑음,단일로 - 기타,기타불명,기타불명,기타불명,기타불명,보행자,남,21세,부상신고
2012080800100515,2012년 8월 8일 21시,수요일,강원도 동해시 송정동,중상사고,0,1,1,0,차대차 - 측면직각충돌,신호위반,건조,맑음,교차로 - 교차로안,승용,남,44세,상해없음,승용,남,65세,상해없음
2012080800100543,2012년 8월 8일 22시,수요일,강원도 춘천시 중앙로1가,경상사고,0,0,1,0,차대차 - 측면직각충돌,안전운전불이행,건조,맑음,교차로 - 교차로부근,승용,여,56세,상해없음,원동기,남,19세,경상
2012080800100544,2012년 8월 8일 22시,수요일,강원도 원주시 단구동,경상사고,0,0,2,0,차대차 - 추돌 - 진행중,안전운전불이행,건조,맑음,단일로 - 기타,승용,남,45세,상해없음,승용,남,38세,경상
2012080800100576,2012년 8월 8일 23시,수요일,강원도 원주시 우산동,중상사고,0,1,6,0,차대차 - 기타,안전운전불이행,건조,맑음,교차로 - 교차로부근,승용,여,50세,상해없음,승용,여,42세,경상
2012080900100032,2012년 8월 9일 02시,목요일,강원도 고성군 토성면,경상사고,0,0,1,0,차대차 - 추돌 - 주정차중,안전운전불이행,건조,맑음,단일로 - 기타,기타불명,기타불명,기타불명,기타불명,승합,남,36세,경상
2012080900100056,2012년 8월 9일 04시,목요일,강원도 춘천시 퇴계동,중상사고,0,1,0,0,차대차 - 측면직각충돌,신호위반,건조,맑음,교차로 - 교차로안,승용,남,55세,상해없음,승용,여,43세,중상
2012080900100087,2012년 8월 9일 07시,목요일,강원도 동해시 천곡동,경상사고,0,0,2,0,차대차 - 측면직각충돌,안전운전불이행,건조,맑음,교차로 - 교차로안,승용,여,46세,상해없음,승용,남,57세,경상
2012080900100114,2012년 8월 9일 08시,목요일,강원도 원주시 명륜동,중상사고,0,2,3,0,차대차 - 추돌 - 주정차중,안전거리미확보,건조,맑음,단일로 - 기타,승용,남,76세,상해없음,승용,여,26세,중상
2012080900100115,2012년 8월 9일 08시,목요일,강원도 횡성군 횡성읍,경상사고,0,0,1,0,차대차 - 추돌 - 진행중,안전운전불이행,건조,맑음,미분류 - 미분류,승용,남,33세,상해없음,화물,남,61세,경상
2012080900100140,2012년 8월 9일 09시,목요일,강원도 속초시 설악동,경상사고,0,0,2,0,차대차 - 측면직각충돌,안전운전불이행,건조,맑음,단일로 - 기타,승용,여,64세,상해없음,승용,남,64세,경상
2012080900100141,2012년 8월 9일 09시,목요일,강원도 영월군 영월읍,중상사고,0,1,0,0,차대차 - 추돌 - 주정차중,안전운전불이행,건조,맑음,기타 - 기타,승합,남,45세,상해없음,승용,여,43세,중상
2012080900100142,2012년 8월 9일 09시,목요일,강원도 화천군 간동면,중상사고,0,1,0,0,차대차 - 정면충돌,안전운전불이행,건조,기타,단일로 - 기타,승용,여,41세,상해없음,승용,남,53세,중상
2012080900100166,2012년 8월 9일 10시,목요일,강원도 춘천시 동면,경상사고,0,0,1,0,차대차 - 측면직각충돌,직진우회전진행방해,건조,맑음,교차로 - 교차로안,화물,남,63세,상해없음,승용,여,45세,상해없음
2012080900100195,2012년 8월 9일 11시,목요일,강원도 원주시 일산동,중상사고,0,1,0,0,차대차 - 측면직각충돌,신호위반,건조,맑음,교차로 - 교차로안,승용,여,49세,상해없음,승용,남,49세,중상
2012080900100196,2012년 8월 9일 11시,목요일,강원도 동해시 묵호진동,경상사고,0,0,1,0,차대차 - 측면직각충돌,안전운전불이행,건조,맑음,교차로 - 교차로부근,승용,남,31세,상해없음,이륜,남,57세,경상
2012080900100222,2012년 8월 9일 12시,목요일,강원도 속초시 영랑동,경상사고,0,0,1,0,차대차 - 측면직각충돌,안전운전불이행,건조,맑음,단일로 - 기타,승용,남,45세,상해없음,화물,남,30세,경상
2012080900100223,2012년 8월 9일 12시,목요일,강원도 양양군 양양읍,경상사고,0,0,5,0,차대차 - 측면직각충돌,교차로운행방법위반,건조,맑음,교차로 - 교차로안,승용,여,57세,상해없음,승용,여,40세,경상
2012080900100243,2012년 8월 9일 13시,목요일,강원도 원주시 개운동,경상사고,0,0,2,0,차대차 - 기타,안전거리미확보,건조,맑음,교차로 - 교차로안,승용,남,57세,경상,승합,남,55세,경상
2012080900100244,2012년 8월 9일 13시,목요일,강원도 삼척시 근덕면,경상사고,0,0,5,0,차대차 - 추돌 - 주정차중,안전운전불이행,건조,맑음,단일로 - 기타,승용,남,68세,경상,승용,남,33세,경상
2012080900100245,2012년 8월 9일 13시,목요일,강원도 철원군 근남면,중상사고,0,2,3,0,차대차 - 정면충돌,중앙선침범,건조,맑음,단일로 - 기타,승용,남,31세,중상,승합,남,55세,경상
2012080900100268,2012년 8월 9일 14시,목요일,강원도 강릉시 성산면,사망사고,1,2,0,0,차대차 - 정면충돌,중앙선침범,건조,맑음,단일로 - 기타,승용,여,45세,상해없음,승용,남,60세,중상
2012080900100269,2012년 8월 9일 14시,목요일,강원도 삼척시 교동,경상사고,0,0,1,0,차대차 - 기타,신호위반,건조,맑음,교차로 - 교차로안,승용,여,45세,상해없음,승용,남,63세,경상
2012080900100304,2012년 8월 9일 15시,목요일,강원도 강릉시 송정동,경상사고,0,0,2,0,차대차 - 측면직각충돌,안전운전불이행,건조,맑음,교차로 - 교차로안,승용,여,40세,경상,승용,여,39세,경상
2012080900100337,2012년 8월 9일 16시,목요일,강원도 홍천군 두촌면,경상사고,0,0,5,0,차대차 - 기타,안전거리미확보,건조,맑음,단일로 - 기타,승용,남,19세,상해없음,승용,남,28세,경상
2012080900100371,2012년 8월 9일 17시,목요일,강원도 춘천시 후평동,경상사고,0,0,1,0,차대차 - 추돌 - 진행중,안전거리미확보,건조,맑음,단일로 - 기타,화물,남,54세,상해없음,승용,여,45세,경상
2012080900100372,2012년 8월 9일 17시,목요일,강원도 춘천시 퇴계동,경상사고,0,0,1,0,차대차 - 기타,안전운전불이행,건조,맑음,단일로 - 횡단보도상,기타불명,기타불명,기타불명,기타불명,자전거,여,11세,경상
2012080900100373,2012년 8월 9일 17시,목요일,강원도 강릉시 입암동,경상사고,0,0,3,0,차대차 - 측면직각충돌,안전운전불이행,건조,맑음,교차로 - 교차로안,승용,여,44세,상해없음,승용,남,55세,경상
2012080900100374,2012년 8월 9일 17시,목요일,강원도 원주시 문막읍,경상사고,0,0,1,0,차대차 - 추돌 - 주정차중,안전운전불이행,건조,맑음,단일로 - 기타,원동기,남,55세,상해없음,승용,여,37세,경상
2012080900100482,2012년 8월 9일 20시,목요일,강원도 평창군 봉평면,중상사고,0,1,1,0,차대사람 - 길가장자리구역통행중,안전운전불이행,건조,맑음,단일로 - 기타,승용,남,25세,상해없음,보행자,남,58세,중상
2012080900100538,2012년 8월 9일 22시,목요일,강원도 원주시 단구동,경상사고,0,0,1,0,차대사람 - 기타,안전운전불이행,건조,맑음,교차로 - 교차로안,승용,남,29세,상해없음,보행자,남,34세,경상
2012080900100539,2012년 8월 9일 22시,목요일,강원도 홍천군 홍천읍,경상사고,0,0,1,0,차대차 - 기타,안전운전불이행,건조,맑음,단일로 - 기타,원동기,남,50세,상해없음,자전거,남,53세,경상
2012080900100567,2012년 8월 9일 23시,목요일,강원도 춘천시 석사동,경상사고,0,0,1,0,차대사람 - 횡단중,안전운전불이행,건조,맑음,단일로 - 기타,승용,남,44세,상해없음,보행자,여,23세,경상
2012080900100568,2012년 8월 9일 23시,목요일,강원도 양양군 양양읍,중상사고,0,1,0,0,차대차 - 측면직각충돌,교차로운행방법위반,건조,맑음,교차로 - 교차로안,승용,남,51세,상해없음,승용,남,44세,중상
2012081000100090,2012년 8월 10일 06시,금요일,강원도 양양군 양양읍,중상사고,0,1,0,0,차대차 - 측면직각충돌,안전운전불이행,건조,맑음,교차로 - 교차로안,승용,남,18세,기타불명,승용,남,58세,상해없음
2012081000100109,2012년 8월 10일 07시,금요일,강원도 강릉시 연곡면,중상사고,0,1,0,0,차대사람 - 횡단중,안전운전불이행,건조,맑음,단일로 - 기타,승용,여,21세,상해없음,보행자,남,15세,중상
2012081000100110,2012년 8월 10일 07시,금요일,강원도 원주시 단구동,경상사고,0,0,1,0,차대차 - 추돌 - 진행중,안전운전불이행,건조,맑음,단일로 - 기타,승합,남,60세,상해없음,자전거,남,67세,경상
2012081000100154,2012년 8월 10일 09시,금요일,강원도 춘천시 효자동,경상사고,0,0,1,0,차대차 - 측면직각충돌,교차로운행방법위반,건조,흐림,교차로 - 교차로안,승용,남,69세,상해없음,화물,남,49세,경상
2012081000100155,2012년 8월 10일 09시,금요일,강원도 춘천시 운교동,중상사고,0,1,0,0,차대사람 - 길가장자리구역통행중,안전운전불이행,건조,맑음,단일로 - 기타,승용,남,78세,상해없음,보행자,남,74세,중상
2012081000100189,2012년 8월 10일 10시,금요일,강원도 속초시 대포동,중상사고,0,1,0,0,차대차 - 추돌 - 진행중,안전운전불이행,건조,맑음,단일로 - 기타,승용,남,57세,상해없음,원동기,남,90세,중상
2012081000100190,2012년 8월 10일 10시,금요일,강원도 횡성군 서원면,경상사고,0,0,1,0,차대차 - 측면직각충돌,직진우회전진행방해,건조,흐림,교차로 - 교차로안,승용,남,44세,상해없음,화물,남,44세,경상
2012081000100217,2012년 8월 10일 11시,금요일,강원도 춘천시 후평동,경상사고,0,0,1,2,차대차 - 측면직각충돌,안전거리미확보,건조,맑음,단일로 - 기타,승용,남,57세,상해없음,화물,남,60세,경상
2012081000100218,2012년 8월 10일 11시,금요일,강원도 강릉시 교동,경상사고,0,0,2,0,차대차 - 추돌 - 진행중,안전운전불이행,건조,흐림,단일로 - 기타,승용,남,27세,상해없음,승용,남,57세,경상
2012081000100280,2012년 8월 10일 13시,금요일,강원도 원주시 단계동,경상사고,0,0,1,0,차대차 - 측면직각충돌,신호위반,습기,비,교차로 - 교차로안,이륜,남,55세,경상,승용,남,43세,상해없음
2012081000100281,2012년 8월 10일 13시,금요일,강원도 홍천군 홍천읍,경상사고,0,0,2,0,차대차 - 기타,신호위반,습기,흐림,교차로 - 교차로안,화물,여,38세,상해없음,승용,남,57세,경상
2012081000100317,2012년 8월 10일 14시,금요일,강원도 강릉시 교동,경상사고,0,0,1,0,차대차 - 측면직각충돌,안전거리미확보,건조,맑음,단일로 - 기타,승합,남,64세,상해없음,이륜,남,83세,경상
2012081000100318,2012년 8월 10일 14시,금요일,강원도 속초시 금호동,사망사고,1,0,0,0,차대차 - 추돌 - 진행중,안전운전불이행,건조,맑음,교차로 - 교차로안,승용,남,51세,상해없음,자전거,남,88세,사망
2012081000100319,2012년 8월 10일 14시,금요일,강원도 홍천군 홍천읍,경상사고,0,0,5,0,차대차 - 기타,안전운전불이행,건조,흐림,교차로 - 교차로안,화물,남,46세,상해없음,승용,여,35세,경상
2012081000100353,2012년 8월 10일 15시,금요일,강원도 원주시 행구동,경상사고,0,0,1,0,차대차 - 측면직각충돌,직진우회전진행방해,습기,비,교차로 - 교차로안,승합,남,57세,상해없음,승용,남,64세,경상
2012081000100392,2012년 8월 10일 16시,금요일,강원도 춘천시 근화동,중상사고,0,1,1,0,차대차 - 기타,중앙선침범,건조,맑음,단일로 - 기타,기타불명,기타불명,기타불명,기타불명,이륜,남,29세,중상
2012081000100393,2012년 8월 10일 16시,금요일,강원도 춘천시 후평동,경상사고,0,0,1,0,차대차 - 추돌 - 진행중,안전거리미확보,건조,맑음,단일로 - 기타,화물,남,33세,상해없음,이륜,여,55세,경상
2012081000100394,2012년 8월 10일 16시,금요일,강원도 철원군 동송읍,중상사고,0,1,0,0,차대차 - 측면직각충돌,교차로운행방법위반,건조,맑음,교차로 - 교차로안,승용,남,62세,상해없음,이륜,여,63세,중상
2012081000100431,2012년 8월 10일 17시,금요일,강원도 강릉시 입암동,중상사고,0,1,0,0,차대사람 - 기타,안전운전불이행,건조,맑음,기타 - 기타,자전거,남,19세,상해없음,보행자,남,85세,중상
2012081000100432,2012년 8월 10일 17시,금요일,강원도 속초시 교동,중상사고,0,1,0,0,차대사람 - 길가장자리구역통행중,안전운전불이행,건조,맑음,단일로 - 기타,화물,남,26세,상해없음,보행자,여,38세,중상
2012081000100433,2012년 8월 10일 17시,금요일,강원도 평창군 봉평면,경상사고,0,0,1,0,차대차 - 측면직각충돌,안전운전불이행,건조,맑음,교차로 - 교차로안,화물,남,55세,상해없음,화물,남,37세,경상
2012081000100434,2012년 8월 10일 17시,금요일,강원도 횡성군 횡성읍,중상사고,0,1,0,0,차대차 - 측면직각충돌,안전운전불이행,습기,비,단일로 - 기타,승용,남,43세,상해없음,승용,여,37세,중상
2012081000100476,2012년 8월 10일 18시,금요일,강원도 춘천시 효자동,경상사고,0,0,1,0,차대차 - 측면직각충돌,교차로운행방법위반,건조,맑음,교차로 - 교차로안,승용,남,56세,상해없음,승용,남,53세,경상
2012081000100477,2012년 8월 10일 18시,금요일,강원도 원주시 지정면,중상사고,0,1,1,0,차대차 - 정면충돌,중앙선침범,건조,흐림,단일로 - 기타,이륜,남,56세,중상,승용,여,41세,경상
2012081000100478,2012년 8월 10일 18시,금요일,강원도 원주시 단구동,경상사고,0,0,2,0,차대차 - 측면직각충돌,안전운전불이행,건조,맑음,단일로 - 기타,승용,여,47세,상해없음,승용,여,44세,상해없음
2012081000100525,2012년 8월 10일 19시,금요일,강원도 속초시 노학동,중상사고,0,2,1,0,차대차 - 측면직각충돌,안전거리미확보,건조,맑음,교차로 - 교차로부근,승용,여,53세,중상,승용,남,30세,경상
2012081000100526,2012년 8월 10일 19시,금요일,강원도 철원군 동송읍,경상사고,0,0,1,0,차대차 - 측면직각충돌,안전운전불이행,건조,맑음,단일로 - 기타,승용,남,57세,상해없음,자전거,여,11세,경상
2012081000100527,2012년 8월 10일 19시,금요일,강원도 동해시 이도동,경상사고,0,0,2,0,차대차 - 기타,안전운전불이행,습기,비,교차로 - 교차로부근,건설기계,남,42세,상해없음,승용,여,36세,경상
2012081000100566,2012년 8월 10일 20시,금요일,강원도 춘천시 운교동,부상신고사고,0,0,0,1,차대차 - 측면직각충돌,안전운전불이행,건조,맑음,단일로 - 기타,승용,남,31세,상해없음,승용,남,44세,부상신고
2012081000100567,2012년 8월 10일 20시,금요일,강원도 춘천시 효자동,경상사고,0,0,1,0,차대차 - 측면직각충돌,교차로운행방법위반,건조,맑음,교차로 - 교차로안,승용,남,27세,상해없음,이륜,남,32세,경상
2012081000100568,2012년 8월 10일 20시,금요일,강원도 강릉시 유산동,경상사고,0,0,2,0,차대차 - 측면직각충돌,안전거리미확보,건조,맑음,단일로 - 기타,승용,남,58세,상해없음,승용,여,60세,경상
2012081000100569,2012년 8월 10일 20시,금요일,강원도 태백시 장성동,경상사고,0,0,2,0,차대차 - 추돌 - 주정차중,안전거리미확보,습기,비,교차로 - 교차로안,승용,여,44세,상해없음,승용,여,48세,경상
2012081000100570,2012년 8월 10일 20시,금요일,강원도 원주시 문막읍,사망사고,1,0,0,0,차대사람 - 기타,안전운전불이행,건조,맑음,단일로 - 기타,화물,남,45세,상해없음,보행자,여,89세,사망
2012081000100607,2012년 8월 10일 21시,금요일,강원도 삼척시 남양동,경상사고,0,0,4,0,차대차 - 추돌 - 진행중,안전운전불이행,습기,흐림,교차로 - 교차로부근,승용,여,46세,상해없음,승용,남,50세,경상
2012081000100627,2012년 8월 10일 22시,금요일,강원도 춘천시 석사동,경상사고,0,0,1,0,차대사람 - 기타,안전운전불이행,건조,맑음,단일로 - 기타,이륜,남,16세,상해없음,보행자,여,68세,경상
2012081000100628,2012년 8월 10일 22시,금요일,강원도 원주시 태장동,경상사고,0,0,1,0,차대차 - 측면직각충돌,안전운전불이행,건조,흐림,단일로 - 교량,승용,남,30세,상해없음,승용,남,28세,경상
2012081000100629,2012년 8월 10일 22시,금요일,강원도 화천군 화천읍,중상사고,0,1,0,0,차대차 - 정면충돌,중앙선침범,건조,맑음,교차로 - 교차로부근,승용,여,31세,상해없음,원동기,남,17세,중상
2012081100100068,2012년 8월 11일 02시,토요일,강원도 양양군 양양읍,중상사고,0,3,1,0,차량단독 - 공작물충돌,안전운전불이행,건조,맑음,교차로 - 교차로안,승용,남,23세,경상,,,,
2012081100100082,2012년 8월 11일 03시,토요일,강원도 원주시 호저면,경상사고,0,0,2,0,차량단독 - 공작물충돌,안전운전불이행,습기,흐림,교차로 - 교차로안,승합,남,33세,상해없음,,,,
2012081100100115,2012년 8월 11일 05시,토요일,강원도 화천군 화천읍,중상사고,0,1,0,0,차대사람 - 차도통행중,안전운전불이행,건조,맑음,교차로 - 교차로안,승용,남,47세,상해없음,보행자,여,78세,중상
2012081100100157,2012년 8월 11일 08시,토요일,강원도 횡성군 횡성읍,경상사고,0,0,3,0,차대차 - 추돌 - 진행중,안전거리미확보,건조,맑음,단일로 - 기타,승용,남,48세,상해없음,승용,남,50세,경상
2012081100100241,2012년 8월 11일 12시,토요일,강원도 화천군 사내면,중상사고,0,1,3,0,차대차 - 측면직각충돌,안전운전불이행,건조,맑음,단일로 - 기타,화물,남,48세,경상,승용,남,26세,경상
2012081100100271,2012년 8월 11일 13시,토요일,강원도 횡성군 횡성읍,경상사고,0,0,1,0,차대사람 - 기타,안전운전불이행,건조,맑음,단일로 - 횡단보도상,자전거,남,22세,기타불명,보행자,여,84세,경상
2012081100100296,2012년 8월 11일 14시,토요일,강원도 춘천시 석사동,경상사고,0,0,1,0,차대차 - 기타,안전운전불이행,건조,맑음,교차로 - 교차로안,승용,여,32세,상해없음,자전거,남,11세,경상