사고번호,사고일시,요일,시군구,사고내용,사망자수,중상자수,경상자수,부상신고자수,사고유형,법규위반,노면상태,기상상태,도로형태,가해운전자 차종,가해운전자 성별,가해운전자 연령,가해운전자 상해정도,피해운전자 차종,피해운전자 성별,피해운전자 연령,피해운전자 상해정도
2012081100100297,2012년 8월 11일 14시,토요일,강원도 강릉시 홍제동,중상사고,0,1,1,0,차대차 - 정면충돌,안전운전불이행,건조,맑음,단일로 - 기타,승용,남,45세,상해없음,화물,남,69세,경상
2012081100100298,2012년 8월 11일 14시,토요일,강원도 평창군 대관령면,중상사고,0,2,1,0,차량단독 - 전도전복,안전운전불이행,건조,흐림,단일로 - 기타,승용,남,67세,중상,,,,
2012081100100320,2012년 8월 11일 15시,토요일,강원도 원주시 문막읍,경상사고,0,0,2,0,차대차 - 추돌 - 진행중,안전거리미확보,건조,맑음,단일로 - 기타,승용,여,48세,상해없음,승용,남,28세,경상
2012081100100321,2012년 8월 11일 15시,토요일,강원도 영월군 남면,경상사고,0,0,2,0,차대차 - 추돌 - 진행중,안전거리미확보,건조,맑음,기타 - 기타,승용,남,31세,상해없음,승용,여,34세,경상
2012081100100322,2012년 8월 11일 15시,토요일,강원도 영월군 영월읍,부상신고사고,0,0,0,1,차대사람 - 기타,안전운전불이행,건조,맑음,단일로 - 기타,승합,남,48세,상해없음,보행자,남,32세,부상신고
2012081100100350,2012년 8월 11일 16시,토요일,강원도 춘천시 근화동,경상사고,0,0,5,0,차대차 - 추돌 - 진행중,안전거리미확보,건조,맑음,단일로 - 기타,승용,남,51세,상해없음,승용,남,34세,경상
2012081100100351,2012년 8월 11일 16시,토요일,강원도 원주시 흥업면,경상사고,0,0,1,0,차대차 - 추돌 - 주정차중,안전운전불이행,건조,맑음,단일로 - 기타,승합,남,66세,상해없음,화물,남,55세,기타불명
2012081100100352,2012년 8월 11일 16시,토요일,강원도 평창군 봉평면,중상사고,0,1,0,0,차대사람 - 기타,안전운전불이행,건조,맑음,단일로 - 기타,승용,남,47세,상해없음,보행자,남,53세,중상
2012081100100353,2012년 8월 11일 16시,토요일,강원도 동해시 어달동,경상사고,0,0,2,0,차대차 - 측면직각충돌,교차로운행방법위반,건조,맑음,교차로 - 교차로안,이륜,남,17세,상해없음,승용,남,40세,상해없음
2012081100100377,2012년 8월 11일 17시,토요일,강원도 원주시 판부면,경상사고,0,0,2,0,차대차 - 추돌 - 진행중,안전거리미확보,건조,맑음,단일로 - 기타,화물,남,59세,상해없음,승용,남,57세,경상
2012081100100405,2012년 8월 11일 18시,토요일,강원도 횡성군 서원면,경상사고,0,0,1,0,차대차 - 추돌 - 주정차중,교차로운행방법위반,건조,맑음,교차로 - 교차로안,승용,남,39세,상해없음,승용,남,65세,경상
2012081100100432,2012년 8월 11일 19시,토요일,강원도 횡성군 우천면,경상사고,0,0,4,0,차대차 - 측면직각충돌,안전운전불이행,건조,맑음,단일로 - 기타,화물,남,45세,상해없음,승용,여,34세,경상
2012081100100463,2012년 8월 11일 20시,토요일,강원도 강릉시 포남동,경상사고,0,0,2,0,차대차 - 측면직각충돌,안전운전불이행,건조,맑음,교차로 - 교차로부근,승용,남,54세,상해없음,승용,남,56세,상해없음
2012081100100493,2012년 8월 11일 21시,토요일,강원도 강릉시 주문진읍,경상사고,0,0,1,0,차대차 - 추돌 - 주정차중,안전운전불이행,건조,맑음,단일로 - 기타,원동기,여,17세,상해없음,승용,여,44세,상해없음
2012081100100514,2012년 8월 11일 22시,토요일,강원도 양양군 현북면,중상사고,0,1,0,0,차대사람 - 보도통행중,안전운전불이행,건조,맑음,단일로 - 기타,자전거,남,5세,상해없음,보행자,여,40세,중상
2012081100100544,2012년 8월 11일 23시,토요일,강원도 춘천시 운교동,경상사고,0,0,1,0,차대사람 - 차도통행중,안전운전불이행,건조,맑음,교차로 - 교차로안,승용,남,59세,상해없음,보행자,여,35세,경상
2012081100100545,2012년 8월 11일 23시,토요일,강원도 원주시 무실동,경상사고,0,0,4,0,차대차 - 추돌 - 주정차중,안전운전불이행,건조,맑음,교차로 - 교차로부근,승용,남,30세,상해없음,승용,남,30세,경상
2012081100100546,2012년 8월 11일 23시,토요일,강원도 인제군 서화면,경상사고,0,0,4,0,차대차 - 측면직각충돌,중앙선침범,건조,맑음,단일로 - 기타,승용,남,37세,상해없음,승용,남,28세,경상
2012081200100035,2012년 8월 12일 01시,일요일,강원도 원주시 단계동,경상사고,0,0,3,0,차대차 - 측면직각충돌,직진우회전진행방해,건조,맑음,교차로 - 교차로안,화물,남,44세,상해없음,승합,여,52세,경상
2012081200100051,2012년 8월 12일 02시,일요일,강원도 춘천시 후평동,경상사고,0,0,1,0,차대사람 - 기타,안전운전불이행,건조,맑음,단일로 - 기타,이륜,남,59세,상해없음,보행자,남,39세,경상
2012081200100052,2012년 8월 12일 02시,일요일,강원도 원주시 학성동,경상사고,0,0,2,0,차대차 - 추돌 - 주정차중,안전운전불이행,건조,맑음,단일로 - 기타,승용,남,32세,상해없음,승용,남,38세,경상
2012081200100090,2012년 8월 12일 05시,일요일,강원도 원주시 단구동,경상사고,0,0,3,0,차대차 - 측면직각충돌,신호위반,건조,맑음,교차로 - 교차로안,승용,여,26세,상해없음,승용,남,69세,경상
2012081200100091,2012년 8월 12일 05시,일요일,강원도 양양군 강현면,경상사고,0,0,1,0,차대사람 - 횡단중,신호위반,건조,맑음,단일로 - 횡단보도상,승용,기타불명,기타불명,기타불명,보행자,여,19세,경상
2012081200100106,2012년 8월 12일 06시,일요일,강원도 양양군 서면,경상사고,0,0,1,0,차대차 - 추돌 - 주정차중,안전운전불이행,건조,맑음,단일로 - 기타,승용,남,19세,상해없음,승용,남,57세,상해없음
2012081200100132,2012년 8월 12일 08시,일요일,강원도 춘천시 남산면,중상사고,0,2,2,0,차대차 - 정면충돌,중앙선침범,건조,맑음,단일로 - 기타,승용,남,27세,상해없음,승용,남,70세,중상
2012081200100133,2012년 8월 12일 08시,일요일,강원도 원주시 단구동,중상사고,0,1,0,1,차량단독 - 공작물충돌,안전운전불이행,건조,맑음,단일로 - 기타,이륜,남,17세,부상신고,,,,
2012081200100199,2012년 8월 12일 12시,일요일,강원도 평창군 미탄면,중상사고,0,2,2,0,차대차 - 측면직각충돌,중앙선침범,습기,비,단일로 - 기타,승용,남,56세,상해없음,승용,남,43세,중상
2012081200100248,2012년 8월 12일 14시,일요일,강원도 강릉시 교동,경상사고,0,0,8,0,차대차 - 추돌 - 주정차중,안전운전불이행,습기,맑음,교차로 - 교차로부근,승용,남,54세,기타불명,승용,남,49세,경상
2012081200100249,2012년 8월 12일 14시,일요일,강원도 속초시 노학동,경상사고,0,0,6,0,차대차 - 추돌 - 진행중,안전운전불이행,습기,비,단일로 - 기타,승용,남,71세,상해없음,승용,남,43세,상해없음
2012081200100250,2012년 8월 12일 14시,일요일,강원도 영월군 북면,중상사고,0,1,6,0,차대차 - 정면충돌,중앙선침범,습기,비,단일로 - 기타,승용,남,49세,상해없음,승용,남,41세,경상
2012081200100275,2012년 8월 12일 15시,일요일,강원도 평창군 진부면,경상사고,0,0,4,0,차대차 - 측면직각충돌,안전운전불이행,습기,비,교차로 - 교차로안,승용,남,41세,경상,승합,남,43세,상해없음
2012081200100305,2012년 8월 12일 16시,일요일,강원도 춘천시 중앙로2가,중상사고,0,4,0,3,차대차 - 기타,중앙선침범,습기,비,단일로 - 기타,승용,남,59세,상해없음,승용,여,24세,중상
2012081200100306,2012년 8월 12일 16시,일요일,강원도 평창군 미탄면,중상사고,0,5,0,0,차대차 - 측면직각충돌,중앙선침범,습기,비,단일로 - 기타,승용,남,52세,상해없음,승용,남,54세,중상
2012081200100335,2012년 8월 12일 17시,일요일,강원도 삼척시 원덕읍,중상사고,0,1,0,0,차량단독 - 공작물충돌,안전운전불이행,습기,비,단일로 - 기타,승용,남,20세,상해없음,,,,
2012081200100336,2012년 8월 12일 17시,일요일,강원도 홍천군 서면,부상신고사고,0,0,0,1,차대사람 - 차도통행중,안전운전불이행,건조,맑음,단일로 - 기타,기타불명,기타불명,기타불명,기타불명,보행자,남,19세,부상신고
2012081200100337,2012년 8월 12일 17시,일요일,강원도 양구군 양구읍,경상사고,0,0,1,0,차대차 - 측면직각충돌,중앙선침범,습기,비,단일로 - 기타,화물,남,46세,상해없음,화물,남,65세,경상
2012081200100401,2012년 8월 12일 19시,일요일,강원도 춘천시 퇴계동,경상사고,0,0,2,0,차대차 - 측면직각충돌,안전운전불이행,건조,맑음,교차로 - 교차로부근,승용,남,27세,상해없음,승용,남,44세,경상
2012081200100403,2012년 8월 12일 19시,일요일,강원도 평창군 대관령면,중상사고,0,1,1,0,차대차 - 측면직각충돌,안전운전불이행,습기,비,단일로 - 기타,화물,남,64세,상해없음,승용,남,31세,경상
2012081200100431,2012년 8월 12일 20시,일요일,강원도 춘천시 근화동,중상사고,0,1,1,0,차대차 - 측면직각충돌,신호위반,습기,비,교차로 - 교차로안,승용,남,25세,상해없음,승용,남,22세,경상
2012081200100432,2012년 8월 12일 20시,일요일,강원도 속초시 조양동,경상사고,0,0,1,0,차대차 - 측면직각충돌,교차로운행방법위반,습기,비,교차로 - 교차로안,승용,남,40세,상해없음,승용,남,51세,경상
2012081200100473,2012년 8월 12일 21시,일요일,강원도 강릉시 포남동,경상사고,0,0,2,0,차대차 - 추돌 - 진행중,안전거리미확보,습기,비,단일로 - 횡단보도부근,화물,남,50세,상해없음,승용,남,51세,상해없음
2012081200100474,2012년 8월 12일 21시,일요일,강원도 원주시 명륜동,경상사고,0,0,1,0,차대차 - 정면충돌,중앙선침범,건조,맑음,교차로 - 교차로부근,승용,남,48세,상해없음,승용,여,36세,경상
2012081200100475,2012년 8월 12일 21시,일요일,강원도 원주시 단계동,경상사고,0,0,2,0,차대차 - 기타,기타,습기,비,교차로 - 교차로안,승용,남,47세,상해없음,승용,여,40세,경상
2012081200100500,2012년 8월 12일 22시,일요일,강원도 양구군 남면,중상사고,0,1,0,0,차대차 - 추돌 - 주정차중,안전운전불이행,습기,비,교차로 - 교차로안,승용,남,53세,상해없음,승용,여,25세,중상
2012081200100522,2012년 8월 12일 23시,일요일,강원도 춘천시 효자동,경상사고,0,0,2,0,차대차 - 추돌 - 진행중,안전운전불이행,습기,비,단일로 - 기타,승용,남,53세,상해없음,승용,남,22세,경상
2012081300100010,2012년 8월 13일 00시,월요일,강원도 동해시 평릉동,중상사고,0,2,0,0,차대차 - 측면직각충돌,중앙선침범,습기,비,교차로 - 교차로안,승용,여,43세,상해없음,승용,남,42세,중상
2012081300100033,2012년 8월 13일 02시,월요일,강원도 삼척시 당저동,경상사고,0,0,1,0,차대차 - 측면직각충돌,안전운전불이행,습기,비,교차로 - 교차로안,승용,남,62세,상해없음,승용,남,46세,상해없음
2012081300100051,2012년 8월 13일 05시,월요일,강원도 평창군 진부면,중상사고,0,1,0,0,차량단독 - 전도전복,안전운전불이행,습기,비,단일로 - 기타,승용,여,29세,상해없음,,,,
2012081300100064,2012년 8월 13일 06시,월요일,강원도 원주시 명륜동,경상사고,0,0,1,0,차대차 - 기타,안전운전불이행,습기,비,단일로 - 기타,기타불명,기타불명,기타불명,기타불명,원동기,남,16세,경상
2012081300100080,2012년 8월 13일 07시,월요일,강원도 횡성군 우천면,중상사고,0,1,0,0,차량단독 - 공작물충돌,안전운전불이행,습기,비,단일로 - 기타,승용,남,52세,상해없음,,,,
2012081300100187,2012년 8월 13일 11시,월요일,강원도 홍천군 화촌면,중상사고,0,2,1,0,차대차 - 기타,중앙선침범,건조,맑음,단일로 - 기타,승용,여,53세,중상,승용,남,49세,경상
2012081300100223,2012년 8월 13일 12시,월요일,강원도 춘천시 소양로1가,경상사고,0,0,1,0,차대차 - 추돌 - 주정차중,기타,건조,맑음,교차로 - 교차로부근,승용,남,53세,상해없음,승용,남,39세,경상
2012081300100255,2012년 8월 13일 13시,월요일,강원도 원주시 태장동,경상사고,0,0,1,0,차대차 - 측면직각충돌,안전운전불이행,건조,맑음,교차로 - 교차로부근,화물,남,27세,상해없음,자전거,남,47세,경상
2012081300100283,2012년 8월 13일 14시,월요일,강원도 양양군 양양읍,경상사고,0,0,3,0,차대차 - 측면직각충돌,중앙선침범,습기,비,단일로 - 기타,화물,여,41세,상해없음,승용,남,39세,경상
2012081300100284,2012년 8월 13일 14시,월요일,강원도 평창군 대관령면,중상사고,0,4,0,0,차대차 - 추돌 - 진행중,안전거리미확보,습기,흐림,단일로 - 기타,화물,남,31세,상해없음,승용,남,35세,중상
2012081300100324,2012년 8월 13일 15시,월요일,강원도 원주시 판부면,경상사고,0,0,1,0,차대차 - 측면직각충돌,신호위반,건조,흐림,교차로 - 교차로안,승용,여,53세,상해없음,승용,남,76세,경상
2012081300100325,2012년 8월 13일 15시,월요일,강원도 평창군 용평면,중상사고,0,1,3,0,차대차 - 추돌 - 진행중,안전운전불이행,건조,맑음,단일로 - 기타,승용,남,31세,상해없음,승용,여,54세,경상
2012081300100326,2012년 8월 13일 15시,월요일,강원도 동해시 발한동,중상사고,0,1,1,0,차대차 - 기타,직진우회전진행방해,습기,비,교차로 - 교차로부근,승용,여,33세,상해없음,승용,남,56세,상해없음
2012081300100327,2012년 8월 13일 15시,월요일,강원도 춘천시 동산면,경상사고,0,0,2,0,차대차 - 추돌 - 진행중,안전운전불이행,건조,맑음,단일로 - 기타,승합,남,49세,상해없음,승용,남,32세,경상
2012081300100363,2012년 8월 13일 16시,월요일,강원도 평창군 미탄면,경상사고,0,0,2,0,차대차 - 정면충돌,중앙선침범,건조,맑음,단일로 - 기타,화물,남,51세,상해없음,승용,여,59세,경상
2012081300100364,2012년 8월 13일 16시,월요일,강원도 양구군 양구읍,중상사고,0,1,0,0,차대차 - 측면직각충돌,안전운전불이행,건조,맑음,교차로 - 교차로안,승용,남,46세,상해없음,자전거,남,12세,중상
2012081300100398,2012년 8월 13일 17시,월요일,강원도 태백시 황지동,중상사고,0,1,1,0,차대차 - 기타,안전거리미확보,습기,비,교차로 - 교차로안,승용,남,54세,상해없음,화물,남,53세,경상
2012081300100433,2012년 8월 13일 18시,월요일,강원도 원주시 흥업면,경상사고,0,0,1,0,차대차 - 추돌 - 진행중,안전운전불이행,건조,맑음,단일로 - 기타,승용,남,42세,상해없음,승용,남,41세,경상
2012081300100481,2012년 8월 13일 19시,월요일,강원도 원주시 문막읍,경상사고,0,0,4,0,차대차 - 측면직각충돌,중앙선침범,건조,맑음,교차로 - 교차로안,원동기,남,16세,상해없음,승용,남,37세,경상
2012081300100482,2012년 8월 13일 19시,월요일,강원도 원주시 단구동,경상사고,0,0,1,0,차대차 - 기타,신호위반,습기,흐림,교차로 - 교차로부근,승용,남,60세,상해없음,원동기,남,18세,경상
2012081300100517,2012년 8월 13일 20시,월요일,강원도 춘천시 퇴계동,부상신고사고,0,0,0,1,차대차 - 추돌 - 진행중,안전거리미확보,건조,맑음,단일로 - 기타,승용,남,24세,상해없음,화물,남,44세,상해없음
2012081300100553,2012년 8월 13일 21시,월요일,강원도 춘천시 온의동,경상사고,0,0,1,0,차대차 - 추돌 - 주정차중,안전운전불이행,건조,맑음,교차로 - 교차로부근,승용,남,45세,상해없음,승용,여,48세,경상
2012081300100554,2012년 8월 13일 21시,월요일,강원도 춘천시 사북면,중상사고,0,1,0,0,차대사람 - 기타,안전운전불이행,건조,맑음,단일로 - 기타,승용,남,31세,상해없음,보행자,남,44세,중상
2012081300100555,2012년 8월 13일 21시,월요일,강원도 원주시 단구동,중상사고,0,1,0,0,차대사람 - 횡단중,보행자보호의무위반,건조,맑음,교차로 - 교차로안,승용,남,20세,상해없음,보행자,여,48세,중상
2012081300100580,2012년 8월 13일 22시,월요일,강원도 춘천시 후평동,경상사고,0,0,2,0,차대차 - 측면직각충돌,안전거리미확보,건조,맑음,교차로 - 교차로안,승용,남,49세,상해없음,승용,남,44세,경상
2012081300100582,2012년 8월 13일 22시,월요일,강원도 홍천군 서면,경상사고,0,0,1,0,차대차 - 정면충돌,중앙선침범,건조,맑음,단일로 - 교량,승용,남,31세,상해없음,승용,남,36세,경상
2012081300100607,2012년 8월 13일 23시,월요일,강원도 강릉시 주문진읍,중상사고,0,1,0,0,차량단독 - 공작물충돌,안전운전불이행,건조,흐림,단일로 - 기타,승용,남,35세,상해없음,,,,
2012081400100042,2012년 8월 14일 02시,화요일,강원도 춘천시 후평동,경상사고,0,0,1,0,차대사람 - 차도통행중,안전운전불이행,건조,맑음,교차로 - 교차로안,승용,남,58세,상해없음,보행자,남,42세,경상
2012081400100043,2012년 8월 14일 02시,화요일,강원도 강릉시 저동,중상사고,0,1,1,0,차대차 - 추돌 - 주정차중,안전운전불이행,건조,맑음,단일로 - 기타,화물,남,41세,상해없음,승용,여,32세,기타불명
2012081400100107,2012년 8월 14일 07시,화요일,강원도 원주시 단구동,부상신고사고,0,0,0,1,차대사람 - 기타,안전운전불이행,건조,맑음,단일로 - 기타,기타불명,기타불명,기타불명,기타불명,보행자,여,16세,부상신고
2012081400100126,2012년 8월 14일 08시,화요일,강원도 양양군 현남면,중상사고,0,1,0,0,차대차 - 추돌 - 진행중,안전운전불이행,건조,맑음,단일로 - 기타,화물,여,58세,상해없음,이륜,남,61세,중상
2012081400100153,2012년 8월 14일 09시,화요일,강원도 춘천시 후평동,경상사고,0,0,1,0,차대차 - 추돌 - 진행중,안전운전불이행,건조,맑음,단일로 - 기타,승용,여,50세,상해없음,승용,남,58세,상해없음
2012081400100154,2012년 8월 14일 09시,화요일,강원도 강릉시 회산동,사망사고,1,0,1,0,차대차 - 측면직각충돌,과속,건조,맑음,단일로 - 기타,승합,남,32세,경상,승용,여,51세,사망
2012081400100199,2012년 8월 14일 11시,화요일,강원도 춘천시 온의동,중상사고,0,1,1,0,차대차 - 측면직각충돌,신호위반,건조,맑음,교차로 - 교차로안,승용,남,59세,상해없음,승용,남,59세,경상
2012081400100235,2012년 8월 14일 12시,화요일,강원도 원주시 행구동,경상사고,0,0,2,0,차대차 - 측면직각충돌,교차로운행방법위반,건조,맑음,교차로 - 교차로안,승용,여,40세,경상,승용,남,38세,경상
2012081400100265,2012년 8월 14일 13시,화요일,강원도 동해시 효가동,경상사고,0,0,4,0,차대차 - 추돌 - 진행중,안전거리미확보,건조,맑음,단일로 - 기타,화물,남,42세,상해없음,승용,남,38세,상해없음
2012081400100291,2012년 8월 14일 14시,화요일,강원도 원주시 단계동,경상사고,0,0,2,0,차대차 - 측면직각충돌,신호위반,건조,맑음,교차로 - 교차로안,승용,남,54세,상해없음,승용,남,49세,경상
2012081400100292,2012년 8월 14일 14시,화요일,강원도 원주시 흥업면,중상사고,0,2,1,0,차대차 - 측면직각충돌,신호위반,건조,맑음,교차로 - 교차로안,화물,남,51세,경상,승합,여,45세,중상
2012081400100293,2012년 8월 14일 14시,화요일,강원도 속초시 조양동,경상사고,0,0,1,0,차대차 - 추돌 - 진행중,안전운전불이행,건조,맑음,단일로 - 기타,승용,여,28세,상해없음,승용,여,57세,경상
2012081400100315,2012년 8월 14일 15시,화요일,강원도 양구군 방산면,사망사고,1,2,1,0,차량단독 - 공작물충돌,안전운전불이행,건조,맑음,단일로 - 기타,승용,남,49세,경상,,,,
2012081400100356,2012년 8월 14일 16시,화요일,강원도 원주시 반곡동,중상사고,0,1,0,0,차대차 - 추돌 - 주정차중,안전운전불이행,건조,맑음,교차로 - 교차로부근,승용,여,47세,상해없음,승용,남,49세,중상
2012081400100357,2012년 8월 14일 16시,화요일,강원도 정선군 여량면,경상사고,0,0,1,0,차대사람 - 기타,안전운전불이행,건조,맑음,기타 - 기타,승용,남,53세,상해없음,보행자,여,79세,경상
2012081400100382,2012년 8월 14일 17시,화요일,강원도 원주시 무실동,중상사고,0,1,1,0,차대차 - 측면직각충돌,교차로운행방법위반,건조,맑음,교차로 - 교차로안,승용,여,63세,경상,승용,남,60세,상해없음
2012081400100383,2012년 8월 14일 17시,화요일,강원도 화천군 사내면,중상사고,0,2,0,0,차대차 - 측면직각충돌,직진우회전진행방해,건조,맑음,교차로 - 교차로안,화물,남,21세,상해없음,승용,남,30세,중상
2012081400100422,2012년 8월 14일 18시,화요일,강원도 원주시 일산동,경상사고,0,0,1,2,차대차 - 측면직각충돌,직진우회전진행방해,건조,맑음,교차로 - 교차로안,승용,여,51세,상해없음,승용,남,35세,경상
2012081400100508,2012년 8월 14일 20시,화요일,강원도 정선군 임계면,경상사고,0,0,3,0,차대차 - 측면직각충돌,교차로운행방법위반,습기,흐림,교차로 - 교차로안,승용,남,38세,상해없음,화물,남,55세,경상
2012081400100558,2012년 8월 14일 21시,화요일,강원도 원주시 단구동,중상사고,0,1,3,0,차대차 - 측면직각충돌,신호위반,건조,맑음,교차로 - 교차로안,승용,남,33세,경상,승용,남,29세,중상
2012081400100559,2012년 8월 14일 21시,화요일,강원도 속초시 조양동,경상사고,0,0,2,0,차대차 - 측면직각충돌,신호위반,건조,맑음,교차로 - 교차로안,승용,여,20세,상해없음,승용,여,32세,경상
2012081400100610,2012년 8월 14일 22시,화요일,강원도 홍천군 서면,경상사고,0,0,4,0,차대차 - 기타,중앙선침범,습기,비,단일로 - 기타,화물,남,51세,상해없음,승용,남,33세,경상
2012081400100646,2012년 8월 14일 23시,화요일,강원도 춘천시 석사동,경상사고,0,0,2,1,차대차 - 기타,안전거리미확보,습기,비,단일로 - 기타,승용,여,55세,상해없음,화물,남,48세,경상
2012081400100647,2012년 8월 14일 23시,화요일,강원도 강릉시 교동,경상사고,0,0,2,0,차대차 - 측면직각충돌,신호위반,습기,비,교차로 - 교차로안,승용,여,22세,상해없음,승용,여,37세,경상
2012081500100028,2012년 8월 15일 00시,수요일,강원도 춘천시 석사동,경상사고,0,0,1,0,차대차 - 측면직각충돌,안전운전불이행,건조,맑음,단일로 - 기타,승용,남,39세,상해없음,승용,남,37세,경상
2012081500100029,2012년 8월 15일 00시,수요일,강원도 속초시 청학동,경상사고,0,0,1,0,차량단독 - 기타,안전운전불이행,건조,맑음,단일로 - 기타,승용,남,48세,상해없음,,,,
2012081500100071,2012년 8월 15일 01시,수요일,강원도 춘천시 서면,중상사고,0,1,0,0,차대차 - 추돌 - 진행중,안전운전불이행,습기,비,단일로 - 기타,이륜,남,25세,중상,이륜,남,25세,상해없음
2012081500100107,2012년 8월 15일 02시,수요일,강원도 춘천시 석사동,경상사고,0,0,1,0,차대차 - 추돌 - 진행중,안전운전불이행,습기,비,단일로 - 기타,승용,남,45세,상해없음,이륜,남,18세,경상
2012081500100108,2012년 8월 15일 02시,수요일,강원도 강릉시 교동,경상사고,0,0,1,0,차대차 - 측면직각충돌,안전운전불이행,습기,비,단일로 - 기타,승용,남,37세,상해없음,화물,남,60세,경상
2012081500100151,2012년 8월 15일 03시,수요일,강원도 원주시 무실동,경상사고,0,0,1,0,차량단독 - 공작물충돌,안전운전불이행,습기,흐림,단일로 - 기타,승용,남,30세,상해없음,,,,
2012081500100187,2012년 8월 15일 05시,수요일,강원도 춘천시 온의동,중상사고,0,1,0,0,차량단독 - 공작물충돌,과속,습기,비,단일로 - 기타,승용,남,54세,상해없음,,,,
2012081500100188,2012년 8월 15일 05시,수요일,강원도 원주시 단구동,부상신고사고,0,0,0,1,차대차 - 측면직각충돌,교차로운행방법위반,습기,비,교차로 - 교차로안,승용,남,19세,상해없음,승용,남,36세,상해없음
2012081500100211,2012년 8월 15일 06시,수요일,강원도 원주시 단계동,경상사고,0,0,1,0,차대차 - 측면직각충돌,직진우회전진행방해,습기,비,교차로 - 교차로안,승용,남,39세,상해없음,승용,남,81세,경상
2012081500100222,2012년 8월 15일 07시,수요일,강원도 춘천시 후평동,경상사고,0,0,1,0,차대차 - 측면직각충돌,안전운전불이행,습기,비,단일로 - 기타,승용,남,65세,상해없음,승합,남,51세,경상
2012081500100256,2012년 8월 15일 09시,수요일,강원도 횡성군 횡성읍,중상사고,0,3,1,1,차대차 - 측면직각충돌,교차로운행방법위반,습기,흐림,교차로 - 교차로안,승용,남,61세,상해없음,승용,남,51세,경상
2012081500100290,2012년 8월 15일 11시,수요일,강원도 삼척시 남양동,경상사고,0,0,1,0,차대차 - 정면충돌,안전운전불이행,건조,흐림,단일로 - 기타,자전거,남,10세,경상,승용,여,60세,상해없음
2012081500100325,2012년 8월 15일 13시,수요일,강원도 춘천시 남산면,중상사고,0,2,0,0,차량단독 - 공작물충돌,안전운전불이행,습기,비,단일로 - 기타,승용,남,60세,상해없음,,,,
2012081500100326,2012년 8월 15일 13시,수요일,강원도 원주시 소초면,중상사고,0,3,0,0,차대차 - 기타,중앙선침범,습기,비,단일로 - 기타,화물,남,45세,상해없음,승용,남,47세,중상
2012081500100347,2012년 8월 15일 14시,수요일,강원도 속초시 청호동,경상사고,0,0,1,0,차대차 - 추돌 - 진행중,안전운전불이행,습기,비,단일로 - 기타,승용,여,56세,상해없음,화물,남,37세,경상
2012081500100364,2012년 8월 15일 15시,수요일,강원도 인제군 북면,중상사고,0,1,1,0,차량단독 - 전도전복,안전운전불이행,건조,맑음,단일로 - 기타,승용,남,62세,상해없음,,,,
2012081500100385,2012년 8월 15일 16시,수요일,강원도 춘천시 사북면,경상사고,0,0,1,0,차대차 - 측면직각충돌,안전운전불이행,습기,비,단일로 - 기타,승용,남,49세,상해없음,승용,남,37세,경상
2012081500100386,2012년 8월 15일 16시,수요일,강원도 춘천시 퇴계동,부상신고사고,0,0,0,1,차대사람 - 횡단중,보행자보호의무위반,습기,비,단일로 - 기타,승용,남,36세,상해없음,보행자,남,29세,부상신고
2012081500100387,2012년 8월 15일 16시,수요일,강원도 강릉시 교동,경상사고,0,0,1,0,차대차 - 추돌 - 진행중,안전운전불이행,습기,비,단일로 - 기타,승용,여,35세,상해없음,원동기,남,22세,경상
2012081500100388,2012년 8월 15일 16시,수요일,강원도 횡성군 둔내면,경상사고,0,0,1,0,차대차 - 정면충돌,중앙선침범,습기,비,단일로 - 기타,화물,남,46세,상해없음,승용,남,54세,경상
2012081500100401,2012년 8월 15일 17시,수요일,강원도 춘천시 소양로1가,경상사고,0,0,1,0,차대사람 - 횡단중,보행자보호의무위반,습기,비,단일로 - 횡단보도상,승용,여,24세,상해없음,보행자,남,54세,경상
2012081500100402,2012년 8월 15일 17시,수요일,강원도 속초시 노학동,경상사고,0,0,2,0,차대차 - 추돌 - 진행중,안전운전불이행,습기,비,교차로 - 교차로부근,승용,남,57세,상해없음,승용,남,31세,경상
2012081500100403,2012년 8월 15일 17시,수요일,강원도 횡성군 횡성읍,경상사고,0,0,1,1,차대사람 - 횡단중,안전운전불이행,습기,비,교차로 - 교차로안,승용,남,58세,상해없음,보행자,여,16세,부상신고
2012081500100424,2012년 8월 15일 18시,수요일,강원도 강릉시 송정동,경상사고,0,0,1,0,차대차 - 기타,안전운전불이행,습기,비,기타 - 기타,승용,남,58세,상해없음,승용,여,38세,경상
2012081500100453,2012년 8월 15일 19시,수요일,강원도 홍천군 홍천읍,경상사고,0,0,2,0,차대차 - 측면직각충돌,교차로운행방법위반,습기,맑음,교차로 - 교차로안,승용,남,22세,상해없음,승용,여,33세,경상
2012081500100500,2012년 8월 15일 20시,수요일,강원도 속초시 교동,경상사고,0,0,2,0,차대차 - 추돌 - 진행중,안전거리미확보,습기,흐림,단일로 - 기타,승용,남,58세,상해없음,승용,남,50세,경상
2012081500100541,2012년 8월 15일 21시,수요일,강원도 춘천시 퇴계동,경상사고,0,0,1,0,차대차 - 측면직각충돌,중앙선침범,습기,흐림,교차로 - 교차로부근,승용,남,37세,상해없음,이륜,남,18세,경상