사고번호,사고일시,요일,시군구,사고내용,사망자수,중상자수,경상자수,부상신고자수,사고유형,법규위반,노면상태,기상상태,도로형태,가해운전자 차종,가해운전자 성별,가해운전자 연령,가해운전자 상해정도,피해운전자 차종,피해운전자 성별,피해운전자 연령,피해운전자 상해정도
2012081500100542,2012년 8월 15일 21시,수요일,강원도 춘천시 효자동,중상사고,0,1,0,0,차대차 - 측면직각충돌,교차로운행방법위반,건조,흐림,교차로 - 교차로안,승용,여,41세,상해없음,이륜,남,19세,중상
2012081500100543,2012년 8월 15일 21시,수요일,강원도 원주시 단구동,경상사고,0,0,1,0,차대차 - 추돌 - 주정차중,안전거리미확보,습기,비,교차로 - 교차로부근,기타불명,남,12세,기타불명,승용,남,42세,경상
2012081500100544,2012년 8월 15일 21시,수요일,강원도 원주시 단구동,중상사고,0,1,0,0,차대사람 - 횡단중,보행자보호의무위반,습기,비,단일로 - 횡단보도상,승용,남,54세,상해없음,보행자,여,45세,중상
2012081500100545,2012년 8월 15일 21시,수요일,강원도 속초시 교동,경상사고,0,0,1,0,차대사람 - 횡단중,안전운전불이행,건조,맑음,교차로 - 교차로부근,승용,남,59세,상해없음,보행자,남,42세,경상
2012081500100546,2012년 8월 15일 21시,수요일,강원도 태백시 황지동,경상사고,0,0,3,0,차대차 - 측면직각충돌,교차로운행방법위반,습기,비,교차로 - 교차로안,승용,여,23세,상해없음,승용,남,52세,경상
2012081500100547,2012년 8월 15일 21시,수요일,강원도 원주시 문막읍,경상사고,0,0,2,0,차대차 - 추돌 - 진행중,안전운전불이행,습기,비,단일로 - 기타,승용,남,56세,상해없음,승용,여,32세,경상
2012081500100576,2012년 8월 15일 22시,수요일,강원도 홍천군 홍천읍,중상사고,0,1,1,0,차대사람 - 차도통행중,안전운전불이행,습기,흐림,교차로 - 교차로부근,승용,남,27세,상해없음,보행자,남,31세,중상
2012081500100577,2012년 8월 15일 22시,수요일,강원도 인제군 인제읍,사망사고,1,0,0,0,차대사람 - 횡단중,안전운전불이행,습기,비,단일로 - 기타,승용,남,33세,상해없음,보행자,남,88세,사망
2012081500100578,2012년 8월 15일 22시,수요일,강원도 양구군 해안면,중상사고,0,2,2,0,차량단독 - 공작물충돌,안전운전불이행,습기,맑음,단일로 - 기타,승용,남,37세,중상,,,,
2012081600100009,2012년 8월 16일 00시,목요일,강원도 원주시 단구동,경상사고,0,0,1,0,차대사람 - 기타,보행자보호의무위반,습기,비,단일로 - 기타,기타불명,기타불명,기타불명,기타불명,보행자,남,41세,경상
2012081600100023,2012년 8월 16일 01시,목요일,강원도 강릉시 포남동,경상사고,0,0,5,0,차대차 - 측면직각충돌,안전운전불이행,습기,비,단일로 - 기타,승용,남,55세,경상,승용,남,53세,경상
2012081600100114,2012년 8월 16일 08시,목요일,강원도 인제군 인제읍,중상사고,0,1,0,0,차대차 - 추돌 - 진행중,안전운전불이행,건조,맑음,단일로 - 터널,화물,남,54세,상해없음,화물,남,49세,중상
2012081600100144,2012년 8월 16일 09시,목요일,강원도 춘천시 교동,경상사고,0,0,1,0,차대사람 - 횡단중,보행자보호의무위반,건조,맑음,교차로 - 교차로부근,승용,여,69세,상해없음,보행자,여,5세,경상
2012081600100145,2012년 8월 16일 09시,목요일,강원도 속초시 교동,경상사고,0,0,1,0,차대차 - 정면충돌,중앙선침범,습기,비,단일로 - 기타,승용,여,50세,상해없음,승용,남,40세,경상
2012081600100167,2012년 8월 16일 10시,목요일,강원도 삼척시 미로면,중상사고,0,1,1,0,차량단독 - 기타,안전운전불이행,습기,비,단일로 - 기타,승합,남,64세,경상,,,,
2012081600100168,2012년 8월 16일 10시,목요일,강원도 삼척시 사직동,경상사고,0,0,3,0,차대차 - 측면직각충돌,신호위반,습기,비,교차로 - 교차로안,승용,남,76세,경상,승합,남,52세,경상
2012081600100197,2012년 8월 16일 11시,목요일,강원도 춘천시 약사동,중상사고,0,1,1,0,차대사람 - 횡단중,보행자보호의무위반,건조,맑음,단일로 - 횡단보도상,승합,남,49세,상해없음,보행자,여,61세,중상
2012081600100198,2012년 8월 16일 11시,목요일,강원도 원주시 지정면,경상사고,0,0,4,0,차대차 - 측면직각충돌,직진우회전진행방해,건조,흐림,교차로 - 교차로안,승용,남,53세,상해없음,승용,여,54세,경상
2012081600100221,2012년 8월 16일 12시,목요일,강원도 춘천시 소양로1가,중상사고,0,1,0,0,차대사람 - 횡단중,보행자보호의무위반,건조,맑음,단일로 - 횡단보도상,승용,여,46세,상해없음,보행자,여,46세,중상
2012081600100222,2012년 8월 16일 12시,목요일,강원도 춘천시 후평동,경상사고,0,0,1,0,차대차 - 측면직각충돌,중앙선침범,건조,맑음,교차로 - 교차로안,승용,남,62세,상해없음,원동기,남,56세,경상
2012081600100223,2012년 8월 16일 12시,목요일,강원도 홍천군 홍천읍,경상사고,0,0,1,0,차대사람 - 기타,신호위반,건조,맑음,단일로 - 횡단보도상,승용,남,19세,상해없음,보행자,여,37세,경상
2012081600100250,2012년 8월 16일 13시,목요일,강원도 춘천시 삼천동,중상사고,0,1,0,0,차대차 - 추돌 - 진행중,안전운전불이행,건조,맑음,교차로 - 교차로부근,승용,여,36세,상해없음,이륜,남,76세,중상
2012081600100251,2012년 8월 16일 13시,목요일,강원도 영월군 영월읍,중상사고,0,2,0,0,차대사람 - 기타,안전운전불이행,건조,맑음,기타 - 기타,승용,여,26세,상해없음,보행자,여,42세,중상
2012081600100252,2012년 8월 16일 13시,목요일,강원도 영월군 중동면,경상사고,0,0,1,0,차대사람 - 횡단중,중앙선침범,건조,흐림,기타 - 기타,화물,남,35세,상해없음,보행자,여,72세,경상
2012081600100253,2012년 8월 16일 13시,목요일,강원도 동해시 효가동,경상사고,0,0,5,0,차량단독 - 기타,안전운전불이행,습기,비,교차로 - 교차로부근,승합,남,62세,상해없음,,,,
2012081600100278,2012년 8월 16일 14시,목요일,강원도 춘천시 효자동,경상사고,0,0,1,0,차대차 - 측면직각충돌,중앙선침범,건조,맑음,단일로 - 기타,원동기,남,30세,상해없음,자전거,남,44세,경상
2012081600100312,2012년 8월 16일 15시,목요일,강원도 속초시 중앙동,경상사고,0,0,1,0,차대사람 - 길가장자리구역통행중,안전운전불이행,건조,맑음,단일로 - 기타,승용,남,51세,상해없음,보행자,남,11세,경상
2012081600100313,2012년 8월 16일 15시,목요일,강원도 횡성군 횡성읍,경상사고,0,0,2,0,차대차 - 측면직각충돌,교차로운행방법위반,건조,흐림,교차로 - 교차로안,승용,남,71세,상해없음,승용,여,41세,경상
2012081600100344,2012년 8월 16일 16시,목요일,강원도 강릉시 왕산면,중상사고,0,2,2,0,차대차 - 정면충돌,중앙선침범,습기,비,단일로 - 기타,승용,남,38세,상해없음,화물,남,57세,경상
2012081600100345,2012년 8월 16일 16시,목요일,강원도 원주시 태장동,경상사고,0,0,1,0,차대사람 - 기타,안전운전불이행,건조,맑음,단일로 - 기타,승용,여,51세,상해없음,보행자,남,38세,경상
2012081600100375,2012년 8월 16일 17시,목요일,강원도 춘천시 퇴계동,중상사고,0,1,0,0,차대차 - 기타,안전운전불이행,건조,맑음,단일로 - 기타,승용,여,51세,상해없음,이륜,남,35세,중상
2012081600100376,2012년 8월 16일 17시,목요일,강원도 동해시 천곡동,경상사고,0,0,2,0,차대차 - 추돌 - 주정차중,안전거리미확보,습기,비,교차로 - 교차로부근,승용,남,50세,상해없음,승용,여,51세,경상
2012081600100404,2012년 8월 16일 18시,목요일,강원도 춘천시 온의동,경상사고,0,0,1,0,차대차 - 추돌 - 주정차중,안전운전불이행,건조,맑음,단일로 - 기타,승용,여,22세,상해없음,승용,남,56세,경상
2012081600100405,2012년 8월 16일 18시,목요일,강원도 강릉시 교동,경상사고,0,0,1,0,차대사람 - 기타,안전운전불이행,건조,맑음,단일로 - 기타,승용,남,46세,상해없음,보행자,남,30세,경상
2012081600100406,2012년 8월 16일 18시,목요일,강원도 고성군 토성면,경상사고,0,0,1,0,차대차 - 추돌 - 주정차중,안전운전불이행,건조,맑음,단일로 - 기타,승용,남,54세,상해없음,승용,남,53세,경상
2012081600100453,2012년 8월 16일 19시,목요일,강원도 강릉시 견소동,경상사고,0,0,1,0,차대사람 - 기타,안전운전불이행,습기,안개,단일로 - 기타,승용,남,20세,상해없음,보행자,여,23세,경상
2012081600100454,2012년 8월 16일 19시,목요일,강원도 강릉시 사천면,경상사고,0,0,2,0,차대차 - 추돌 - 진행중,안전운전불이행,습기,비,단일로 - 기타,승용,남,59세,상해없음,승합,남,41세,경상
2012081600100485,2012년 8월 16일 20시,목요일,강원도 속초시 교동,경상사고,0,0,1,0,차대차 - 측면직각충돌,교차로운행방법위반,건조,흐림,교차로 - 교차로안,승용,남,47세,상해없음,승용,남,57세,경상
2012081600100486,2012년 8월 16일 20시,목요일,강원도 홍천군 홍천읍,경상사고,0,0,1,0,차대차 - 기타,교차로운행방법위반,건조,맑음,교차로 - 교차로안,승용,여,48세,상해없음,원동기,남,16세,경상
2012081700100011,2012년 8월 17일 00시,금요일,강원도 강릉시 임당동,경상사고,0,0,2,0,차대차 - 추돌 - 진행중,안전운전불이행,습기,비,교차로 - 교차로부근,승용,남,26세,상해없음,승용,여,30세,경상
2012081700100012,2012년 8월 17일 00시,금요일,강원도 속초시 동명동,경상사고,0,0,2,0,차대차 - 측면직각충돌,중앙선침범,건조,흐림,단일로 - 기타,승용,남,29세,상해없음,승용,남,31세,경상
2012081700100026,2012년 8월 17일 01시,금요일,강원도 원주시 학성동,중상사고,0,1,0,0,차대차 - 기타,안전운전불이행,건조,맑음,교차로 - 교차로안,승용,남,18세,상해없음,승용,남,31세,중상
2012081700100040,2012년 8월 17일 03시,금요일,강원도 홍천군 홍천읍,중상사고,0,2,1,0,차량단독 - 공작물충돌,안전운전불이행,습기,흐림,단일로 - 기타,승용,남,18세,상해없음,,,,
2012081700100077,2012년 8월 17일 06시,금요일,강원도 철원군 동송읍,중상사고,0,1,1,0,차대차 - 측면직각충돌,교차로운행방법위반,건조,맑음,교차로 - 교차로안,승용,남,26세,상해없음,이륜,남,72세,경상
2012081700100112,2012년 8월 17일 08시,금요일,강원도 강릉시 포남동,경상사고,0,0,1,0,차대차 - 측면직각충돌,교차로운행방법위반,건조,맑음,교차로 - 교차로안,승용,남,52세,상해없음,이륜,남,43세,경상
2012081700100137,2012년 8월 17일 09시,금요일,강원도 강릉시 포남동,경상사고,0,0,1,0,차대차 - 측면직각충돌,안전운전불이행,건조,맑음,교차로 - 교차로부근,승용,여,52세,상해없음,자전거,남,71세,경상
2012081700100177,2012년 8월 17일 11시,금요일,강원도 원주시 단계동,중상사고,0,1,2,0,차대차 - 측면직각충돌,교차로운행방법위반,건조,맑음,교차로 - 교차로안,승용,남,28세,경상,화물,남,28세,경상
2012081700100215,2012년 8월 17일 12시,금요일,강원도 정선군 남면,경상사고,0,0,1,0,차대차 - 측면직각충돌,중앙선침범,건조,맑음,단일로 - 기타,승용,남,61세,상해없음,승용,남,18세,경상
2012081700100216,2012년 8월 17일 12시,금요일,강원도 인제군 북면,경상사고,0,0,3,2,차대차 - 추돌 - 진행중,안전운전불이행,건조,맑음,교차로 - 교차로부근,승용,남,53세,상해없음,승합,남,61세,부상신고
2012081700100238,2012년 8월 17일 13시,금요일,강원도 원주시 호저면,중상사고,0,1,0,0,차대차 - 측면직각충돌,교차로운행방법위반,건조,맑음,교차로 - 교차로안,승용,남,40세,상해없음,화물,남,60세,중상
2012081700100239,2012년 8월 17일 13시,금요일,강원도 고성군 현내면,경상사고,0,0,1,1,차대차 - 측면직각충돌,안전운전불이행,건조,흐림,단일로 - 기타,승용,남,45세,상해없음,승용,남,47세,경상
2012081700100240,2012년 8월 17일 13시,금요일,강원도 원주시 우산동,중상사고,0,2,2,0,차대차 - 추돌 - 진행중,안전거리미확보,건조,맑음,단일로 - 기타,화물,남,38세,상해없음,승용,남,39세,경상
2012081700100262,2012년 8월 17일 14시,금요일,강원도 강릉시 연곡면,경상사고,0,0,1,0,차대차 - 측면직각충돌,안전운전불이행,건조,맑음,교차로 - 교차로부근,승용,남,38세,상해없음,승용,남,31세,경상
2012081700100263,2012년 8월 17일 14시,금요일,강원도 양양군 서면,중상사고,0,2,1,0,차대차 - 측면직각충돌,직진우회전진행방해,건조,맑음,교차로 - 교차로안,승용,남,40세,상해없음,승용,남,58세,경상
2012081700100290,2012년 8월 17일 15시,금요일,강원도 춘천시 효자동,경상사고,0,0,1,0,차대차 - 측면직각충돌,안전운전불이행,건조,맑음,단일로 - 기타,승용,여,45세,상해없음,자전거,여,34세,경상
2012081700100291,2012년 8월 17일 15시,금요일,강원도 양양군 서면,경상사고,0,0,1,0,차대차 - 측면직각충돌,안전운전불이행,건조,맑음,교차로 - 교차로부근,화물,남,56세,상해없음,승용,여,32세,경상
2012081700100325,2012년 8월 17일 16시,금요일,강원도 원주시 단계동,경상사고,0,0,2,0,차대차 - 기타,안전운전불이행,습기,비,교차로 - 교차로안,승용,기타불명,기타불명,기타불명,승용,남,36세,경상
2012081700100326,2012년 8월 17일 16시,금요일,강원도 속초시 노학동,중상사고,0,1,3,0,차대차 - 측면직각충돌,교차로운행방법위반,건조,맑음,교차로 - 교차로안,승용,여,52세,상해없음,화물,남,41세,상해없음
2012081700100327,2012년 8월 17일 16시,금요일,강원도 홍천군 홍천읍,중상사고,0,1,2,0,차대차 - 기타,안전거리미확보,건조,맑음,단일로 - 기타,승합,남,54세,상해없음,승용,여,41세,중상
2012081700100363,2012년 8월 17일 17시,금요일,강원도 동해시 용정동,경상사고,0,0,1,0,차대차 - 기타,안전운전불이행,건조,맑음,단일로 - 기타,화물,남,57세,상해없음,승용,남,42세,상해없음
2012081700100442,2012년 8월 17일 19시,금요일,강원도 춘천시 후평동,경상사고,0,0,1,0,차대차 - 추돌 - 진행중,안전거리미확보,습기,비,단일로 - 기타,승용,여,26세,상해없음,승용,남,55세,경상
2012081700100443,2012년 8월 17일 19시,금요일,강원도 춘천시 사농동,경상사고,0,0,2,0,차대차 - 측면직각충돌,안전운전불이행,건조,맑음,단일로 - 기타,승합,남,51세,상해없음,승용,여,50세,경상
2012081700100444,2012년 8월 17일 19시,금요일,강원도 강릉시 홍제동,경상사고,0,0,3,0,차대차 - 추돌 - 주정차중,안전거리미확보,건조,흐림,교차로 - 교차로부근,화물,남,51세,상해없음,승용,남,41세,경상
2012081700100445,2012년 8월 17일 19시,금요일,강원도 양양군 강현면,경상사고,0,0,7,0,차대차 - 추돌 - 주정차중,안전운전불이행,습기,비,교차로 - 교차로부근,승용,여,42세,상해없음,승용,여,45세,경상
2012081700100446,2012년 8월 17일 19시,금요일,강원도 인제군 인제읍,중상사고,0,1,0,0,차대사람 - 길가장자리구역통행중,안전운전불이행,건조,맑음,단일로 - 기타,특수,남,55세,상해없음,보행자,남,50세,중상
2012081700100525,2012년 8월 17일 21시,금요일,강원도 횡성군 청일면,중상사고,0,1,0,0,차량단독 - 도로외이탈 - 추락,안전운전불이행,건조,맑음,단일로 - 기타,화물,남,24세,상해없음,,,,
2012081700100563,2012년 8월 17일 22시,금요일,강원도 춘천시 신동면,사망사고,1,0,0,0,차대사람 - 횡단중,안전운전불이행,건조,맑음,단일로 - 기타,승용,남,51세,상해없음,보행자,여,82세,사망
2012081700100564,2012년 8월 17일 22시,금요일,강원도 속초시 교동,중상사고,0,2,0,0,차대차 - 추돌 - 주정차중,안전운전불이행,건조,맑음,교차로 - 교차로안,승용,남,35세,상해없음,승용,남,25세,중상
2012081800100010,2012년 8월 18일 00시,토요일,강원도 원주시 명륜동,중상사고,0,1,0,0,차량단독 - 공작물충돌,안전운전불이행,건조,맑음,단일로 - 기타,승용,남,28세,중상,,,,
2012081800100063,2012년 8월 18일 02시,토요일,강원도 동해시 천곡동,경상사고,0,0,1,0,차대차 - 측면직각충돌,교차로운행방법위반,건조,맑음,교차로 - 교차로안,승용,남,30세,상해없음,승용,남,68세,경상
2012081800100083,2012년 8월 18일 03시,토요일,강원도 원주시 단계동,중상사고,0,1,1,0,차대차 - 추돌 - 주정차중,안전운전불이행,건조,맑음,교차로 - 교차로부근,승용,남,29세,상해없음,화물,여,49세,중상
2012081800100111,2012년 8월 18일 05시,토요일,강원도 원주시 개운동,경상사고,0,0,2,0,차대차 - 측면직각충돌,교차로운행방법위반,기타,맑음,교차로 - 교차로안,승용,남,59세,상해없음,승용,여,32세,경상
2012081800100126,2012년 8월 18일 06시,토요일,강원도 고성군 죽왕면,부상신고사고,0,0,0,1,차대차 - 추돌 - 진행중,안전운전불이행,건조,맑음,교차로 - 교차로부근,승용,남,26세,상해없음,화물,남,51세,부상신고
2012081800100174,2012년 8월 18일 09시,토요일,강원도 원주시 호저면,경상사고,0,0,2,0,차대차 - 측면직각충돌,안전거리미확보,건조,맑음,단일로 - 기타,승용,여,45세,상해없음,승용,남,51세,경상
2012081800100175,2012년 8월 18일 09시,토요일,강원도 원주시 단구동,경상사고,0,0,1,0,차대사람 - 횡단중,보행자보호의무위반,건조,맑음,단일로 - 횡단보도부근,화물,남,43세,상해없음,보행자,남,9세,경상
2012081800100176,2012년 8월 18일 09시,토요일,강원도 삼척시 근덕면,중상사고,0,1,2,0,차대차 - 측면직각충돌,안전운전불이행,건조,맑음,단일로 - 기타,승용,남,30세,상해없음,승용,남,66세,경상
2012081800100193,2012년 8월 18일 10시,토요일,강원도 춘천시 효자동,중상사고,0,1,0,0,차대차 - 측면직각충돌,중앙선침범,건조,맑음,단일로 - 기타,승용,여,28세,상해없음,승용,여,59세,중상
2012081800100194,2012년 8월 18일 10시,토요일,강원도 강릉시 회산동,경상사고,0,0,1,0,차대차 - 측면직각충돌,중앙선침범,건조,맑음,단일로 - 기타,승용,남,71세,상해없음,승합,남,39세,상해없음
2012081800100216,2012년 8월 18일 11시,토요일,강원도 양구군 양구읍,중상사고,0,1,1,0,차대차 - 측면직각충돌,안전거리미확보,건조,맑음,교차로 - 교차로안,원동기,남,68세,경상,승용,여,48세,상해없음
2012081800100242,2012년 8월 18일 12시,토요일,강원도 춘천시 석사동,경상사고,0,0,1,0,차대차 - 추돌 - 주정차중,안전운전불이행,건조,맑음,단일로 - 기타,기타불명,기타불명,기타불명,기타불명,승용,여,52세,경상
2012081800100243,2012년 8월 18일 12시,토요일,강원도 춘천시 퇴계동,경상사고,0,0,1,1,차대차 - 추돌 - 주정차중,안전운전불이행,건조,맑음,교차로 - 교차로부근,승용,남,49세,상해없음,승용,남,43세,상해없음
2012081800100244,2012년 8월 18일 12시,토요일,강원도 원주시 단구동,경상사고,0,0,1,0,차대차 - 측면직각충돌,안전운전불이행,습기,비,교차로 - 교차로부근,이륜,남,22세,상해없음,자전거,남,71세,경상
2012081800100245,2012년 8월 18일 12시,토요일,강원도 홍천군 서면,중상사고,0,1,0,0,차대사람 - 기타,안전운전불이행,건조,맑음,단일로 - 기타,승합,남,53세,상해없음,보행자,여,52세,중상
2012081800100277,2012년 8월 18일 13시,토요일,강원도 태백시 황지동,경상사고,0,0,1,0,차대차 - 추돌 - 진행중,안전거리미확보,건조,맑음,단일로 - 기타,승용,남,40세,상해없음,승용,남,58세,경상
2012081800100278,2012년 8월 18일 13시,토요일,강원도 고성군 토성면,경상사고,0,0,2,0,차대차 - 측면직각충돌,안전운전불이행,건조,맑음,교차로 - 교차로부근,승용,남,53세,상해없음,승용,남,39세,경상
2012081800100279,2012년 8월 18일 13시,토요일,강원도 철원군 갈말읍,중상사고,0,1,1,0,차대차 - 측면직각충돌,교차로운행방법위반,건조,맑음,교차로 - 교차로부근,승용,여,49세,상해없음,승용,여,30세,상해없음
2012081800100340,2012년 8월 18일 15시,토요일,강원도 삼척시 남양동,경상사고,0,0,1,0,차대차 - 추돌 - 주정차중,안전운전불이행,건조,맑음,단일로 - 기타,승용,남,33세,상해없음,화물,남,71세,경상
2012081800100341,2012년 8월 18일 15시,토요일,강원도 동해시 천곡동,중상사고,0,1,0,0,차대사람 - 횡단중,안전운전불이행,건조,맑음,교차로 - 교차로안,승용,남,29세,상해없음,보행자,남,67세,중상
2012081800100377,2012년 8월 18일 16시,토요일,강원도 춘천시 효자동,경상사고,0,0,2,0,차대차 - 측면직각충돌,안전거리미확보,건조,흐림,단일로 - 기타,화물,남,43세,상해없음,승용,남,25세,경상
2012081800100406,2012년 8월 18일 17시,토요일,강원도 춘천시 남면,중상사고,0,1,0,0,차대사람 - 기타,안전운전불이행,건조,맑음,단일로 - 기타,화물,남,40세,상해없음,보행자,남,60세,중상
2012081800100470,2012년 8월 18일 19시,토요일,강원도 춘천시 후평동,경상사고,0,0,1,0,차대차 - 기타,안전운전불이행,습기,비,교차로 - 교차로안,승용,남,57세,상해없음,승용,남,56세,경상
2012081800100471,2012년 8월 18일 19시,토요일,강원도 춘천시 칠전동,경상사고,0,0,1,0,차대사람 - 기타,안전운전불이행,건조,맑음,단일로 - 기타,원동기,남,21세,상해없음,보행자,남,62세,경상
2012081800100472,2012년 8월 18일 19시,토요일,강원도 속초시 조양동,경상사고,0,0,2,0,차대차 - 추돌 - 진행중,안전운전불이행,습기,비,단일로 - 기타,화물,남,44세,상해없음,승용,남,53세,경상
2012081800100504,2012년 8월 18일 20시,토요일,강원도 춘천시 동내면,사망사고,1,1,0,0,차대차 - 정면충돌,신호위반,건조,맑음,교차로 - 교차로안,승용,남,46세,상해없음,원동기,남,32세,사망
2012081800100505,2012년 8월 18일 20시,토요일,강원도 원주시 단구동,경상사고,0,0,1,0,차대차 - 측면직각충돌,안전운전불이행,건조,맑음,교차로 - 교차로부근,승용,여,49세,상해없음,승용,여,29세,경상
2012081800100506,2012년 8월 18일 20시,토요일,강원도 정선군 사북읍,경상사고,0,0,2,0,차대차 - 추돌 - 주정차중,안전운전불이행,습기,비,기타 - 기타,승용,남,52세,상해없음,승용,남,45세,경상
2012081800100507,2012년 8월 18일 20시,토요일,강원도 인제군 기린면,부상신고사고,0,0,0,1,차대사람 - 횡단중,보행자보호의무위반,건조,맑음,단일로 - 기타,승용,여,40세,상해없음,보행자,남,26세,부상신고
2012081800100537,2012년 8월 18일 21시,토요일,강원도 원주시 무실동,중상사고,0,1,0,0,차대차 - 측면직각충돌,교차로운행방법위반,건조,흐림,교차로 - 교차로안,승용,남,29세,상해없음,이륜,남,38세,중상
2012081800100538,2012년 8월 18일 21시,토요일,강원도 동해시 천곡동,경상사고,0,0,3,0,차대차 - 기타,직진우회전진행방해,건조,맑음,교차로 - 교차로안,승용,남,70세,상해없음,승용,남,43세,경상
2012081800100564,2012년 8월 18일 22시,토요일,강원도 원주시 신림면,중상사고,0,1,0,0,차대차 - 기타,안전운전불이행,습기,비,단일로 - 기타,기타불명,기타불명,기타불명,기타불명,자전거,남,62세,중상
2012081800100565,2012년 8월 18일 22시,토요일,강원도 평창군 봉평면,중상사고,0,2,0,0,차대차 - 측면직각충돌,안전운전불이행,건조,맑음,단일로 - 기타,승용,남,38세,상해없음,승용,남,23세,중상
2012081800100566,2012년 8월 18일 22시,토요일,강원도 동해시 용정동,경상사고,0,0,1,0,차대차 - 기타,안전운전불이행,건조,맑음,교차로 - 교차로부근,승용,남,48세,상해없음,자전거,남,23세,경상
2012081800100599,2012년 8월 18일 23시,토요일,강원도 영월군 영월읍,중상사고,0,1,0,0,차대차 - 추돌 - 진행중,안전운전불이행,건조,맑음,단일로 - 기타,화물,남,44세,상해없음,화물,남,37세,중상
2012081900100072,2012년 8월 19일 04시,일요일,강원도 원주시 단계동,중상사고,0,1,0,0,차대차 - 추돌 - 진행중,안전운전불이행,건조,맑음,단일로 - 기타,기타불명,기타불명,기타불명,기타불명,이륜,남,25세,중상
2012081900100086,2012년 8월 19일 05시,일요일,강원도 춘천시 퇴계동,중상사고,0,1,0,0,차대사람 - 횡단중,안전운전불이행,습기,비,교차로 - 교차로부근,승합,남,63세,상해없음,보행자,남,81세,중상
2012081900100087,2012년 8월 19일 05시,일요일,강원도 고성군 토성면,경상사고,0,0,2,0,차대차 - 정면충돌,중앙선침범,건조,흐림,단일로 - 기타,승합,남,42세,상해없음,승용,남,59세,경상
2012081900100103,2012년 8월 19일 06시,일요일,강원도 춘천시 교동,경상사고,0,0,1,0,차대차 - 측면직각충돌,중앙선침범,습기,흐림,교차로 - 교차로부근,이륜,남,22세,상해없음,승용,여,50세,상해없음
2012081900100116,2012년 8월 19일 07시,일요일,강원도 원주시 관설동,경상사고,0,0,1,0,차대차 - 정면충돌,중앙선침범,건조,맑음,단일로 - 기타,승용,남,46세,상해없음,승합,남,56세,경상
2012081900100128,2012년 8월 19일 08시,일요일,강원도 강릉시 왕산면,중상사고,0,2,2,5,차량단독 - 공작물충돌,안전운전불이행,건조,맑음,단일로 - 기타,승합,남,33세,상해없음,,,,
2012081900100167,2012년 8월 19일 11시,일요일,강원도 삼척시 남양동,경상사고,0,0,5,0,차대차 - 정면충돌,중앙선침범,건조,맑음,교차로 - 교차로부근,승용,남,48세,상해없음,승용,남,44세,경상
2012081900100227,2012년 8월 19일 14시,일요일,강원도 강릉시 안현동,중상사고,0,1,0,0,차대차 - 측면직각충돌,신호위반,건조,맑음,교차로 - 교차로안,승용,남,36세,상해없음,이륜,남,37세,중상
2012081900100228,2012년 8월 19일 14시,일요일,강원도 원주시 명륜동,경상사고,0,0,2,0,차대차 - 측면직각충돌,직진우회전진행방해,건조,맑음,교차로 - 교차로안,승용,남,61세,상해없음,승용,여,39세,경상
2012081900100229,2012년 8월 19일 14시,일요일,강원도 영월군 남면,중상사고,0,1,1,0,차대차 - 추돌 - 진행중,안전거리미확보,건조,맑음,기타 - 기타,승용,남,66세,상해없음,승합,남,43세,중상
2012081900100266,2012년 8월 19일 15시,일요일,강원도 동해시 이도동,중상사고,0,1,0,0,차대차 - 기타,안전운전불이행,건조,맑음,단일로 - 기타,승용,남,32세,상해없음,자전거,남,66세,중상
2012081900100287,2012년 8월 19일 16시,일요일,강원도 강릉시 주문진읍,경상사고,0,0,2,0,차대차 - 측면직각충돌,안전운전불이행,건조,맑음,교차로 - 교차로안,승용,여,33세,상해없음,승용,여,40세,경상
2012081900100332,2012년 8월 19일 18시,일요일,강원도 원주시 신림면,중상사고,0,1,0,0,차량단독 - 전도전복,안전운전불이행,건조,맑음,단일로 - 기타,승용,남,35세,상해없음,,,,
2012081900100360,2012년 8월 19일 19시,일요일,강원도 삼척시 교동,중상사고,0,2,2,0,차대차 - 추돌 - 진행중,안전운전불이행,건조,맑음,교차로 - 교차로부근,화물,남,72세,상해없음,승용,남,41세,경상
2012081900100361,2012년 8월 19일 19시,일요일,강원도 홍천군 두촌면,중상사고,0,1,0,0,차대차 - 기타,안전거리미확보,건조,맑음,단일로 - 기타,이륜,남,43세,상해없음,승용,남,63세,상해없음
2012081900100362,2012년 8월 19일 19시,일요일,강원도 홍천군 두촌면,중상사고,0,1,5,0,차대차 - 기타,안전운전불이행,습기,흐림,교차로 - 교차로부근,승용,여,34세,상해없음,화물,남,52세,상해없음
2012081900100363,2012년 8월 19일 19시,일요일,강원도 철원군 철원읍,중상사고,0,1,0,0,차대사람 - 횡단중,안전운전불이행,습기,비,단일로 - 기타,승용,남,38세,상해없음,보행자,남,60세,중상
2012081900100423,2012년 8월 19일 21시,일요일,강원도 속초시 청학동,중상사고,0,3,0,0,차대차 - 측면직각충돌,교차로운행방법위반,습기,흐림,교차로 - 교차로안,화물,남,42세,상해없음,승용,여,39세,중상
2012081900100447,2012년 8월 19일 22시,일요일,강원도 강릉시 교동,경상사고,0,0,1,0,차대차 - 측면직각충돌,중앙선침범,건조,맑음,단일로 - 기타,승용,남,58세,상해없음,승용,여,30세,경상
2012081900100466,2012년 8월 19일 23시,일요일,강원도 원주시 소초면,사망사고,1,0,0,0,차대사람 - 길가장자리구역통행중,신호위반,습기,비,단일로 - 기타,승합,남,55세,상해없음,보행자,남,34세,사망