사고번호,사고일시,요일,시군구,사고내용,사망자수,중상자수,경상자수,부상신고자수,사고유형,법규위반,노면상태,기상상태,도로형태,가해운전자 차종,가해운전자 성별,가해운전자 연령,가해운전자 상해정도,피해운전자 차종,피해운전자 성별,피해운전자 연령,피해운전자 상해정도
2012081900100467,2012년 8월 19일 23시,일요일,강원도 삼척시 사직동,경상사고,0,0,2,0,차대차 - 기타,안전운전불이행,건조,맑음,교차로 - 교차로안,승용,여,29세,경상,승용,남,46세,경상
2012082000100047,2012년 8월 20일 04시,월요일,강원도 원주시 단계동,경상사고,0,0,1,0,차량단독 - 공작물충돌,안전운전불이행,기타,기타,교차로 - 교차로안,승용,남,42세,상해없음,,,,
2012082000100075,2012년 8월 20일 06시,월요일,강원도 원주시 우산동,경상사고,0,0,1,0,차대차 - 측면직각충돌,교차로운행방법위반,습기,비,교차로 - 교차로안,승용,남,25세,상해없음,이륜,남,73세,경상
2012082000100076,2012년 8월 20일 06시,월요일,강원도 속초시 노학동,경상사고,0,0,7,0,차대차 - 측면직각충돌,신호위반,습기,비,교차로 - 교차로안,승용,남,53세,상해없음,승합,남,54세,경상
2012082000100165,2012년 8월 20일 09시,월요일,강원도 춘천시 운교동,중상사고,0,1,0,0,차대차 - 기타,신호위반,건조,맑음,교차로 - 교차로부근,승용,여,33세,상해없음,자전거,남,66세,중상
2012082000100166,2012년 8월 20일 09시,월요일,강원도 횡성군 횡성읍,경상사고,0,0,1,0,차대사람 - 횡단중,보행자보호의무위반,건조,맑음,단일로 - 횡단보도상,기타불명,기타불명,기타불명,기타불명,보행자,여,52세,경상
2012082000100192,2012년 8월 20일 10시,월요일,강원도 삼척시 남양동,경상사고,0,0,1,0,차대차 - 측면직각충돌,안전운전불이행,건조,맑음,교차로 - 교차로부근,이륜,남,19세,경상,승용,남,59세,상해없음
2012082000100206,2012년 8월 20일 11시,월요일,강원도 속초시 조양동,중상사고,0,1,0,0,차대사람 - 차도통행중,안전운전불이행,건조,맑음,교차로 - 교차로부근,승용,남,52세,상해없음,보행자,여,30세,중상
2012082000100207,2012년 8월 20일 11시,월요일,강원도 영월군 영월읍,경상사고,0,0,1,0,차량단독 - 도로외이탈 - 기타,안전운전불이행,습기,흐림,교차로 - 교차로부근,이륜,남,71세,상해없음,,,,
2012082000100236,2012년 8월 20일 12시,월요일,강원도 춘천시 근화동,중상사고,0,1,0,0,차대차 - 측면직각충돌,안전거리미확보,습기,비,단일로 - 기타,자전거,남,72세,중상,승용,남,60세,상해없음
2012082000100266,2012년 8월 20일 13시,월요일,강원도 강릉시 주문진읍,중상사고,0,2,1,0,차대차 - 측면직각충돌,안전운전불이행,건조,맑음,교차로 - 교차로안,승용,여,39세,상해없음,화물,남,74세,중상
2012082000100289,2012년 8월 20일 14시,월요일,강원도 강릉시 초당동,경상사고,0,0,2,0,차대차 - 측면직각충돌,직진우회전진행방해,건조,흐림,교차로 - 교차로안,승용,남,69세,상해없음,승용,남,73세,경상
2012082000100290,2012년 8월 20일 14시,월요일,강원도 원주시 소초면,경상사고,0,0,6,0,차대차 - 기타,신호위반,건조,맑음,교차로 - 교차로안,승용,남,55세,상해없음,승합,남,46세,상해없음
2012082000100291,2012년 8월 20일 14시,월요일,강원도 횡성군 갑천면,사망사고,1,0,0,0,차량단독 - 기타,안전운전불이행,습기,비,단일로 - 기타,농기계,남,75세,사망,,,,
2012082000100329,2012년 8월 20일 15시,월요일,강원도 태백시 통동,중상사고,0,1,2,0,차대차 - 정면충돌,중앙선침범,건조,맑음,단일로 - 기타,승용,여,52세,경상,승용,남,51세,경상
2012082000100357,2012년 8월 20일 16시,월요일,강원도 춘천시 효자동,부상신고사고,0,0,0,1,차대차 - 측면직각충돌,안전거리미확보,건조,맑음,단일로 - 기타,승용,여,57세,상해없음,이륜,남,26세,부상신고
2012082000100358,2012년 8월 20일 16시,월요일,강원도 정선군 고한읍,중상사고,0,1,1,0,차대차 - 추돌 - 주정차중,안전운전불이행,습기,비,기타 - 기타,승용,여,27세,상해없음,화물,남,66세,상해없음
2012082000100389,2012년 8월 20일 17시,월요일,강원도 원주시 일산동,경상사고,0,0,1,0,차대차 - 추돌 - 진행중,안전거리미확보,건조,맑음,교차로 - 교차로부근,승용,남,36세,상해없음,승용,남,60세,경상
2012082000100390,2012년 8월 20일 17시,월요일,강원도 속초시 조양동,경상사고,0,0,1,0,차대사람 - 길가장자리구역통행중,안전운전불이행,습기,비,교차로 - 교차로안,화물,남,46세,상해없음,보행자,여,50세,경상
2012082000100391,2012년 8월 20일 17시,월요일,강원도 횡성군 우천면,중상사고,0,1,0,0,차량단독 - 공작물충돌,안전운전불이행,습기,비,단일로 - 기타,화물,남,47세,상해없음,,,,
2012082000100421,2012년 8월 20일 18시,월요일,강원도 춘천시 후평동,중상사고,0,1,0,0,차대차 - 측면직각충돌,기타,습기,비,교차로 - 교차로안,승용,여,47세,상해없음,승용,남,73세,중상
2012082000100422,2012년 8월 20일 18시,월요일,강원도 춘천시 운교동,중상사고,0,1,1,0,차대차 - 측면직각충돌,교차로운행방법위반,습기,비,교차로 - 교차로안,승용,여,56세,상해없음,승용,남,56세,중상
2012082000100423,2012년 8월 20일 18시,월요일,강원도 양양군 강현면,중상사고,0,1,0,0,차대차 - 추돌 - 주정차중,안전거리미확보,습기,맑음,교차로 - 교차로부근,화물,남,57세,상해없음,승용,여,49세,중상
2012082000100424,2012년 8월 20일 18시,월요일,강원도 속초시 조양동,경상사고,0,0,2,0,차대차 - 측면직각충돌,신호위반,습기,비,교차로 - 교차로안,승용,남,39세,상해없음,이륜,남,22세,경상
2012082000100425,2012년 8월 20일 18시,월요일,강원도 철원군 갈말읍,중상사고,0,2,1,0,차량단독 - 공작물충돌,안전운전불이행,습기,흐림,단일로 - 기타,승용,남,19세,경상,,,,
2012082000100458,2012년 8월 20일 19시,월요일,강원도 춘천시 교동,중상사고,0,1,0,0,차대사람 - 횡단중,보행자보호의무위반,습기,비,교차로 - 교차로부근,이륜,남,24세,상해없음,보행자,남,69세,중상
2012082000100459,2012년 8월 20일 19시,월요일,강원도 속초시 교동,경상사고,0,0,1,0,차대차 - 측면직각충돌,안전운전불이행,습기,비,단일로 - 기타,화물,남,37세,상해없음,이륜,남,41세,경상
2012082000100498,2012년 8월 20일 20시,월요일,강원도 춘천시 퇴계동,경상사고,0,0,1,0,차대차 - 추돌 - 진행중,안전운전불이행,습기,비,교차로 - 교차로부근,승용,남,57세,상해없음,화물,여,48세,경상
2012082000100499,2012년 8월 20일 20시,월요일,강원도 강릉시 옥천동,경상사고,0,0,2,0,차대차 - 추돌 - 진행중,안전운전불이행,습기,비,교차로 - 교차로부근,화물,남,46세,상해없음,승용,남,51세,경상
2012082000100500,2012년 8월 20일 20시,월요일,강원도 강릉시 교동,중상사고,0,1,0,0,차대사람 - 횡단중,보행자보호의무위반,습기,비,단일로 - 횡단보도상,승용,남,66세,상해없음,보행자,남,56세,중상
2012082000100545,2012년 8월 20일 21시,월요일,강원도 춘천시 효자동,경상사고,0,0,1,0,차대차 - 추돌 - 진행중,안전운전불이행,습기,비,교차로 - 교차로부근,화물,남,50세,상해없음,화물,남,50세,경상
2012082000100546,2012년 8월 20일 21시,월요일,강원도 강릉시 노암동,중상사고,0,1,0,0,차대사람 - 횡단중,안전운전불이행,습기,비,교차로 - 교차로안,승용,남,26세,상해없음,보행자,남,43세,중상
2012082000100547,2012년 8월 20일 21시,월요일,강원도 원주시 학성동,중상사고,0,2,0,0,차대차 - 추돌 - 주정차중,안전거리미확보,건조,흐림,교차로 - 교차로부근,승합,남,59세,상해없음,승용,남,66세,중상
2012082000100627,2012년 8월 20일 23시,월요일,강원도 원주시 단계동,경상사고,0,0,2,0,차대차 - 기타,신호위반,습기,비,교차로 - 교차로안,승용,남,23세,상해없음,승용,남,57세,경상
2012082000100628,2012년 8월 20일 23시,월요일,강원도 원주시 문막읍,중상사고,0,1,0,0,차대차 - 측면직각충돌,안전운전불이행,습기,비,기타 - 기타,승용,남,39세,상해없음,승용,여,64세,중상
2012082000100629,2012년 8월 20일 23시,월요일,강원도 속초시 동명동,경상사고,0,0,1,0,차대차 - 측면직각충돌,불법유턴,습기,비,단일로 - 기타,승용,여,49세,상해없음,승용,남,55세,경상
2012082100100024,2012년 8월 21일 00시,화요일,강원도 강릉시 교동,경상사고,0,0,4,0,차대차 - 측면직각충돌,신호위반,습기,비,교차로 - 교차로안,승용,남,33세,상해없음,승용,남,36세,경상
2012082100100089,2012년 8월 21일 04시,화요일,강원도 원주시 우산동,중상사고,0,1,0,0,차대차 - 추돌 - 진행중,안전운전불이행,습기,비,단일로 - 교량,화물,남,42세,상해없음,이륜,남,50세,중상
2012082100100102,2012년 8월 21일 05시,화요일,강원도 춘천시 사농동,중상사고,0,2,1,0,차대차 - 기타,교차로운행방법위반,습기,비,교차로 - 교차로안,승용,남,39세,상해없음,승합,남,51세,경상
2012082100100157,2012년 8월 21일 08시,화요일,강원도 춘천시 칠전동,경상사고,0,0,3,0,차대차 - 기타,안전거리미확보,습기,비,단일로 - 기타,승용,여,41세,경상,승용,남,65세,경상
2012082100100182,2012년 8월 21일 09시,화요일,강원도 춘천시 동내면,경상사고,0,0,1,0,차대차 - 기타,안전거리미확보,습기,비,단일로 - 기타,기타불명,기타불명,기타불명,기타불명,승용,여,34세,경상
2012082100100183,2012년 8월 21일 09시,화요일,강원도 춘천시 교동,중상사고,0,1,0,0,차대차 - 기타,교차로운행방법위반,건조,맑음,교차로 - 교차로안,승용,남,46세,상해없음,승용,여,53세,중상
2012082100100213,2012년 8월 21일 10시,화요일,강원도 강릉시 강문동,경상사고,0,0,2,0,차대차 - 측면직각충돌,신호위반,건조,맑음,교차로 - 교차로안,승용,남,67세,상해없음,화물,남,32세,경상
2012082100100214,2012년 8월 21일 10시,화요일,강원도 원주시 학성동,경상사고,0,0,1,0,차대사람 - 보도통행중,보행자보호의무위반,건조,맑음,교차로 - 교차로안,승용,여,59세,상해없음,보행자,여,53세,경상
2012082100100241,2012년 8월 21일 11시,화요일,강원도 강릉시 주문진읍,경상사고,0,0,2,0,차대차 - 추돌 - 진행중,안전운전불이행,건조,맑음,교차로 - 교차로안,승용,남,68세,상해없음,화물,남,60세,경상
2012082100100268,2012년 8월 21일 12시,화요일,강원도 영월군 영월읍,경상사고,0,0,4,0,차대차 - 기타,안전운전불이행,습기,흐림,기타 - 기타,승용,남,39세,상해없음,승용,남,38세,경상
2012082100100308,2012년 8월 21일 13시,화요일,강원도 삼척시 근덕면,중상사고,0,1,0,0,차대차 - 측면직각충돌,안전운전불이행,건조,맑음,교차로 - 교차로부근,이륜,남,74세,중상,승합,남,21세,상해없음
2012082100100340,2012년 8월 21일 14시,화요일,강원도 속초시 노학동,중상사고,0,1,3,0,차대차 - 측면직각충돌,신호위반,건조,맑음,교차로 - 교차로안,승용,여,44세,상해없음,승용,남,22세,경상
2012082100100341,2012년 8월 21일 14시,화요일,강원도 태백시 화전동,경상사고,0,0,3,0,차대차 - 측면직각충돌,중앙선침범,건조,맑음,단일로 - 기타,승용,남,71세,상해없음,승용,남,32세,경상
2012082100100371,2012년 8월 21일 15시,화요일,강원도 원주시 지정면,중상사고,0,1,0,0,차량단독 - 공작물충돌,안전운전불이행,건조,흐림,단일로 - 기타,승용,여,19세,상해없음,,,,
2012082100100438,2012년 8월 21일 17시,화요일,강원도 춘천시 후평동,경상사고,0,0,1,0,차대차 - 기타,교차로운행방법위반,건조,맑음,교차로 - 교차로안,승용,남,40세,상해없음,자전거,남,64세,경상
2012082100100520,2012년 8월 21일 19시,화요일,강원도 양양군 강현면,중상사고,0,1,0,0,차대사람 - 횡단중,안전운전불이행,습기,비,교차로 - 교차로안,승용,남,71세,상해없음,보행자,여,75세,중상
2012082100100521,2012년 8월 21일 19시,화요일,강원도 철원군 근남면,경상사고,0,0,4,0,차대차 - 측면직각충돌,안전운전불이행,건조,맑음,단일로 - 기타,승용,남,24세,상해없음,승용,남,54세,경상
2012082100100552,2012년 8월 21일 20시,화요일,강원도 원주시 개운동,경상사고,0,0,1,0,차대차 - 측면직각충돌,교차로운행방법위반,습기,비,교차로 - 교차로안,승용,남,30세,상해없음,승용,여,60세,경상
2012082100100553,2012년 8월 21일 20시,화요일,강원도 원주시 명륜동,경상사고,0,0,6,6,차대차 - 추돌 - 주정차중,안전운전불이행,건조,흐림,교차로 - 교차로부근,승용,남,53세,경상,승합,남,60세,경상
2012082100100588,2012년 8월 21일 21시,화요일,강원도 원주시 우산동,경상사고,0,0,1,0,차대차 - 측면직각충돌,안전운전불이행,습기,흐림,단일로 - 기타,승용,남,38세,상해없음,원동기,남,29세,경상
2012082100100627,2012년 8월 21일 22시,화요일,강원도 춘천시 효자동,경상사고,0,0,1,0,차대차 - 기타,안전운전불이행,건조,맑음,단일로 - 기타,승용,남,36세,상해없음,이륜,남,20세,경상
2012082100100628,2012년 8월 21일 22시,화요일,강원도 고성군 현내면,경상사고,0,0,1,1,차대차 - 정면충돌,중앙선침범,습기,비,단일로 - 기타,승용,여,46세,상해없음,승합,남,46세,경상
2012082100100629,2012년 8월 21일 22시,화요일,강원도 동해시 발한동,중상사고,0,1,1,0,차대차 - 정면충돌,중앙선침범,건조,맑음,단일로 - 기타,승용,남,36세,상해없음,화물,남,32세,경상
2012082100100659,2012년 8월 21일 23시,화요일,강원도 춘천시 후평동,경상사고,0,0,1,0,차대차 - 측면직각충돌,신호위반,건조,맑음,교차로 - 교차로안,이륜,남,16세,상해없음,승용,남,49세,경상
2012082200100038,2012년 8월 22일 01시,수요일,강원도 춘천시 퇴계동,경상사고,0,0,1,0,차대사람 - 차도통행중,안전운전불이행,건조,맑음,단일로 - 기타,기타불명,기타불명,기타불명,기타불명,보행자,여,50세,경상
2012082200100057,2012년 8월 22일 02시,수요일,강원도 원주시 단계동,경상사고,0,0,2,0,차대차 - 추돌 - 진행중,안전운전불이행,습기,흐림,교차로 - 교차로안,승용,남,28세,상해없음,승용,남,19세,경상
2012082200100058,2012년 8월 22일 02시,수요일,강원도 원주시 단계동,경상사고,0,0,1,0,차대차 - 측면직각충돌,안전운전불이행,건조,흐림,교차로 - 교차로부근,승용,남,21세,상해없음,승용,남,59세,경상
2012082200100077,2012년 8월 22일 04시,수요일,강원도 태백시 황지동,경상사고,0,0,1,0,차량단독 - 공작물충돌,안전운전불이행,습기,비,단일로 - 기타,승용,남,27세,상해없음,,,,
2012082200100090,2012년 8월 22일 05시,수요일,강원도 원주시 태장동,중상사고,0,1,0,0,차대차 - 추돌 - 진행중,안전운전불이행,습기,비,단일로 - 기타,승용,남,35세,기타불명,농기계,남,71세,중상
2012082200100109,2012년 8월 22일 06시,수요일,강원도 평창군 대화면,사망사고,1,0,0,0,차량단독 - 전도전복,안전운전불이행,습기,비,단일로 - 기타,농기계,남,68세,사망,,,,
2012082200100122,2012년 8월 22일 07시,수요일,강원도 강릉시 포남동,경상사고,0,0,1,0,차대차 - 측면직각충돌,안전운전불이행,건조,맑음,교차로 - 교차로부근,승용,남,51세,상해없음,자전거,남,46세,경상
2012082200100183,2012년 8월 22일 09시,수요일,강원도 춘천시 퇴계동,경상사고,0,0,2,0,차대차 - 추돌 - 진행중,안전운전불이행,습기,비,교차로 - 교차로부근,기타불명,기타불명,기타불명,기타불명,승용,여,32세,경상
2012082200100184,2012년 8월 22일 09시,수요일,강원도 강릉시 교동,경상사고,0,0,1,0,차대차 - 측면직각충돌,신호위반,건조,맑음,교차로 - 교차로안,승용,남,59세,상해없음,승용,남,70세,경상
2012082200100261,2012년 8월 22일 12시,수요일,강원도 횡성군 서원면,중상사고,0,1,1,0,차대차 - 측면직각충돌,중앙선침범,습기,비,단일로 - 기타,승용,남,49세,상해없음,승용,남,66세,중상
2012082200100324,2012년 8월 22일 14시,수요일,강원도 춘천시 칠전동,경상사고,0,0,1,0,차대차 - 기타,중앙선침범,습기,흐림,단일로 - 기타,화물,남,34세,상해없음,승용,여,41세,경상
2012082200100325,2012년 8월 22일 14시,수요일,강원도 횡성군 둔내면,중상사고,0,2,3,4,차대차 - 추돌 - 주정차중,안전거리미확보,습기,비,단일로 - 터널,승용,남,42세,부상신고,승용,여,29세,경상
2012082200100394,2012년 8월 22일 16시,수요일,강원도 속초시 교동,경상사고,0,0,1,0,차대사람 - 횡단중,안전운전불이행,건조,맑음,단일로 - 기타,승용,남,58세,상해없음,보행자,남,5세,경상
2012082200100423,2012년 8월 22일 17시,수요일,강원도 춘천시 퇴계동,경상사고,0,0,1,0,차대차 - 측면직각충돌,안전운전불이행,건조,맑음,단일로 - 기타,이륜,남,22세,상해없음,이륜,남,19세,경상
2012082200100424,2012년 8월 22일 17시,수요일,강원도 원주시 소초면,경상사고,0,0,2,0,차대차 - 측면직각충돌,교차로운행방법위반,건조,맑음,교차로 - 교차로안,승용,남,66세,상해없음,승용,남,36세,경상
2012082200100455,2012년 8월 22일 18시,수요일,강원도 영월군 영월읍,경상사고,0,0,1,0,차대차 - 측면직각충돌,교차로운행방법위반,습기,비,교차로 - 교차로안,승용,남,48세,상해없음,승용,여,55세,경상
2012082200100511,2012년 8월 22일 20시,수요일,강원도 춘천시 석사동,경상사고,0,0,1,0,차대차 - 측면직각충돌,안전운전불이행,건조,맑음,단일로 - 기타,이륜,남,36세,경상,승용,여,50세,상해없음
2012082200100512,2012년 8월 22일 20시,수요일,강원도 강릉시 포남동,경상사고,0,0,1,0,차대차 - 측면직각충돌,안전운전불이행,습기,비,교차로 - 교차로안,승합,남,54세,상해없음,승용,남,47세,경상
2012082200100590,2012년 8월 22일 22시,수요일,강원도 원주시 흥업면,경상사고,0,0,1,0,차대차 - 측면직각충돌,신호위반,건조,맑음,교차로 - 교차로안,이륜,남,18세,상해없음,승용,남,30세,경상
2012082200100591,2012년 8월 22일 22시,수요일,강원도 원주시 단계동,경상사고,0,0,1,0,차대사람 - 기타,안전운전불이행,건조,맑음,단일로 - 기타,승용,남,38세,상해없음,보행자,남,28세,경상
2012082200100592,2012년 8월 22일 22시,수요일,강원도 고성군 간성읍,경상사고,0,0,1,0,차대차 - 정면충돌,안전운전불이행,건조,맑음,교차로 - 교차로부근,승용,여,38세,상해없음,승용,남,53세,경상
2012082200100619,2012년 8월 22일 23시,수요일,강원도 속초시 조양동,경상사고,0,0,2,0,차대차 - 측면직각충돌,안전운전불이행,습기,비,교차로 - 교차로부근,승용,남,63세,상해없음,승용,남,27세,경상
2012082300100014,2012년 8월 23일 00시,목요일,강원도 춘천시 운교동,경상사고,0,0,1,0,차대사람 - 기타,보행자보호의무위반,건조,맑음,단일로 - 횡단보도상,기타불명,기타불명,기타불명,기타불명,보행자,남,55세,경상
2012082300100076,2012년 8월 23일 05시,목요일,강원도 평창군 대관령면,경상사고,0,0,1,0,차대차 - 추돌 - 주정차중,안전운전불이행,습기,비,단일로 - 기타,승용,남,22세,상해없음,승용,남,28세,경상
2012082300100090,2012년 8월 23일 06시,목요일,강원도 강릉시 교동,경상사고,0,0,1,0,차대차 - 측면직각충돌,안전운전불이행,습기,비,단일로 - 기타,승용,남,62세,상해없음,승용,남,30세,경상
2012082300100110,2012년 8월 23일 07시,목요일,강원도 철원군 갈말읍,중상사고,0,1,0,0,차대차 - 측면직각충돌,교차로운행방법위반,건조,맑음,교차로 - 교차로안,승용,기타불명,기타불명,기타불명,이륜,남,69세,중상
2012082300100138,2012년 8월 23일 08시,목요일,강원도 원주시 단계동,경상사고,0,0,2,0,차대차 - 추돌 - 진행중,안전거리미확보,건조,맑음,단일로 - 기타,승용,남,49세,상해없음,승용,남,58세,경상
2012082300100166,2012년 8월 23일 09시,목요일,강원도 춘천시 사북면,사망사고,1,0,0,0,차량단독 - 전도전복,안전운전불이행,건조,맑음,단일로 - 기타,화물,남,20세,상해없음,,,,
2012082300100214,2012년 8월 23일 11시,목요일,강원도 고성군 토성면,중상사고,0,1,0,0,차대차 - 추돌 - 진행중,안전운전불이행,건조,맑음,단일로 - 터널,승용,여,23세,상해없음,승용,여,56세,중상
2012082300100257,2012년 8월 23일 13시,목요일,강원도 동해시 천곡동,경상사고,0,0,1,0,차대차 - 기타,교차로운행방법위반,습기,비,교차로 - 교차로안,승용,여,48세,상해없음,승용,여,28세,경상
2012082300100289,2012년 8월 23일 14시,목요일,강원도 원주시 학성동,중상사고,0,1,0,0,차량단독 - 기타,안전운전불이행,기타,기타,단일로 - 기타,승합,남,59세,상해없음,,,,
2012082300100319,2012년 8월 23일 15시,목요일,강원도 춘천시 옥천동,경상사고,0,0,1,0,차대사람 - 기타,기타,건조,맑음,단일로 - 기타,승용,여,48세,상해없음,보행자,여,18세,경상
2012082300100320,2012년 8월 23일 15시,목요일,강원도 원주시 명륜동,중상사고,0,1,0,0,차대사람 - 횡단중,보행자보호의무위반,건조,맑음,교차로 - 교차로부근,승용,여,62세,상해없음,보행자,남,75세,중상
2012082300100321,2012년 8월 23일 15시,목요일,강원도 속초시 교동,경상사고,0,0,1,0,차대차 - 추돌 - 주정차중,안전운전불이행,건조,맑음,교차로 - 교차로안,승용,남,21세,상해없음,승용,남,31세,상해없음
2012082300100349,2012년 8월 23일 16시,목요일,강원도 속초시 동명동,중상사고,0,1,0,0,차대차 - 추돌 - 진행중,안전운전불이행,습기,비,교차로 - 교차로안,승용,남,86세,상해없음,승용,여,55세,상해없음
2012082300100374,2012년 8월 23일 17시,목요일,강원도 강릉시 교동,중상사고,0,1,0,0,차대차 - 측면직각충돌,안전운전불이행,습기,비,교차로 - 교차로안,승용,남,54세,상해없음,이륜,남,16세,중상
2012082300100375,2012년 8월 23일 17시,목요일,강원도 화천군 간동면,중상사고,0,2,2,0,차대차 - 측면직각충돌,직진우회전진행방해,건조,맑음,교차로 - 교차로안,승용,남,66세,중상,승용,여,51세,경상
2012082300100376,2012년 8월 23일 17시,목요일,강원도 철원군 서면,중상사고,0,3,2,0,차대차 - 측면직각충돌,중앙선침범,건조,흐림,단일로 - 기타,승용,남,38세,상해없음,승용,남,44세,중상
2012082300100414,2012년 8월 23일 18시,목요일,강원도 삼척시 남양동,중상사고,0,1,0,0,차대차 - 측면직각충돌,신호위반,습기,비,교차로 - 교차로안,승용,남,69세,상해없음,승합,여,45세,중상
2012082300100441,2012년 8월 23일 19시,목요일,강원도 원주시 단구동,경상사고,0,0,1,0,차대차 - 추돌 - 주정차중,안전운전불이행,건조,맑음,교차로 - 교차로부근,승용,여,23세,상해없음,화물,남,43세,경상
2012082300100442,2012년 8월 23일 19시,목요일,강원도 삼척시 우지동,경상사고,0,0,1,0,차대차 - 측면직각충돌,신호위반,습기,비,교차로 - 교차로안,승용,남,59세,상해없음,승용,남,56세,경상
2012082300100600,2012년 8월 23일 23시,목요일,강원도 원주시 무실동,경상사고,0,0,1,0,차대차 - 추돌 - 진행중,안전운전불이행,건조,맑음,단일로 - 기타,이륜,남,25세,상해없음,승용,남,29세,경상
2012082400100032,2012년 8월 24일 01시,금요일,강원도 철원군 동송읍,중상사고,0,1,0,0,차대사람 - 길가장자리구역통행중,안전운전불이행,건조,맑음,단일로 - 기타,승용,남,56세,상해없음,보행자,남,49세,중상
2012082400100054,2012년 8월 24일 02시,금요일,강원도 춘천시 동면,사망사고,1,1,0,0,차대차 - 추돌 - 진행중,안전운전불이행,건조,맑음,단일로 - 기타,승용,남,56세,사망,승용,여,52세,중상
2012082400100131,2012년 8월 24일 07시,금요일,강원도 춘천시 소양로3가,경상사고,0,0,1,0,차대차 - 측면직각충돌,교차로운행방법위반,건조,흐림,교차로 - 교차로안,승용,여,45세,상해없음,승용,여,35세,경상
2012082400100161,2012년 8월 24일 08시,금요일,강원도 춘천시 후평동,경상사고,0,0,2,0,차대차 - 추돌 - 주정차중,안전거리미확보,건조,맑음,교차로 - 교차로부근,승용,여,22세,상해없음,승용,남,44세,경상
2012082400100162,2012년 8월 24일 08시,금요일,강원도 인제군 북면,중상사고,0,1,0,0,차대차 - 측면직각충돌,안전운전불이행,건조,맑음,교차로 - 교차로안,승용,남,73세,상해없음,화물,여,42세,상해없음
2012082400100183,2012년 8월 24일 09시,금요일,강원도 춘천시 퇴계동,경상사고,0,0,1,0,차대사람 - 차도통행중,안전운전불이행,건조,맑음,기타 - 기타,승용,여,46세,상해없음,보행자,여,63세,경상
2012082400100184,2012년 8월 24일 09시,금요일,강원도 원주시 명륜동,경상사고,0,0,1,0,차대차 - 기타,안전운전불이행,건조,맑음,교차로 - 교차로안,승용,남,76세,상해없음,승용,여,34세,경상
2012082400100338,2012년 8월 24일 15시,금요일,강원도 강릉시 포남동,경상사고,0,0,1,0,차대차 - 기타,안전운전불이행,건조,맑음,단일로 - 기타,승용,여,40세,상해없음,이륜,남,39세,경상
2012082400100339,2012년 8월 24일 15시,금요일,강원도 평창군 대관령면,중상사고,0,1,0,0,차대사람 - 기타,안전운전불이행,건조,맑음,단일로 - 기타,승용,여,30세,상해없음,보행자,남,58세,중상
2012082400100340,2012년 8월 24일 15시,금요일,강원도 인제군 서화면,중상사고,0,3,0,0,차대차 - 정면충돌,중앙선침범,건조,맑음,단일로 - 기타,화물,남,26세,상해없음,특수,남,20세,중상
2012082400100506,2012년 8월 24일 19시,금요일,강원도 홍천군 남면,경상사고,0,0,2,0,차대차 - 정면충돌,교차로운행방법위반,건조,맑음,교차로 - 교차로안,승용,남,74세,상해없음,원동기,남,72세,경상
2012082400100590,2012년 8월 24일 21시,금요일,강원도 춘천시 효자동,경상사고,0,0,2,0,차대차 - 추돌 - 주정차중,안전운전불이행,건조,맑음,단일로 - 기타,승용,남,51세,상해없음,승용,남,38세,경상
2012082400100591,2012년 8월 24일 21시,금요일,강원도 원주시 학성동,경상사고,0,0,1,0,차대차 - 측면직각충돌,신호위반,습기,흐림,교차로 - 교차로안,승용,남,24세,상해없음,승용,남,57세,경상
2012082400100687,2012년 8월 24일 23시,금요일,강원도 원주시 귀래면,경상사고,0,0,2,0,차대차 - 기타,안전운전불이행,습기,비,단일로 - 기타,승용,남,35세,상해없음,승용,여,50세,경상
2012082400100688,2012년 8월 24일 23시,금요일,강원도 홍천군 서면,경상사고,0,0,5,0,차대차 - 기타,안전운전불이행,습기,비,기타 - 기타,화물,남,34세,상해없음,승용,여,40세,경상
2012082500100011,2012년 8월 25일 00시,토요일,강원도 춘천시 퇴계동,경상사고,0,0,2,0,차대차 - 추돌 - 진행중,안전운전불이행,습기,비,교차로 - 교차로부근,승용,남,40세,상해없음,승용,여,53세,경상
2012082500100050,2012년 8월 25일 01시,토요일,강원도 속초시 대포동,중상사고,0,1,1,0,차대사람 - 횡단중,신호위반,습기,비,단일로 - 횡단보도상,이륜,남,18세,상해없음,보행자,여,29세,중상
2012082500100094,2012년 8월 25일 02시,토요일,강원도 원주시 단계동,경상사고,0,0,3,0,차대차 - 측면직각충돌,안전운전불이행,건조,맑음,단일로 - 기타,승용,남,26세,경상,승용,여,32세,경상
2012082500100095,2012년 8월 25일 02시,토요일,강원도 삼척시 성내동,경상사고,0,0,1,0,차대차 - 기타,안전운전불이행,건조,흐림,교차로 - 교차로부근,승용,여,43세,상해없음,승용,남,37세,경상
2012082500100119,2012년 8월 25일 03시,토요일,강원도 강릉시 교동,경상사고,0,0,1,0,차대사람 - 횡단중,신호위반,습기,비,교차로 - 교차로안,승용,남,27세,상해없음,보행자,남,27세,경상
2012082500100188,2012년 8월 25일 07시,토요일,강원도 원주시 판부면,중상사고,0,1,1,0,차대차 - 정면충돌,중앙선침범,습기,흐림,단일로 - 기타,승용,남,27세,상해없음,승용,남,55세,중상