사고번호,사고일시,요일,시군구,사고내용,사망자수,중상자수,경상자수,부상신고자수,사고유형,법규위반,노면상태,기상상태,도로형태,가해운전자 차종,가해운전자 성별,가해운전자 연령,가해운전자 상해정도,피해운전자 차종,피해운전자 성별,피해운전자 연령,피해운전자 상해정도
2012083000100346,2012년 8월 30일 16시,목요일,강원도 원주시 우산동,경상사고,0,0,1,0,차대차 - 측면직각충돌,직진우회전진행방해,습기,비,교차로 - 교차로안,승용,남,81세,경상,화물,남,31세,상해없음
2012083000100369,2012년 8월 30일 17시,목요일,강원도 강릉시 송정동,경상사고,0,0,3,0,차대차 - 추돌 - 진행중,안전운전불이행,습기,비,교차로 - 교차로부근,승용,남,55세,상해없음,승용,여,53세,경상
2012083000100394,2012년 8월 30일 18시,목요일,강원도 원주시 봉산동,경상사고,0,0,1,0,차대차 - 추돌 - 주정차중,안전운전불이행,습기,비,교차로 - 교차로부근,승용,남,48세,상해없음,승용,남,57세,경상
2012083000100426,2012년 8월 30일 19시,목요일,강원도 원주시 단구동,경상사고,0,0,2,0,차대차 - 추돌 - 주정차중,안전운전불이행,습기,비,단일로 - 기타,승용,여,39세,상해없음,승용,여,29세,경상
2012083000100427,2012년 8월 30일 19시,목요일,강원도 원주시 단구동,경상사고,0,0,2,0,차대차 - 측면직각충돌,중앙선침범,습기,비,교차로 - 교차로부근,승용,남,38세,경상,승용,남,43세,경상
2012083000100428,2012년 8월 30일 19시,목요일,강원도 홍천군 홍천읍,중상사고,0,1,0,0,차대사람 - 기타,안전운전불이행,습기,비,교차로 - 교차로안,승용,여,51세,상해없음,보행자,여,14세,중상
2012083000100429,2012년 8월 30일 19시,목요일,강원도 홍천군 홍천읍,경상사고,0,0,2,0,차대차 - 측면직각충돌,안전운전불이행,습기,비,단일로 - 기타,승용,남,22세,상해없음,승용,남,26세,경상
2012083000100430,2012년 8월 30일 19시,목요일,강원도 태백시 황지동,중상사고,0,1,0,0,차대차 - 측면직각충돌,중앙선침범,습기,비,단일로 - 기타,승용,남,53세,상해없음,이륜,남,17세,중상
2012083000100431,2012년 8월 30일 19시,목요일,강원도 정선군 고한읍,경상사고,0,0,1,0,차대사람 - 보도통행중,안전운전불이행,습기,비,기타 - 기타,기타불명,기타불명,기타불명,기타불명,보행자,남,56세,경상
2012083000100474,2012년 8월 30일 20시,목요일,강원도 춘천시 근화동,경상사고,0,0,1,0,차대차 - 측면직각충돌,교차로운행방법위반,습기,비,교차로 - 교차로안,승용,남,26세,상해없음,자전거,남,48세,경상
2012083000100475,2012년 8월 30일 20시,목요일,강원도 동해시 천곡동,경상사고,0,0,2,0,차대차 - 추돌 - 주정차중,안전운전불이행,습기,비,교차로 - 교차로부근,승용,남,58세,상해없음,승용,여,51세,경상
2012083000100509,2012년 8월 30일 21시,목요일,강원도 춘천시 효자동,경상사고,0,0,4,1,차대차 - 추돌 - 진행중,안전거리미확보,습기,비,교차로 - 교차로부근,승용,남,23세,상해없음,승용,여,36세,경상
2012083000100548,2012년 8월 30일 22시,목요일,강원도 춘천시 석사동,경상사고,0,0,2,0,차대사람 - 기타,보행자보호의무위반,건조,맑음,단일로 - 횡단보도상,승용,남,28세,상해없음,보행자,여,18세,경상
2012083000100549,2012년 8월 30일 22시,목요일,강원도 원주시 단구동,경상사고,0,0,1,0,차대차 - 측면직각충돌,안전거리미확보,습기,비,단일로 - 기타,이륜,남,16세,경상,승합,남,41세,상해없음
2012083000100584,2012년 8월 30일 23시,목요일,강원도 춘천시 석사동,부상신고사고,0,0,0,1,차대사람 - 횡단중,보행자보호의무위반,습기,비,단일로 - 횡단보도상,승용,남,26세,상해없음,보행자,여,22세,부상신고
2012083000100585,2012년 8월 30일 23시,목요일,강원도 춘천시 효자동,경상사고,0,0,1,0,차대사람 - 길가장자리구역통행중,보행자보호의무위반,건조,맑음,단일로 - 기타,승용,여,42세,상해없음,보행자,남,53세,경상
2012083000100586,2012년 8월 30일 23시,목요일,강원도 강릉시 포남동,경상사고,0,0,3,0,차대차 - 추돌 - 주정차중,안전운전불이행,습기,비,교차로 - 교차로부근,승용,남,48세,상해없음,승용,남,51세,경상
2012083000100587,2012년 8월 30일 23시,목요일,강원도 원주시 반곡동,사망사고,1,0,0,0,차대사람 - 횡단중,안전운전불이행,습기,비,단일로 - 기타,화물,남,44세,상해없음,보행자,남,43세,사망
2012083100100037,2012년 8월 31일 01시,금요일,강원도 원주시 단구동,중상사고,0,1,3,0,차대차 - 기타,중앙선침범,건조,맑음,교차로 - 교차로안,승용,남,25세,상해없음,승용,남,52세,경상
2012083100100038,2012년 8월 31일 01시,금요일,강원도 원주시 명륜동,경상사고,0,0,1,0,차량단독 - 공작물충돌,안전운전불이행,습기,비,교차로 - 교차로안,화물,남,28세,경상,,,,
2012083100100039,2012년 8월 31일 01시,금요일,강원도 정선군 사북읍,중상사고,0,2,1,0,차대차 - 측면직각충돌,안전운전불이행,습기,비,교차로 - 교차로안,승용,남,41세,상해없음,승용,남,56세,중상
2012083100100055,2012년 8월 31일 02시,금요일,강원도 춘천시 효자동,경상사고,0,0,3,0,차대차 - 측면직각충돌,신호위반,건조,맑음,교차로 - 교차로안,승용,남,29세,상해없음,승용,남,44세,경상
2012083100100083,2012년 8월 31일 05시,금요일,강원도 동해시 송정동,경상사고,0,0,1,0,차대차 - 측면직각충돌,교차로운행방법위반,습기,흐림,교차로 - 교차로안,승용,남,40세,상해없음,승용,남,35세,경상
2012083100100111,2012년 8월 31일 07시,금요일,강원도 춘천시 효자동,중상사고,0,1,0,0,차대사람 - 차도통행중,기타,건조,맑음,교차로 - 교차로부근,승용,남,37세,상해없음,보행자,여,16세,중상
2012083100100150,2012년 8월 31일 08시,금요일,강원도 홍천군 홍천읍,중상사고,0,1,0,0,차대차 - 측면직각충돌,신호위반,건조,맑음,교차로 - 교차로안,승용,남,48세,상해없음,승용,여,41세,중상
2012083100100187,2012년 8월 31일 09시,금요일,강원도 철원군 철원읍,중상사고,0,1,0,0,차대차 - 기타,중앙선침범,건조,맑음,단일로 - 기타,자전거,남,77세,중상,승용,여,56세,상해없음
2012083100100225,2012년 8월 31일 10시,금요일,강원도 춘천시 교동,경상사고,0,0,1,0,차대차 - 기타,안전운전불이행,건조,맑음,기타 - 기타,기타불명,기타불명,기타불명,기타불명,승용,남,76세,경상
2012083100100255,2012년 8월 31일 11시,금요일,강원도 강릉시 임당동,경상사고,0,0,1,0,차대차 - 측면직각충돌,안전운전불이행,건조,맑음,단일로 - 기타,승용,남,57세,상해없음,이륜,남,25세,경상
2012083100100256,2012년 8월 31일 11시,금요일,강원도 원주시 중앙동,경상사고,0,0,1,0,차대사람 - 기타,안전운전불이행,건조,맑음,단일로 - 기타,승용,여,49세,상해없음,보행자,남,50세,경상
2012083100100277,2012년 8월 31일 12시,금요일,강원도 속초시 교동,경상사고,0,0,1,0,차대차 - 추돌 - 진행중,안전운전불이행,건조,맑음,교차로 - 교차로부근,승용,남,42세,상해없음,승용,남,59세,경상
2012083100100380,2012년 8월 31일 16시,금요일,강원도 춘천시 운교동,경상사고,0,0,1,0,차대차 - 기타,안전운전불이행,건조,맑음,단일로 - 기타,승용,남,46세,상해없음,자전거,남,17세,경상
2012083100100416,2012년 8월 31일 17시,금요일,강원도 원주시 명륜동,경상사고,0,0,1,0,차대차 - 추돌 - 진행중,안전운전불이행,건조,맑음,단일로 - 횡단보도상,승용,여,57세,상해없음,자전거,여,44세,경상
2012083100100417,2012년 8월 31일 17시,금요일,강원도 고성군 현내면,사망사고,1,0,0,0,차대차 - 추돌 - 진행중,안전운전불이행,건조,맑음,단일로 - 기타,건설기계,남,63세,상해없음,원동기,남,70세,사망
2012083100100461,2012년 8월 31일 18시,금요일,강원도 원주시 단계동,경상사고,0,0,1,0,차대차 - 측면직각충돌,차로위반,건조,맑음,단일로 - 기타,승합,남,36세,상해없음,승합,남,52세,상해없음
2012083100100462,2012년 8월 31일 18시,금요일,강원도 속초시 교동,경상사고,0,0,5,0,차대차 - 추돌 - 진행중,신호위반,건조,맑음,교차로 - 교차로안,승용,남,51세,상해없음,승용,여,39세,경상
2012083100100511,2012년 8월 31일 19시,금요일,강원도 원주시 명륜동,경상사고,0,0,4,0,차대차 - 추돌 - 주정차중,안전운전불이행,건조,흐림,교차로 - 교차로부근,승용,남,32세,상해없음,승용,남,48세,경상
2012083100100512,2012년 8월 31일 19시,금요일,강원도 원주시 단구동,경상사고,0,0,2,0,차대차 - 측면직각충돌,직진우회전진행방해,습기,비,교차로 - 교차로안,승용,여,59세,상해없음,화물,남,44세,경상
2012083100100513,2012년 8월 31일 19시,금요일,강원도 동해시 천곡동,경상사고,0,0,1,0,차대사람 - 기타,기타,건조,맑음,단일로 - 기타,승합,남,51세,기타불명,보행자,여,47세,경상
2012083100100514,2012년 8월 31일 19시,금요일,강원도 동해시 동회동,경상사고,0,0,1,0,차대사람 - 횡단중,보행자보호의무위반,건조,흐림,교차로 - 교차로부근,화물,남,46세,상해없음,보행자,남,60세,경상
2012083100100599,2012년 8월 31일 21시,금요일,강원도 춘천시 퇴계동,경상사고,0,0,2,0,차대차 - 추돌 - 진행중,안전거리미확보,건조,맑음,단일로 - 기타,승용,여,26세,상해없음,승용,여,38세,경상
2012083100100641,2012년 8월 31일 22시,금요일,강원도 원주시 단구동,중상사고,0,3,0,0,차대차 - 측면직각충돌,신호위반,건조,맑음,교차로 - 교차로안,승용,여,53세,중상,승용,여,41세,중상
2012090100100019,2012년 9월 1일 00시,토요일,강원도 원주시 단계동,경상사고,0,0,1,0,차대차 - 추돌 - 주정차중,안전운전불이행,건조,맑음,교차로 - 교차로안,승용,남,20세,상해없음,승용,남,27세,경상
2012090100100051,2012년 9월 1일 01시,토요일,강원도 춘천시 효자동,경상사고,0,0,3,0,차대차 - 추돌 - 진행중,중앙선침범,건조,맑음,교차로 - 교차로안,승용,남,23세,상해없음,승용,남,38세,경상
2012090100100099,2012년 9월 1일 03시,토요일,강원도 홍천군 홍천읍,경상사고,0,0,1,0,차량단독 - 공작물충돌,안전운전불이행,건조,맑음,단일로 - 기타,승용,남,26세,상해없음,,,,
2012090100100146,2012년 9월 1일 06시,토요일,강원도 횡성군 안흥면,중상사고,0,1,0,0,차량단독 - 공작물충돌,안전운전불이행,건조,흐림,단일로 - 기타,승용,남,28세,상해없음,,,,
2012090100100230,2012년 9월 1일 10시,토요일,강원도 속초시 교동,중상사고,0,1,0,0,차대사람 - 차도통행중,안전운전불이행,건조,맑음,교차로 - 교차로부근,원동기,남,78세,상해없음,보행자,여,74세,중상
2012090100100262,2012년 9월 1일 11시,토요일,강원도 춘천시 온의동,경상사고,0,0,1,0,차대차 - 측면직각충돌,안전운전불이행,건조,맑음,단일로 - 기타,화물,남,43세,상해없음,승용,여,48세,경상
2012090100100263,2012년 9월 1일 11시,토요일,강원도 강릉시 죽헌동,경상사고,0,0,2,0,차대차 - 기타,안전거리미확보,건조,맑음,교차로 - 교차로부근,승용,남,59세,상해없음,승용,남,64세,경상
2012090100100323,2012년 9월 1일 13시,토요일,강원도 춘천시 석사동,중상사고,0,1,0,0,차대사람 - 보도통행중,안전운전불이행,건조,맑음,단일로 - 기타,승용,남,51세,상해없음,보행자,여,77세,중상
2012090100100324,2012년 9월 1일 13시,토요일,강원도 원주시 무실동,경상사고,0,0,3,0,차대차 - 기타,안전운전불이행,건조,맑음,단일로 - 기타,승용,남,51세,상해없음,승용,남,35세,경상
2012090100100357,2012년 9월 1일 14시,토요일,강원도 춘천시 후평동,경상사고,0,0,2,0,차대차 - 측면직각충돌,안전운전불이행,건조,맑음,단일로 - 기타,승용,남,58세,상해없음,승용,남,52세,경상
2012090100100358,2012년 9월 1일 14시,토요일,강원도 춘천시 남산면,경상사고,0,0,1,0,차대차 - 측면직각충돌,기타,건조,맑음,단일로 - 기타,승합,남,50세,상해없음,승용,남,38세,경상
2012090100100388,2012년 9월 1일 15시,토요일,강원도 춘천시 퇴계동,경상사고,0,0,1,0,차대차 - 측면직각충돌,안전거리미확보,건조,맑음,단일로 - 기타,승용,남,48세,상해없음,승용,여,48세,경상
2012090100100389,2012년 9월 1일 15시,토요일,강원도 태백시 문곡동,중상사고,0,1,0,0,차량단독 - 공작물충돌,안전운전불이행,건조,맑음,단일로 - 기타,화물,남,57세,상해없음,,,,
2012090100100463,2012년 9월 1일 17시,토요일,강원도 춘천시 남산면,경상사고,0,0,1,0,차대사람 - 횡단중,안전운전불이행,건조,맑음,단일로 - 기타,승용,여,19세,상해없음,보행자,여,29세,경상
2012090100100464,2012년 9월 1일 17시,토요일,강원도 원주시 단구동,중상사고,0,1,2,0,차대차 - 측면직각충돌,직진우회전진행방해,건조,맑음,교차로 - 교차로안,원동기,남,17세,경상,승용,남,30세,중상
2012090100100465,2012년 9월 1일 17시,토요일,강원도 원주시 관설동,중상사고,0,1,1,0,차대차 - 정면충돌,안전운전불이행,건조,맑음,교차로 - 교차로안,자전거,남,14세,경상,승용,남,29세,상해없음
2012090100100502,2012년 9월 1일 18시,토요일,강원도 고성군 죽왕면,중상사고,0,1,1,0,차대차 - 측면직각충돌,직진우회전진행방해,습기,비,교차로 - 교차로안,승용,여,27세,상해없음,승합,남,28세,중상
2012090100100572,2012년 9월 1일 20시,토요일,강원도 원주시 문막읍,중상사고,0,1,1,0,차대차 - 기타,신호위반,건조,맑음,교차로 - 교차로안,승용,여,54세,상해없음,승용,남,51세,중상
2012090100100605,2012년 9월 1일 21시,토요일,강원도 춘천시 옥천동,경상사고,0,0,1,0,차대차 - 측면직각충돌,안전운전불이행,건조,맑음,교차로 - 교차로안,승용,남,42세,상해없음,승용,여,56세,경상
2012090100100643,2012년 9월 1일 22시,토요일,강원도 춘천시 후평동,중상사고,0,1,0,0,차대사람 - 기타,보행자보호의무위반,건조,맑음,단일로 - 횡단보도상,화물,남,31세,상해없음,보행자,여,21세,중상
2012090100100644,2012년 9월 1일 22시,토요일,강원도 평창군 진부면,경상사고,0,0,5,0,차대차 - 추돌 - 주정차중,안전운전불이행,건조,흐림,단일로 - 기타,승용,여,46세,경상,승용,남,35세,경상
2012090200100040,2012년 9월 2일 02시,일요일,강원도 원주시 단계동,경상사고,0,0,1,0,차대사람 - 기타,안전운전불이행,건조,맑음,단일로 - 기타,승용,남,37세,상해없음,보행자,남,54세,경상
2012090200100189,2012년 9월 2일 11시,일요일,강원도 원주시 단구동,경상사고,0,0,3,0,차대차 - 측면직각충돌,중앙선침범,건조,맑음,단일로 - 기타,승용,남,32세,상해없음,승용,남,37세,경상
2012090200100237,2012년 9월 2일 13시,일요일,강원도 원주시 태장동,경상사고,0,0,1,0,차대차 - 측면직각충돌,직진우회전진행방해,건조,맑음,교차로 - 교차로안,원동기,남,21세,경상,승용,여,43세,기타불명
2012090200100238,2012년 9월 2일 13시,일요일,강원도 홍천군 두촌면,중상사고,0,4,4,0,차대차 - 기타,안전거리미확보,건조,맑음,단일로 - 교량,승용,남,41세,중상,승용,남,40세,상해없음
2012090200100253,2012년 9월 2일 14시,일요일,강원도 속초시 조양동,중상사고,0,1,2,0,차대차 - 측면직각충돌,직진우회전진행방해,건조,맑음,교차로 - 교차로안,승용,남,55세,상해없음,승용,여,27세,중상
2012090200100322,2012년 9월 2일 16시,일요일,강원도 양양군 서면,경상사고,0,0,1,0,차대사람 - 길가장자리구역통행중,안전운전불이행,건조,맑음,단일로 - 기타,이륜,남,42세,상해없음,보행자,남,53세,경상
2012090200100323,2012년 9월 2일 16시,일요일,강원도 삼척시 정상동,경상사고,0,0,2,0,차대차 - 추돌 - 진행중,안전거리미확보,건조,맑음,교차로 - 교차로안,건설기계,남,53세,상해없음,승용,남,26세,경상
2012090200100447,2012년 9월 2일 20시,일요일,강원도 양양군 양양읍,경상사고,0,0,1,0,차대차 - 측면직각충돌,안전운전불이행,건조,흐림,교차로 - 교차로안,승용,남,57세,상해없음,승용,남,32세,경상
2012090200100448,2012년 9월 2일 20시,일요일,강원도 태백시 소도동,중상사고,0,1,0,0,차대사람 - 기타,안전운전불이행,건조,맑음,기타 - 기타,승용,남,43세,상해없음,보행자,여,60세,중상
2012090200100481,2012년 9월 2일 21시,일요일,강원도 춘천시 소양로1가,경상사고,0,0,1,0,차대사람 - 기타,신호위반,건조,맑음,단일로 - 횡단보도상,승용,여,65세,상해없음,보행자,여,19세,경상
2012090200100482,2012년 9월 2일 21시,일요일,강원도 강릉시 왕산면,경상사고,0,0,1,0,차량단독 - 공작물충돌,안전운전불이행,건조,맑음,단일로 - 기타,승용,남,44세,상해없음,,,,
2012090200100521,2012년 9월 2일 23시,일요일,강원도 춘천시 소양로1가,경상사고,0,0,1,0,차대차 - 추돌 - 주정차중,안전거리미확보,건조,맑음,단일로 - 기타,승용,남,63세,상해없음,승용,여,32세,경상
2012090300100117,2012년 9월 3일 08시,월요일,강원도 강릉시 교동,경상사고,0,0,1,0,차량단독 - 기타,안전운전불이행,건조,맑음,단일로 - 기타,승용,남,51세,상해없음,,,,
2012090300100118,2012년 9월 3일 08시,월요일,강원도 화천군 간동면,중상사고,0,1,1,0,차대차 - 추돌 - 진행중,안전거리미확보,건조,맑음,단일로 - 기타,승용,남,36세,상해없음,승용,남,34세,중상
2012090300100181,2012년 9월 3일 10시,월요일,강원도 춘천시 후평동,경상사고,0,0,1,0,차대차 - 정면충돌,직진우회전진행방해,건조,맑음,교차로 - 교차로안,승용,여,69세,상해없음,이륜,남,29세,경상
2012090300100182,2012년 9월 3일 10시,월요일,강원도 원주시 일산동,경상사고,0,0,1,0,차대차 - 추돌 - 주정차중,안전운전불이행,건조,맑음,단일로 - 기타,승용,남,81세,상해없음,승용,남,42세,경상
2012090300100183,2012년 9월 3일 10시,월요일,강원도 원주시 단계동,경상사고,0,0,1,0,차대차 - 추돌 - 진행중,안전거리미확보,건조,맑음,교차로 - 교차로부근,승용,남,77세,상해없음,승용,여,57세,경상
2012090300100210,2012년 9월 3일 11시,월요일,강원도 횡성군 서원면,중상사고,0,3,4,0,차대차 - 정면충돌,중앙선침범,건조,맑음,단일로 - 기타,승용,여,43세,경상,승용,남,65세,경상
2012090300100239,2012년 9월 3일 12시,월요일,강원도 강릉시 옥계면,경상사고,0,0,2,0,차대차 - 측면직각충돌,안전운전불이행,건조,맑음,단일로 - 기타,이륜,남,38세,상해없음,승용,여,50세,경상
2012090300100290,2012년 9월 3일 14시,월요일,강원도 춘천시 온의동,중상사고,0,1,0,0,차대차 - 기타,안전거리미확보,건조,맑음,단일로 - 기타,승용,여,30세,상해없음,승합,남,47세,상해없음
2012090300100291,2012년 9월 3일 14시,월요일,강원도 동해시 부곡동,경상사고,0,0,1,0,차대사람 - 보도통행중,안전운전불이행,건조,맑음,교차로 - 교차로부근,이륜,남,49세,상해없음,보행자,여,57세,경상
2012090300100327,2012년 9월 3일 15시,월요일,강원도 강릉시 포남동,경상사고,0,0,2,0,차대차 - 정면충돌,기타,건조,맑음,단일로 - 기타,승용,남,50세,상해없음,승용,여,43세,경상
2012090300100328,2012년 9월 3일 15시,월요일,강원도 횡성군 횡성읍,중상사고,0,1,0,1,차대차 - 측면직각충돌,교차로운행방법위반,건조,맑음,교차로 - 교차로안,화물,남,59세,상해없음,승용,남,40세,부상신고
2012090300100329,2012년 9월 3일 15시,월요일,강원도 횡성군 횡성읍,경상사고,0,0,1,0,차대차 - 측면직각충돌,교차로운행방법위반,건조,맑음,교차로 - 교차로안,승용,남,83세,상해없음,승용,여,50세,경상
2012090300100366,2012년 9월 3일 16시,월요일,강원도 춘천시 석사동,중상사고,0,1,0,0,차대차 - 측면직각충돌,직진우회전진행방해,건조,맑음,교차로 - 교차로안,승합,남,43세,상해없음,승용,남,48세,중상
2012090300100367,2012년 9월 3일 16시,월요일,강원도 원주시 일산동,중상사고,0,1,2,0,차대차 - 추돌 - 진행중,안전운전불이행,건조,맑음,단일로 - 기타,화물,남,67세,상해없음,승용,남,36세,경상
2012090300100406,2012년 9월 3일 17시,월요일,강원도 춘천시 석사동,경상사고,0,0,2,0,차대차 - 추돌 - 진행중,안전운전불이행,건조,맑음,단일로 - 기타,승용,남,45세,상해없음,승용,남,25세,경상
2012090300100433,2012년 9월 3일 18시,월요일,강원도 강릉시 입암동,경상사고,0,0,2,0,차대차 - 추돌 - 진행중,교차로운행방법위반,건조,맑음,교차로 - 교차로안,승용,남,32세,상해없음,승용,남,38세,경상
2012090300100474,2012년 9월 3일 19시,월요일,강원도 강릉시 주문진읍,중상사고,0,1,0,0,차대차 - 기타,안전운전불이행,건조,맑음,교차로 - 교차로부근,이륜,남,70세,기타불명,승용,여,21세,중상
2012090300100475,2012년 9월 3일 19시,월요일,강원도 원주시 태장동,경상사고,0,0,5,0,차대차 - 추돌 - 진행중,안전운전불이행,건조,맑음,교차로 - 교차로부근,화물,남,47세,상해없음,승용,여,39세,경상
2012090300100476,2012년 9월 3일 19시,월요일,강원도 원주시 태장동,경상사고,0,0,1,0,차대차 - 측면직각충돌,교차로운행방법위반,건조,맑음,교차로 - 교차로부근,승용,남,51세,상해없음,승용,남,39세,경상
2012090300100517,2012년 9월 3일 20시,월요일,강원도 강릉시 노암동,중상사고,0,1,0,0,차대차 - 측면직각충돌,안전운전불이행,건조,맑음,단일로 - 기타,승용,남,19세,상해없음,이륜,여,58세,중상
2012090300100555,2012년 9월 3일 21시,월요일,강원도 강릉시 입암동,경상사고,0,0,1,0,차대차 - 추돌 - 진행중,안전운전불이행,건조,맑음,교차로 - 교차로부근,승용,남,42세,상해없음,이륜,남,20세,경상
2012090300100592,2012년 9월 3일 22시,월요일,강원도 춘천시 우두동,중상사고,0,1,0,0,차대차 - 측면직각충돌,신호위반,건조,맑음,교차로 - 교차로안,승용,남,27세,상해없음,자전거,남,37세,중상
2012090300100593,2012년 9월 3일 22시,월요일,강원도 원주시 우산동,경상사고,0,0,2,0,차대차 - 측면직각충돌,신호위반,건조,맑음,교차로 - 교차로안,이륜,남,17세,경상,승용,남,45세,상해없음
2012090300100620,2012년 9월 3일 23시,월요일,강원도 원주시 단구동,경상사고,0,0,1,0,차대차 - 추돌 - 진행중,안전거리미확보,건조,맑음,교차로 - 교차로부근,승용,남,52세,상해없음,승용,남,51세,경상
2012090400100026,2012년 9월 4일 02시,화요일,강원도 삼척시 마달동,중상사고,0,1,0,0,차량단독 - 공작물충돌,안전운전불이행,건조,맑음,단일로 - 기타,원동기,남,22세,중상,,,,
2012090400100050,2012년 9월 4일 05시,화요일,강원도 춘천시 후평동,경상사고,0,0,1,0,차대사람 - 기타,안전운전불이행,건조,맑음,단일로 - 기타,승용,남,43세,상해없음,보행자,남,73세,경상
2012090400100085,2012년 9월 4일 07시,화요일,강원도 춘천시 근화동,경상사고,0,0,1,0,차대차 - 추돌 - 진행중,안전거리미확보,건조,맑음,교차로 - 교차로부근,승용,남,47세,상해없음,승용,여,31세,경상
2012090400100086,2012년 9월 4일 07시,화요일,강원도 강릉시 포남동,경상사고,0,0,1,0,차대차 - 측면직각충돌,안전운전불이행,건조,맑음,교차로 - 교차로안,승용,남,74세,상해없음,승용,여,57세,경상
2012090400100087,2012년 9월 4일 07시,화요일,강원도 인제군 북면,경상사고,0,0,1,0,차대차 - 측면직각충돌,신호위반,건조,맑음,교차로 - 교차로안,승용,남,40세,상해없음,이륜,남,67세,경상
2012090400100128,2012년 9월 4일 08시,화요일,강원도 춘천시 퇴계동,경상사고,0,0,2,0,차대사람 - 횡단중,보행자보호의무위반,건조,맑음,단일로 - 기타,승용,남,42세,상해없음,보행자,남,26세,경상
2012090400100129,2012년 9월 4일 08시,화요일,강원도 원주시 명륜동,중상사고,0,1,0,0,차대차 - 추돌 - 진행중,안전거리미확보,건조,맑음,단일로 - 기타,원동기,남,66세,중상,승용,여,46세,상해없음
2012090400100186,2012년 9월 4일 10시,화요일,강원도 춘천시 신동면,경상사고,0,0,3,0,차대차 - 측면직각충돌,신호위반,습기,비,교차로 - 교차로안,승용,남,51세,상해없음,승용,남,77세,경상
2012090400100187,2012년 9월 4일 10시,화요일,강원도 강릉시 교동,경상사고,0,0,2,0,차대차 - 측면직각충돌,안전운전불이행,건조,맑음,교차로 - 교차로안,승용,남,62세,상해없음,승용,남,36세,경상
2012090400100210,2012년 9월 4일 11시,화요일,강원도 속초시 조양동,중상사고,0,1,0,0,차대사람 - 보도통행중,기타,건조,맑음,단일로 - 기타,화물,남,30세,상해없음,보행자,여,73세,중상
2012090400100231,2012년 9월 4일 12시,화요일,강원도 인제군 북면,경상사고,0,0,2,0,차대차 - 정면충돌,안전운전불이행,건조,맑음,단일로 - 기타,승합,여,46세,상해없음,승용,남,42세,경상
2012090400100254,2012년 9월 4일 13시,화요일,강원도 원주시 가현동,경상사고,0,0,4,0,차대차 - 측면직각충돌,신호위반,습기,비,교차로 - 교차로안,화물,남,69세,상해없음,승합,남,51세,경상
2012090400100255,2012년 9월 4일 13시,화요일,강원도 횡성군 횡성읍,사망사고,1,1,0,0,차대차 - 정면충돌,중앙선침범,습기,비,단일로 - 기타,화물,남,61세,사망,건설기계,남,38세,중상
2012090400100256,2012년 9월 4일 13시,화요일,강원도 인제군 기린면,사망사고,1,1,0,0,차량단독 - 도로외이탈 - 추락,안전운전불이행,건조,맑음,단일로 - 기타,화물,남,57세,중상,,,,
2012090400100290,2012년 9월 4일 14시,화요일,강원도 홍천군 내면,경상사고,0,0,1,0,차대차 - 기타,안전운전불이행,건조,맑음,단일로 - 기타,화물,남,40세,상해없음,화물,남,46세,경상
2012090400100318,2012년 9월 4일 15시,화요일,강원도 원주시 일산동,중상사고,0,1,0,0,차대차 - 정면충돌,안전운전불이행,건조,맑음,단일로 - 기타,승용,여,43세,상해없음,승용,여,47세,중상
2012090400100346,2012년 9월 4일 16시,화요일,강원도 춘천시 석사동,경상사고,0,0,2,0,차대차 - 추돌 - 진행중,안전운전불이행,습기,비,교차로 - 교차로부근,승용,남,60세,상해없음,승용,여,39세,경상
2012090400100347,2012년 9월 4일 16시,화요일,강원도 양구군 양구읍,경상사고,0,0,1,0,차대사람 - 횡단중,보행자보호의무위반,건조,맑음,단일로 - 횡단보도상,승용,남,67세,상해없음,보행자,남,5세,경상
2012090400100391,2012년 9월 4일 17시,화요일,강원도 춘천시 퇴계동,경상사고,0,0,1,0,차대차 - 기타,교차로운행방법위반,건조,맑음,교차로 - 교차로안,승용,여,52세,상해없음,화물,남,43세,경상
2012090400100427,2012년 9월 4일 18시,화요일,강원도 춘천시 석사동,경상사고,0,0,1,0,차대차 - 기타,안전운전불이행,건조,맑음,단일로 - 기타,승용,남,52세,상해없음,승용,남,27세,경상
2012090400100428,2012년 9월 4일 18시,화요일,강원도 원주시 개운동,경상사고,0,0,1,0,차대사람 - 횡단중,안전운전불이행,건조,맑음,단일로 - 기타,승용,여,49세,상해없음,보행자,남,51세,경상
2012090400100429,2012년 9월 4일 18시,화요일,강원도 원주시 학성동,경상사고,0,0,4,0,차대차 - 추돌 - 주정차중,안전거리미확보,습기,비,단일로 - 기타,승합,남,57세,경상,승용,남,51세,상해없음
2012090400100478,2012년 9월 4일 19시,화요일,강원도 춘천시 운교동,중상사고,0,1,0,0,차대사람 - 횡단중,보행자보호의무위반,습기,비,단일로 - 횡단보도상,승용,남,37세,상해없음,보행자,여,17세,중상
2012090400100479,2012년 9월 4일 19시,화요일,강원도 강릉시 교동,경상사고,0,0,1,0,차대사람 - 횡단중,보행자보호의무위반,습기,비,단일로 - 기타,승용,남,22세,상해없음,보행자,여,28세,경상
2012090400100480,2012년 9월 4일 19시,화요일,강원도 원주시 단구동,중상사고,0,1,0,0,차대차 - 추돌 - 진행중,안전운전불이행,습기,비,교차로 - 교차로부근,승용,남,28세,상해없음,원동기,남,43세,중상
2012090400100541,2012년 9월 4일 20시,화요일,강원도 춘천시 온의동,경상사고,0,0,1,0,차대차 - 추돌 - 진행중,기타,습기,비,교차로 - 교차로부근,승용,남,61세,상해없음,승용,여,52세,경상