사고번호,사고일시,요일,시군구,사고내용,사망자수,중상자수,경상자수,부상신고자수,사고유형,법규위반,노면상태,기상상태,도로형태,가해운전자 차종,가해운전자 성별,가해운전자 연령,가해운전자 상해정도,피해운전자 차종,피해운전자 성별,피해운전자 연령,피해운전자 상해정도
2012090400100542,2012년 9월 4일 20시,화요일,강원도 원주시 태장동,경상사고,0,0,1,0,차대차 - 추돌 - 주정차중,안전운전불이행,습기,비,교차로 - 교차로부근,승용,여,44세,상해없음,승용,여,49세,경상
2012090400100543,2012년 9월 4일 20시,화요일,강원도 횡성군 횡성읍,중상사고,0,1,0,0,차대사람 - 기타,안전운전불이행,습기,비,단일로 - 기타,화물,여,52세,상해없음,보행자,남,41세,중상
2012090400100585,2012년 9월 4일 21시,화요일,강원도 횡성군 공근면,사망사고,1,1,1,0,차량단독 - 공작물충돌,안전운전불이행,습기,비,단일로 - 기타,승용,남,15세,사망,,,,
2012090400100636,2012년 9월 4일 22시,화요일,강원도 원주시 명륜동,경상사고,0,0,1,0,차대차 - 측면직각충돌,신호위반,습기,비,교차로 - 교차로안,기타불명,기타불명,기타불명,기타불명,승용,남,39세,경상
2012090400100673,2012년 9월 4일 23시,화요일,강원도 강릉시 교동,중상사고,0,2,0,0,차대사람 - 횡단중,보행자보호의무위반,습기,비,단일로 - 기타,화물,남,31세,상해없음,보행자,남,43세,중상
2012090400100674,2012년 9월 4일 23시,화요일,강원도 원주시 소초면,경상사고,0,0,1,0,차대차 - 추돌 - 진행중,안전거리미확보,습기,비,단일로 - 기타,승용,남,34세,상해없음,승용,여,32세,경상
2012090500100017,2012년 9월 5일 00시,수요일,강원도 속초시 교동,중상사고,0,2,0,0,차대차 - 추돌 - 진행중,안전운전불이행,습기,비,교차로 - 교차로부근,승용,남,37세,상해없음,화물,남,59세,중상
2012090500100018,2012년 9월 5일 00시,수요일,강원도 인제군 북면,사망사고,1,0,0,0,차량단독 - 공작물충돌,안전운전불이행,습기,비,단일로 - 기타,승용,여,45세,사망,,,,
2012090500100042,2012년 9월 5일 01시,수요일,강원도 강릉시 내곡동,중상사고,0,1,0,0,차대사람 - 기타,안전운전불이행,습기,비,단일로 - 기타,승용,남,51세,상해없음,보행자,남,36세,중상
2012090500100094,2012년 9월 5일 05시,수요일,강원도 원주시 지정면,경상사고,0,0,1,0,차대차 - 정면충돌,중앙선침범,건조,맑음,단일로 - 기타,승용,여,25세,상해없음,승용,여,62세,경상
2012090500100095,2012년 9월 5일 05시,수요일,강원도 삼척시 미로면,중상사고,0,2,0,0,차대차 - 측면직각충돌,중앙선침범,습기,비,단일로 - 기타,승용,남,39세,중상,승용,남,44세,중상
2012090500100126,2012년 9월 5일 07시,수요일,강원도 춘천시 후평동,경상사고,0,0,1,0,차대사람 - 기타,보행자보호의무위반,건조,맑음,단일로 - 횡단보도상,승용,남,44세,상해없음,보행자,남,16세,경상
2012090500100127,2012년 9월 5일 07시,수요일,강원도 춘천시 후평동,경상사고,0,0,1,0,차대차 - 기타,중앙선침범,건조,맑음,단일로 - 기타,기타불명,기타불명,기타불명,기타불명,승용,남,48세,경상
2012090500100168,2012년 9월 5일 08시,수요일,강원도 춘천시 퇴계동,경상사고,0,0,1,0,차대차 - 측면직각충돌,안전운전불이행,건조,흐림,교차로 - 교차로안,승용,남,40세,상해없음,승용,남,59세,경상
2012090500100207,2012년 9월 5일 09시,수요일,강원도 원주시 일산동,경상사고,0,0,2,0,차대차 - 측면직각충돌,교차로운행방법위반,건조,맑음,교차로 - 교차로안,승용,여,43세,경상,승용,여,51세,경상
2012090500100235,2012년 9월 5일 10시,수요일,강원도 횡성군 횡성읍,중상사고,0,3,2,0,차대차 - 측면직각충돌,신호위반,건조,맑음,교차로 - 교차로안,승용,남,39세,경상,승용,여,35세,중상
2012090500100250,2012년 9월 5일 11시,수요일,강원도 철원군 갈말읍,경상사고,0,0,1,0,차대차 - 측면직각충돌,교차로운행방법위반,건조,맑음,교차로 - 교차로안,승용,여,41세,상해없음,화물,남,74세,경상
2012090500100294,2012년 9월 5일 13시,수요일,강원도 원주시 단구동,경상사고,0,0,1,0,차대차 - 측면직각충돌,직진우회전진행방해,건조,맑음,교차로 - 교차로부근,승용,여,45세,상해없음,승용,남,49세,경상
2012090500100295,2012년 9월 5일 13시,수요일,강원도 영월군 북면,중상사고,0,1,0,0,차대차 - 정면충돌,중앙선침범,건조,맑음,단일로 - 기타,승용,남,23세,상해없음,승용,남,29세,중상
2012090500100320,2012년 9월 5일 14시,수요일,강원도 강릉시 교동,경상사고,0,0,1,0,차대차 - 측면직각충돌,안전운전불이행,건조,맑음,교차로 - 교차로안,승용,남,55세,상해없음,승용,여,32세,경상
2012090500100355,2012년 9월 5일 15시,수요일,강원도 평창군 진부면,중상사고,0,2,0,0,차대차 - 기타,차로위반,건조,맑음,단일로 - 터널,화물,기타불명,기타불명,기타불명,승용,여,45세,중상
2012090500100425,2012년 9월 5일 17시,수요일,강원도 양양군 강현면,경상사고,0,0,3,0,차대차 - 추돌 - 진행중,안전운전불이행,건조,맑음,교차로 - 교차로안,원동기,남,17세,상해없음,승용,남,46세,경상
2012090500100469,2012년 9월 5일 18시,수요일,강원도 춘천시 효자동,경상사고,0,0,2,0,차대차 - 기타,안전운전불이행,건조,맑음,단일로 - 기타,승용,남,55세,상해없음,승합,남,52세,경상
2012090500100470,2012년 9월 5일 18시,수요일,강원도 동해시 천곡동,중상사고,0,2,0,0,차대차 - 정면충돌,신호위반,건조,맑음,교차로 - 교차로안,승용,남,49세,상해없음,승용,남,58세,중상
2012090500100514,2012년 9월 5일 19시,수요일,강원도 강릉시 교동,경상사고,0,0,1,0,차대차 - 측면직각충돌,신호위반,건조,맑음,교차로 - 교차로부근,승용,여,56세,상해없음,원동기,남,23세,경상
2012090500100515,2012년 9월 5일 19시,수요일,강원도 원주시 단구동,경상사고,0,0,1,0,차대차 - 기타,차로위반,건조,기타,교차로 - 교차로안,승용,여,52세,상해없음,승용,남,29세,경상
2012090500100516,2012년 9월 5일 19시,수요일,강원도 홍천군 동면,경상사고,0,0,1,0,차대차 - 기타,중앙선침범,건조,맑음,단일로 - 기타,화물,남,58세,상해없음,화물,남,54세,경상
2012090500100555,2012년 9월 5일 20시,수요일,강원도 원주시 중앙동,경상사고,0,0,4,0,차대차 - 측면직각충돌,신호위반,건조,맑음,교차로 - 교차로안,승용,여,42세,상해없음,승용,남,46세,경상
2012090500100589,2012년 9월 5일 21시,수요일,강원도 춘천시 효자동,경상사고,0,0,2,0,차대차 - 측면직각충돌,중앙선침범,건조,맑음,단일로 - 기타,승용,남,27세,상해없음,이륜,여,28세,경상
2012090500100609,2012년 9월 5일 22시,수요일,강원도 강릉시 노암동,중상사고,0,1,0,0,차대사람 - 횡단중,보행자보호의무위반,건조,맑음,단일로 - 횡단보도상,승용,남,52세,상해없음,보행자,여,17세,중상
2012090600100014,2012년 9월 6일 00시,목요일,강원도 원주시 일산동,경상사고,0,0,1,0,차대차 - 기타,안전운전불이행,건조,맑음,교차로 - 교차로안,승용,남,22세,상해없음,승용,남,36세,상해없음
2012090600100030,2012년 9월 6일 01시,목요일,강원도 춘천시 후평동,경상사고,0,0,1,0,차대차 - 기타,안전운전불이행,건조,맑음,교차로 - 교차로부근,승용,남,19세,상해없음,승용,여,43세,경상
2012090600100091,2012년 9월 6일 06시,목요일,강원도 춘천시 퇴계동,경상사고,0,0,4,0,차대차 - 측면직각충돌,교차로운행방법위반,건조,맑음,교차로 - 교차로안,승용,남,59세,상해없음,승용,여,45세,경상
2012090600100092,2012년 9월 6일 06시,목요일,강원도 영월군 한반도면,중상사고,0,5,0,1,차대차 - 정면충돌,중앙선침범,습기,안개,기타 - 기타,화물,남,70세,중상,화물,남,54세,부상신고
2012090600100093,2012년 9월 6일 06시,목요일,강원도 홍천군 홍천읍,경상사고,0,0,1,0,차대차 - 기타,교차로운행방법위반,건조,맑음,교차로 - 교차로안,원동기,여,53세,경상,화물,남,58세,상해없음
2012090600100094,2012년 9월 6일 06시,목요일,강원도 고성군 죽왕면,중상사고,0,1,0,0,차대사람 - 차도통행중,안전운전불이행,건조,맑음,단일로 - 기타,승합,남,21세,상해없음,보행자,여,57세,중상
2012090600100166,2012년 9월 6일 08시,목요일,강원도 원주시 단구동,중상사고,0,1,0,0,차대사람 - 기타,안전운전불이행,건조,맑음,단일로 - 기타,승용,남,55세,상해없음,보행자,여,29세,중상
2012090600100167,2012년 9월 6일 08시,목요일,강원도 홍천군 홍천읍,중상사고,0,1,0,0,차대사람 - 기타,안전운전불이행,건조,흐림,기타 - 기타,화물,남,25세,상해없음,보행자,남,21세,중상
2012090600100168,2012년 9월 6일 08시,목요일,강원도 원주시 호저면,사망사고,1,1,0,0,차대차 - 추돌 - 주정차중,안전운전불이행,건조,맑음,단일로 - 기타,화물,남,34세,중상,화물,남,50세,상해없음
2012090600100203,2012년 9월 6일 09시,목요일,강원도 인제군 북면,사망사고,1,0,0,0,차대차 - 정면충돌,안전운전불이행,건조,맑음,교차로 - 교차로안,승용,남,47세,상해없음,원동기,남,66세,사망
2012090600100231,2012년 9월 6일 10시,목요일,강원도 원주시 단구동,경상사고,0,0,1,0,차대차 - 측면직각충돌,교차로운행방법위반,건조,맑음,교차로 - 교차로안,승용,남,65세,상해없음,화물,남,59세,경상
2012090600100232,2012년 9월 6일 10시,목요일,강원도 원주시 호저면,중상사고,0,1,1,0,차대차 - 기타,기타,건조,맑음,단일로 - 기타,화물,여,50세,상해없음,원동기,남,71세,경상
2012090600100233,2012년 9월 6일 10시,목요일,강원도 동해시 천곡동,경상사고,0,0,1,0,차대차 - 측면직각충돌,신호위반,건조,맑음,교차로 - 교차로안,승용,남,48세,상해없음,승용,남,64세,경상
2012090600100267,2012년 9월 6일 11시,목요일,강원도 강릉시 난곡동,경상사고,0,0,1,0,차대차 - 추돌 - 주정차중,안전거리미확보,건조,맑음,교차로 - 교차로부근,승용,남,27세,상해없음,승용,여,30세,경상
2012090600100268,2012년 9월 6일 11시,목요일,강원도 원주시 학성동,경상사고,0,0,1,0,차대차 - 기타,안전거리미확보,건조,맑음,단일로 - 기타,원동기,남,42세,기타불명,승용,남,56세,상해없음
2012090600100293,2012년 9월 6일 12시,목요일,강원도 강릉시 포남동,경상사고,0,0,1,0,차대사람 - 기타,안전운전불이행,건조,맑음,단일로 - 기타,승용,여,39세,상해없음,보행자,여,56세,경상
2012090600100294,2012년 9월 6일 12시,목요일,강원도 원주시 원동,경상사고,0,0,1,0,차대사람 - 기타,안전운전불이행,건조,맑음,단일로 - 기타,승용,여,35세,상해없음,보행자,여,55세,경상
2012090600100317,2012년 9월 6일 13시,목요일,강원도 삼척시 남양동,경상사고,0,0,1,0,차대차 - 측면직각충돌,안전운전불이행,건조,맑음,교차로 - 교차로부근,승용,여,57세,상해없음,승용,여,48세,경상
2012090600100355,2012년 9월 6일 14시,목요일,강원도 원주시 단구동,경상사고,0,0,1,0,차대차 - 측면직각충돌,안전운전불이행,건조,맑음,교차로 - 교차로부근,승용,남,41세,상해없음,원동기,남,45세,경상
2012090600100379,2012년 9월 6일 15시,목요일,강원도 강릉시 교동,경상사고,0,0,2,0,차대차 - 추돌 - 주정차중,안전운전불이행,건조,맑음,단일로 - 기타,승용,여,54세,상해없음,승용,남,58세,경상
2012090600100380,2012년 9월 6일 15시,목요일,강원도 정선군 신동읍,경상사고,0,0,3,0,차대차 - 추돌 - 진행중,안전운전불이행,건조,맑음,교차로 - 교차로부근,화물,남,51세,상해없음,건설기계,남,58세,상해없음
2012090600100475,2012년 9월 6일 17시,목요일,강원도 춘천시 효자동,중상사고,0,1,0,0,차대차 - 측면직각충돌,안전거리미확보,건조,맑음,단일로 - 기타,승용,남,50세,상해없음,원동기,여,45세,중상
2012090600100476,2012년 9월 6일 17시,목요일,강원도 강릉시 입암동,경상사고,0,0,1,0,차대차 - 추돌 - 진행중,신호위반,건조,맑음,교차로 - 교차로안,승용,남,55세,상해없음,자전거,남,73세,경상
2012090600100477,2012년 9월 6일 17시,목요일,강원도 태백시 화전동,경상사고,0,0,3,0,차대차 - 측면직각충돌,교차로운행방법위반,건조,맑음,교차로 - 교차로안,승용,남,61세,상해없음,승용,여,20세,경상
2012090600100575,2012년 9월 6일 19시,목요일,강원도 춘천시 효자동,중상사고,0,1,0,0,차대사람 - 횡단중,안전운전불이행,건조,맑음,단일로 - 기타,승용,남,63세,상해없음,보행자,여,52세,중상
2012090600100576,2012년 9월 6일 19시,목요일,강원도 춘천시 근화동,경상사고,0,0,1,0,차대사람 - 횡단중,보행자보호의무위반,건조,맑음,단일로 - 기타,승용,여,57세,상해없음,보행자,여,28세,경상
2012090600100577,2012년 9월 6일 19시,목요일,강원도 속초시 영랑동,중상사고,0,1,0,0,차대차 - 측면직각충돌,안전운전불이행,건조,맑음,교차로 - 교차로안,이륜,남,16세,상해없음,자전거,남,43세,중상
2012090600100623,2012년 9월 6일 20시,목요일,강원도 원주시 명륜동,경상사고,0,0,2,0,차대차 - 측면직각충돌,중앙선침범,건조,맑음,단일로 - 기타,승용,여,43세,상해없음,화물,남,48세,경상
2012090600100624,2012년 9월 6일 20시,목요일,강원도 양양군 양양읍,중상사고,0,1,0,0,차대차 - 측면직각충돌,교차로운행방법위반,건조,맑음,교차로 - 교차로안,승용,남,62세,상해없음,승용,남,51세,상해없음
2012090600100697,2012년 9월 6일 22시,목요일,강원도 춘천시 석사동,경상사고,0,0,1,0,차대차 - 측면직각충돌,안전운전불이행,건조,맑음,단일로 - 기타,승용,남,37세,상해없음,승용,여,45세,경상
2012090600100723,2012년 9월 6일 23시,목요일,강원도 속초시 교동,중상사고,0,1,0,0,차대차 - 측면직각충돌,교차로운행방법위반,건조,맑음,교차로 - 교차로안,화물,남,72세,상해없음,이륜,남,50세,중상
2012090700100039,2012년 9월 7일 02시,금요일,강원도 홍천군 홍천읍,경상사고,0,0,1,0,차량단독 - 공작물충돌,안전운전불이행,건조,맑음,단일로 - 기타,승용,남,53세,상해없음,,,,
2012090700100058,2012년 9월 7일 04시,금요일,강원도 춘천시 석사동,경상사고,0,0,1,1,차대차 - 측면직각충돌,신호위반,습기,맑음,교차로 - 교차로안,승용,남,55세,상해없음,승용,남,29세,부상신고
2012090700100108,2012년 9월 7일 07시,금요일,강원도 원주시 우산동,경상사고,0,0,1,0,차대차 - 기타,안전운전불이행,건조,맑음,교차로 - 교차로안,승용,남,53세,상해없음,자전거,남,18세,경상
2012090700100143,2012년 9월 7일 08시,금요일,강원도 원주시 학성동,경상사고,0,0,1,0,차대차 - 측면직각충돌,안전거리미확보,건조,맑음,단일로 - 기타,승용,남,49세,상해없음,이륜,남,65세,경상
2012090700100180,2012년 9월 7일 09시,금요일,강원도 춘천시 퇴계동,부상신고사고,0,0,0,1,차대차 - 측면직각충돌,기타,건조,맑음,교차로 - 교차로안,화물,남,53세,상해없음,승용,남,62세,부상신고
2012090700100213,2012년 9월 7일 10시,금요일,강원도 철원군 근남면,중상사고,0,9,1,0,차대차 - 측면직각충돌,중앙선침범,건조,맑음,단일로 - 기타,화물,남,76세,중상,승합,남,44세,상해없음
2012090700100235,2012년 9월 7일 11시,금요일,강원도 춘천시 퇴계동,경상사고,0,0,1,0,차대차 - 측면직각충돌,기타,건조,맑음,단일로 - 기타,승용,남,76세,상해없음,승용,남,57세,경상
2012090700100299,2012년 9월 7일 13시,금요일,강원도 춘천시 약사동,경상사고,0,0,1,0,차대차 - 측면직각충돌,신호위반,건조,맑음,교차로 - 교차로안,승용,남,67세,상해없음,승용,남,31세,경상
2012090700100300,2012년 9월 7일 13시,금요일,강원도 춘천시 석사동,중상사고,0,1,0,0,차대차 - 측면직각충돌,신호위반,건조,맑음,교차로 - 교차로안,승용,여,39세,상해없음,승용,여,31세,중상
2012090700100301,2012년 9월 7일 13시,금요일,강원도 횡성군 안흥면,중상사고,0,3,1,0,차대차 - 정면충돌,중앙선침범,건조,맑음,단일로 - 기타,화물,남,49세,상해없음,승용,남,57세,상해없음
2012090700100329,2012년 9월 7일 14시,금요일,강원도 춘천시 후평동,경상사고,0,0,2,0,차대차 - 측면직각충돌,안전거리미확보,건조,맑음,교차로 - 교차로부근,승용,여,53세,상해없음,승용,여,47세,경상
2012090700100330,2012년 9월 7일 14시,금요일,강원도 원주시 부론면,중상사고,0,1,0,0,차대사람 - 횡단중,안전운전불이행,건조,맑음,단일로 - 기타,승용,남,43세,상해없음,보행자,여,70세,중상
2012090700100354,2012년 9월 7일 15시,금요일,강원도 평창군 봉평면,경상사고,0,0,1,0,차대사람 - 길가장자리구역통행중,안전운전불이행,건조,맑음,단일로 - 기타,승용,남,58세,상해없음,보행자,남,50세,경상
2012090700100475,2012년 9월 7일 18시,금요일,강원도 강릉시 노암동,경상사고,0,0,1,0,차대차 - 측면직각충돌,안전운전불이행,건조,맑음,단일로 - 기타,승용,여,41세,상해없음,이륜,남,19세,경상
2012090700100507,2012년 9월 7일 19시,금요일,강원도 춘천시 효자동,중상사고,0,1,0,0,차대사람 - 횡단중,안전운전불이행,건조,맑음,단일로 - 횡단보도부근,원동기,남,16세,상해없음,보행자,여,31세,중상
2012090700100554,2012년 9월 7일 20시,금요일,강원도 원주시 무실동,경상사고,0,0,3,0,차대차 - 측면직각충돌,교차로운행방법위반,건조,흐림,교차로 - 교차로안,승용,남,45세,상해없음,승합,남,54세,경상
2012090700100555,2012년 9월 7일 20시,금요일,강원도 속초시 교동,경상사고,0,0,1,0,차대차 - 측면직각충돌,안전운전불이행,건조,맑음,단일로 - 기타,승용,남,32세,상해없음,승용,여,53세,경상
2012090700100588,2012년 9월 7일 21시,금요일,강원도 원주시 문막읍,경상사고,0,0,1,0,차량단독 - 기타,기타,건조,맑음,단일로 - 기타,승합,남,45세,상해없음,,,,
2012090700100622,2012년 9월 7일 22시,금요일,강원도 원주시 귀래면,경상사고,0,0,3,0,차대차 - 추돌 - 진행중,과속,건조,맑음,단일로 - 기타,승용,남,30세,상해없음,화물,남,35세,경상
2012090700100623,2012년 9월 7일 22시,금요일,강원도 고성군 토성면,경상사고,0,0,1,0,차량단독 - 공작물충돌,안전운전불이행,건조,맑음,단일로 - 기타,승용,여,27세,상해없음,,,,
2012090800100092,2012년 9월 8일 01시,토요일,강원도 원주시 단계동,경상사고,0,0,1,0,차대차 - 추돌 - 진행중,안전운전불이행,습기,비,단일로 - 기타,승용,남,30세,상해없음,승용,남,45세,경상
2012090800100093,2012년 9월 8일 01시,토요일,강원도 속초시 대포동,경상사고,0,0,4,0,차대차 - 측면직각충돌,안전운전불이행,습기,비,단일로 - 기타,화물,남,50세,상해없음,승용,남,55세,경상
2012090800100135,2012년 9월 8일 02시,토요일,강원도 춘천시 효자동,중상사고,0,2,0,0,차대사람 - 횡단중,안전운전불이행,습기,비,단일로 - 기타,승용,남,35세,상해없음,보행자,남,24세,중상
2012090800100136,2012년 9월 8일 02시,토요일,강원도 원주시 명륜동,경상사고,0,0,4,0,차대차 - 추돌 - 진행중,안전거리미확보,습기,비,교차로 - 교차로부근,승용,남,34세,상해없음,승용,남,32세,경상
2012090800100167,2012년 9월 8일 03시,토요일,강원도 강릉시 주문진읍,경상사고,0,0,2,0,차대차 - 추돌 - 진행중,안전운전불이행,습기,비,교차로 - 교차로안,승용,남,39세,상해없음,승용,남,31세,경상
2012090800100188,2012년 9월 8일 04시,토요일,강원도 강릉시 교동,경상사고,0,0,2,0,차대차 - 측면직각충돌,중앙선침범,습기,비,단일로 - 기타,승용,여,47세,상해없음,승용,남,26세,경상
2012090800100253,2012년 9월 8일 08시,토요일,강원도 원주시 행구동,경상사고,0,0,2,0,차대차 - 추돌 - 진행중,기타,건조,맑음,교차로 - 교차로안,승용,남,24세,상해없음,승용,남,28세,경상
2012090800100254,2012년 9월 8일 08시,토요일,강원도 동해시 망상동,중상사고,0,2,0,0,차대차 - 기타,중앙선침범,습기,흐림,단일로 - 기타,승용,남,39세,상해없음,화물,남,37세,중상
2012090800100268,2012년 9월 8일 09시,토요일,강원도 원주시 학성동,중상사고,0,1,0,0,차대차 - 추돌 - 진행중,직진우회전진행방해,건조,맑음,교차로 - 교차로안,승용,남,43세,상해없음,자전거,여,47세,중상
2012090800100324,2012년 9월 8일 11시,토요일,강원도 속초시 교동,경상사고,0,0,1,0,차대사람 - 보도통행중,기타,건조,흐림,단일로 - 기타,승용,남,72세,상해없음,보행자,여,37세,경상
2012090800100325,2012년 9월 8일 11시,토요일,강원도 홍천군 서면,중상사고,0,1,0,0,차량단독 - 전도전복,안전운전불이행,건조,흐림,기타 - 기타,화물,남,50세,상해없음,,,,
2012090800100326,2012년 9월 8일 11시,토요일,강원도 고성군 토성면,부상신고사고,0,0,0,1,차량단독 - 공작물충돌,안전운전불이행,건조,맑음,단일로 - 기타,승용,남,22세,상해없음,,,,
2012090800100358,2012년 9월 8일 12시,토요일,강원도 강릉시 초당동,경상사고,0,0,1,0,차대차 - 기타,기타,건조,맑음,교차로 - 교차로부근,승용,남,23세,상해없음,자전거,남,11세,경상
2012090800100388,2012년 9월 8일 13시,토요일,강원도 철원군 동송읍,경상사고,0,0,3,0,차대차 - 측면직각충돌,교차로운행방법위반,건조,흐림,교차로 - 교차로안,승용,여,38세,상해없음,승용,여,41세,경상
2012090800100420,2012년 9월 8일 14시,토요일,강원도 속초시 설악동,경상사고,0,0,2,0,차대차 - 추돌 - 진행중,안전운전불이행,건조,맑음,단일로 - 기타,승용,여,47세,상해없음,승용,여,31세,경상
2012090800100421,2012년 9월 8일 14시,토요일,강원도 동해시 망상동,중상사고,0,1,1,0,차대차 - 기타,중앙선침범,건조,맑음,단일로 - 기타,승용,여,52세,상해없음,승합,남,42세,상해없음
2012090800100422,2012년 9월 8일 14시,토요일,강원도 동해시 북평동,경상사고,0,0,1,0,차대차 - 측면직각충돌,안전운전불이행,건조,맑음,단일로 - 기타,화물,남,51세,상해없음,승용,여,36세,경상
2012090800100451,2012년 9월 8일 15시,토요일,강원도 춘천시 신동면,경상사고,0,0,3,0,차대차 - 추돌 - 진행중,안전운전불이행,건조,맑음,단일로 - 기타,승용,남,46세,상해없음,승용,남,24세,경상
2012090800100452,2012년 9월 8일 15시,토요일,강원도 원주시 중앙동,경상사고,0,0,1,0,차대사람 - 횡단중,보행자보호의무위반,건조,맑음,단일로 - 기타,승용,남,69세,상해없음,보행자,여,70세,경상
2012090800100490,2012년 9월 8일 16시,토요일,강원도 춘천시 소양로1가,중상사고,0,1,0,0,차대차 - 측면직각충돌,안전운전불이행,건조,맑음,단일로 - 기타,화물,남,63세,상해없음,자전거,여,65세,중상
2012090800100491,2012년 9월 8일 16시,토요일,강원도 춘천시 퇴계동,경상사고,0,0,1,0,차대사람 - 기타,안전운전불이행,건조,맑음,단일로 - 횡단보도상,기타불명,기타불명,기타불명,기타불명,보행자,여,51세,경상
2012090800100493,2012년 9월 8일 16시,토요일,강원도 강릉시 주문진읍,경상사고,0,0,3,0,차대차 - 측면직각충돌,교차로운행방법위반,건조,맑음,교차로 - 교차로안,승용,남,36세,상해없음,승용,남,38세,경상
2012090800100494,2012년 9월 8일 16시,토요일,강원도 원주시 명륜동,중상사고,0,1,1,0,차대차 - 추돌 - 주정차중,안전운전불이행,건조,맑음,교차로 - 교차로안,원동기,남,79세,중상,승용,남,56세,경상
2012090800100495,2012년 9월 8일 16시,토요일,강원도 동해시 북평동,경상사고,0,0,3,0,차대차 - 기타,직진우회전진행방해,건조,맑음,교차로 - 교차로안,승용,남,59세,상해없음,승용,남,56세,경상
2012090800100535,2012년 9월 8일 17시,토요일,강원도 원주시 명륜동,경상사고,0,0,1,0,차대차 - 측면직각충돌,보행자보호의무위반,건조,맑음,단일로 - 횡단보도상,이륜,남,23세,상해없음,자전거,남,52세,경상
2012090800100565,2012년 9월 8일 18시,토요일,강원도 홍천군 홍천읍,경상사고,0,0,1,0,차대사람 - 횡단중,보행자보호의무위반,건조,맑음,교차로 - 교차로부근,승용,남,49세,상해없음,보행자,여,51세,경상
2012090800100599,2012년 9월 8일 19시,토요일,강원도 원주시 단구동,경상사고,0,0,2,0,차대차 - 측면직각충돌,교차로운행방법위반,건조,맑음,교차로 - 교차로안,승용,남,26세,상해없음,승용,여,35세,경상
2012090800100600,2012년 9월 8일 19시,토요일,강원도 속초시 청학동,중상사고,0,1,0,0,차대사람 - 차도통행중,안전운전불이행,건조,맑음,단일로 - 기타,원동기,남,16세,상해없음,보행자,여,40세,중상
2012090800100601,2012년 9월 8일 19시,토요일,강원도 횡성군 횡성읍,경상사고,0,0,1,0,차대사람 - 길가장자리구역통행중,안전운전불이행,기타,흐림,기타 - 기타,화물,남,70세,상해없음,보행자,남,43세,경상
2012090800100639,2012년 9월 8일 20시,토요일,강원도 강릉시 강문동,경상사고,0,0,1,0,차대차 - 추돌 - 주정차중,신호위반,건조,맑음,교차로 - 교차로안,승용,남,23세,기타불명,승용,남,25세,경상
2012090800100640,2012년 9월 8일 20시,토요일,강원도 원주시 명륜동,중상사고,0,2,0,0,차대차 - 추돌 - 진행중,안전운전불이행,건조,맑음,단일로 - 기타,승용,남,47세,상해없음,이륜,남,16세,중상
2012090800100641,2012년 9월 8일 20시,토요일,강원도 삼척시 정상동,경상사고,0,0,2,0,차대차 - 추돌 - 주정차중,안전운전불이행,건조,맑음,교차로 - 교차로부근,승용,남,63세,상해없음,승용,남,40세,경상
2012090800100642,2012년 9월 8일 20시,토요일,강원도 동해시 대구동,경상사고,0,0,1,0,차대차 - 측면직각충돌,차로위반,건조,맑음,단일로 - 기타,이륜,남,17세,상해없음,승용,남,52세,상해없음
2012090800100672,2012년 9월 8일 21시,토요일,강원도 춘천시 동면,경상사고,0,0,2,0,차대차 - 측면직각충돌,안전운전불이행,건조,맑음,교차로 - 교차로부근,승용,남,62세,상해없음,승용,남,33세,경상
2012090800100697,2012년 9월 8일 22시,토요일,강원도 춘천시 삼천동,중상사고,0,1,0,0,차대차 - 기타,중앙선침범,건조,맑음,단일로 - 기타,기타불명,기타불명,기타불명,기타불명,이륜,남,53세,중상
2012090800100724,2012년 9월 8일 23시,토요일,강원도 원주시 학성동,중상사고,0,1,0,0,차량단독 - 기타,안전운전불이행,건조,맑음,단일로 - 기타,기타불명,기타불명,기타불명,기타불명,,,,
2012090800100725,2012년 9월 8일 23시,토요일,강원도 영월군 영월읍,중상사고,0,1,0,0,차대차 - 정면충돌,교차로운행방법위반,건조,맑음,교차로 - 교차로안,승용,여,26세,상해없음,이륜,남,16세,중상
2012090800100726,2012년 9월 8일 23시,토요일,강원도 인제군 남면,경상사고,0,0,1,0,차대차 - 측면직각충돌,중앙선침범,건조,맑음,단일로 - 기타,승용,남,68세,상해없음,승용,남,47세,경상
2012090900100011,2012년 9월 9일 00시,일요일,강원도 춘천시 효자동,경상사고,0,0,6,3,차대차 - 추돌 - 주정차중,안전운전불이행,건조,맑음,교차로 - 교차로부근,화물,남,65세,상해없음,승용,남,35세,경상
2012090900100012,2012년 9월 9일 00시,일요일,강원도 원주시 명륜동,중상사고,0,1,0,0,차대사람 - 횡단중,안전운전불이행,건조,맑음,단일로 - 기타,승용,남,27세,상해없음,보행자,남,29세,중상
2012090900100141,2012년 9월 9일 07시,일요일,강원도 양양군 강현면,중상사고,0,1,0,0,차대차 - 측면직각충돌,신호위반,건조,맑음,교차로 - 교차로안,승용,여,54세,상해없음,승용,남,59세,중상
2012090900100198,2012년 9월 9일 10시,일요일,강원도 원주시 개운동,경상사고,0,0,1,0,차대차 - 기타,안전거리미확보,건조,흐림,단일로 - 기타,승용,남,51세,상해없음,승용,남,49세,경상
2012090900100266,2012년 9월 9일 13시,일요일,강원도 원주시 단구동,사망사고,1,0,0,0,차대차 - 기타,신호위반,건조,맑음,교차로 - 교차로안,이륜,남,58세,사망,승용,남,32세,상해없음