사고번호,사고일시,요일,시군구,사고내용,사망자수,중상자수,경상자수,부상신고자수,사고유형,법규위반,노면상태,기상상태,도로형태,가해운전자 차종,가해운전자 성별,가해운전자 연령,가해운전자 상해정도,피해운전자 차종,피해운전자 성별,피해운전자 연령,피해운전자 상해정도
2012092000100275,2012년 9월 20일 13시,목요일,강원도 동해시 용정동,중상사고,0,1,0,0,차대차 - 기타,안전운전불이행,건조,맑음,단일로 - 기타,승용,남,28세,상해없음,승용,여,23세,중상
2012092000100305,2012년 9월 20일 14시,목요일,강원도 원주시 단구동,경상사고,0,0,1,0,차대차 - 추돌 - 진행중,중앙선침범,건조,맑음,교차로 - 교차로부근,자전거,남,44세,경상,승용,남,50세,상해없음
2012092000100306,2012년 9월 20일 14시,목요일,강원도 속초시 교동,경상사고,0,0,2,0,차대차 - 추돌 - 주정차중,안전운전불이행,건조,맑음,교차로 - 교차로안,승용,남,43세,상해없음,승용,여,43세,경상
2012092000100307,2012년 9월 20일 14시,목요일,강원도 동해시 망상동,경상사고,0,0,1,0,차대사람 - 기타,기타,건조,맑음,단일로 - 기타,승용,남,54세,상해없음,보행자,남,41세,경상
2012092000100331,2012년 9월 20일 15시,목요일,강원도 원주시 개운동,중상사고,0,1,0,0,차대사람 - 기타,안전운전불이행,건조,맑음,교차로 - 교차로부근,승용,남,36세,상해없음,보행자,여,66세,중상
2012092000100442,2012년 9월 20일 18시,목요일,강원도 춘천시 소양로1가,경상사고,0,0,1,0,차대차 - 정면충돌,교차로운행방법위반,건조,맑음,교차로 - 교차로안,승용,여,37세,상해없음,승용,남,58세,상해없음
2012092000100443,2012년 9월 20일 18시,목요일,강원도 원주시 개운동,경상사고,0,0,2,0,차대차 - 추돌 - 주정차중,안전운전불이행,건조,맑음,교차로 - 교차로부근,승용,남,69세,상해없음,승용,남,53세,경상
2012092000100444,2012년 9월 20일 18시,목요일,강원도 양양군 양양읍,경상사고,0,0,1,0,차대차 - 추돌 - 진행중,안전운전불이행,건조,맑음,단일로 - 기타,승용,남,63세,상해없음,화물,남,39세,경상
2012092000100492,2012년 9월 20일 19시,목요일,강원도 춘천시 후평동,경상사고,0,0,1,0,차대차 - 측면직각충돌,기타,건조,맑음,단일로 - 기타,승용,여,34세,상해없음,이륜,여,62세,경상
2012092000100493,2012년 9월 20일 19시,목요일,강원도 원주시 명륜동,경상사고,0,0,1,0,차대차 - 추돌 - 진행중,안전운전불이행,건조,맑음,교차로 - 교차로안,승용,남,52세,상해없음,원동기,남,18세,경상
2012092000100541,2012년 9월 20일 20시,목요일,강원도 강릉시 교동,경상사고,0,0,1,0,차대차 - 측면직각충돌,안전운전불이행,건조,맑음,교차로 - 교차로부근,승용,남,29세,상해없음,승용,여,32세,경상
2012092000100582,2012년 9월 20일 21시,목요일,강원도 강릉시 포남동,경상사고,0,0,1,0,차대차 - 측면직각충돌,안전운전불이행,건조,맑음,교차로 - 교차로부근,승용,남,54세,상해없음,원동기,남,18세,경상
2012092000100583,2012년 9월 20일 21시,목요일,강원도 원주시 명륜동,중상사고,0,1,0,0,차대사람 - 횡단중,안전운전불이행,건조,맑음,단일로 - 기타,승용,남,68세,상해없음,보행자,여,74세,중상
2012092000100619,2012년 9월 20일 22시,목요일,강원도 춘천시 서면,중상사고,0,1,0,0,차대차 - 기타,기타,기타,맑음,단일로 - 기타,승합,남,58세,상해없음,이륜,남,34세,중상
2012092000100620,2012년 9월 20일 22시,목요일,강원도 원주시 인동,중상사고,0,1,0,0,차대차 - 측면직각충돌,안전거리미확보,건조,맑음,단일로 - 기타,승용,여,52세,상해없음,승용,남,64세,상해없음
2012092000100621,2012년 9월 20일 22시,목요일,강원도 삼척시 교동,중상사고,0,1,0,0,차량단독 - 전도전복,안전운전불이행,건조,맑음,단일로 - 기타,원동기,남,20세,중상,,,,
2012092100100064,2012년 9월 21일 04시,금요일,강원도 춘천시 석사동,경상사고,0,0,1,0,차대차 - 측면직각충돌,안전운전불이행,건조,맑음,교차로 - 교차로안,화물,남,58세,상해없음,승용,남,49세,경상
2012092100100065,2012년 9월 21일 04시,금요일,강원도 춘천시 퇴계동,중상사고,0,1,0,0,차대사람 - 횡단중,안전운전불이행,건조,맑음,교차로 - 교차로안,승용,여,72세,상해없음,보행자,남,49세,중상
2012092100100071,2012년 9월 21일 05시,금요일,강원도 원주시 무실동,경상사고,0,0,4,0,차대차 - 측면직각충돌,신호위반,건조,맑음,교차로 - 교차로안,승합,남,57세,상해없음,승용,남,67세,경상
2012092100100089,2012년 9월 21일 06시,금요일,강원도 홍천군 홍천읍,경상사고,0,0,1,0,차대차 - 기타,안전운전불이행,건조,맑음,교차로 - 교차로안,승용,여,56세,상해없음,승용,여,48세,경상
2012092100100109,2012년 9월 21일 07시,금요일,강원도 삼척시 교동,중상사고,0,2,0,0,차대차 - 측면직각충돌,안전운전불이행,건조,맑음,교차로 - 교차로안,이륜,남,79세,중상,승용,여,41세,상해없음
2012092100100173,2012년 9월 21일 09시,금요일,강원도 원주시 태장동,경상사고,0,0,1,0,차대차 - 기타,안전거리미확보,건조,맑음,단일로 - 기타,승용,여,25세,상해없음,승용,여,54세,경상
2012092100100174,2012년 9월 21일 09시,금요일,강원도 삼척시 오분동,경상사고,0,0,2,0,차대차 - 추돌 - 진행중,안전거리미확보,건조,맑음,교차로 - 교차로부근,승용,남,65세,상해없음,승용,남,65세,상해없음
2012092100100205,2012년 9월 21일 10시,금요일,강원도 강릉시 회산동,경상사고,0,0,4,0,차대차 - 측면직각충돌,안전운전불이행,건조,맑음,교차로 - 교차로안,승용,남,57세,상해없음,화물,남,24세,경상
2012092100100231,2012년 9월 21일 11시,금요일,강원도 춘천시 퇴계동,경상사고,0,0,1,0,차대차 - 측면직각충돌,안전운전불이행,건조,맑음,단일로 - 기타,승용,남,72세,상해없음,승용,남,45세,경상
2012092100100232,2012년 9월 21일 11시,금요일,강원도 태백시 화전동,경상사고,0,0,1,0,차대차 - 기타,안전운전불이행,건조,맑음,교차로 - 교차로부근,특수,남,44세,상해없음,이륜,남,67세,경상
2012092100100233,2012년 9월 21일 11시,금요일,강원도 철원군 갈말읍,중상사고,0,1,0,0,차대차 - 정면충돌,중앙선침범,건조,맑음,단일로 - 기타,승용,남,50세,상해없음,승용,여,58세,중상
2012092100100259,2012년 9월 21일 12시,금요일,강원도 강릉시 구정면,경상사고,0,0,1,0,차대차 - 측면직각충돌,안전운전불이행,건조,맑음,교차로 - 교차로안,농기계,남,73세,기타불명,이륜,여,45세,경상
2012092100100287,2012년 9월 21일 13시,금요일,강원도 춘천시 사농동,경상사고,0,0,3,0,차대차 - 측면직각충돌,안전거리미확보,건조,맑음,단일로 - 기타,승용,여,59세,상해없음,화물,남,37세,경상
2012092100100288,2012년 9월 21일 13시,금요일,강원도 철원군 동송읍,중상사고,0,1,0,0,차대차 - 측면직각충돌,교차로운행방법위반,건조,맑음,교차로 - 교차로안,승용,남,29세,상해없음,이륜,남,57세,중상
2012092100100318,2012년 9월 21일 14시,금요일,강원도 강릉시 교동,경상사고,0,0,1,0,차대사람 - 횡단중,신호위반,건조,맑음,단일로 - 횡단보도상,승용,여,29세,상해없음,보행자,여,8세,경상
2012092100100347,2012년 9월 21일 15시,금요일,강원도 춘천시 남산면,중상사고,0,1,2,0,차대차 - 추돌 - 주정차중,안전운전불이행,건조,맑음,교차로 - 교차로부근,승용,남,44세,상해없음,승용,여,53세,경상
2012092100100348,2012년 9월 21일 15시,금요일,강원도 홍천군 홍천읍,경상사고,0,0,1,0,차대차 - 기타,안전운전불이행,건조,맑음,단일로 - 기타,승용,남,51세,상해없음,승합,여,34세,경상
2012092100100349,2012년 9월 21일 15시,금요일,강원도 태백시 황지동,중상사고,0,1,0,0,차대사람 - 차도통행중,보행자보호의무위반,건조,맑음,단일로 - 횡단보도상,승합,남,53세,상해없음,보행자,남,68세,중상
2012092100100375,2012년 9월 21일 16시,금요일,강원도 원주시 단구동,경상사고,0,0,1,0,차대차 - 측면직각충돌,신호위반,건조,맑음,교차로 - 교차로안,승용,여,52세,상해없음,승용,남,43세,경상
2012092100100376,2012년 9월 21일 16시,금요일,강원도 고성군 토성면,경상사고,0,0,1,0,차대차 - 정면충돌,안전운전불이행,건조,맑음,단일로 - 기타,화물,여,38세,상해없음,자전거,남,53세,경상
2012092100100444,2012년 9월 21일 18시,금요일,강원도 원주시 태장동,중상사고,0,1,0,0,차대차 - 기타,안전운전불이행,건조,맑음,단일로 - 기타,화물,남,56세,상해없음,이륜,남,62세,중상
2012092100100445,2012년 9월 21일 18시,금요일,강원도 원주시 무실동,경상사고,0,0,1,0,차대사람 - 횡단중,안전운전불이행,건조,맑음,단일로 - 기타,승용,여,37세,상해없음,보행자,여,39세,경상
2012092100100446,2012년 9월 21일 18시,금요일,강원도 정선군 정선읍,경상사고,0,0,1,0,차대차 - 정면충돌,중앙선침범,건조,흐림,단일로 - 기타,승용,여,53세,상해없음,승합,남,48세,경상
2012092100100447,2012년 9월 21일 18시,금요일,강원도 횡성군 안흥면,사망사고,1,1,0,0,차대차 - 정면충돌,중앙선침범,건조,맑음,단일로 - 기타,화물,남,68세,중상,승용,여,59세,사망
2012092100100448,2012년 9월 21일 18시,금요일,강원도 횡성군 횡성읍,중상사고,0,1,0,0,차대차 - 측면직각충돌,교차로운행방법위반,습기,비,교차로 - 교차로안,승용,남,23세,상해없음,이륜,남,71세,중상
2012092100100501,2012년 9월 21일 19시,금요일,강원도 춘천시 효자동,중상사고,0,1,0,2,차대차 - 추돌 - 주정차중,안전거리미확보,건조,맑음,단일로 - 기타,승용,여,33세,상해없음,승용,남,49세,부상신고
2012092100100502,2012년 9월 21일 19시,금요일,강원도 철원군 서면,경상사고,0,0,1,0,차대차 - 측면직각충돌,중앙선침범,건조,맑음,단일로 - 기타,승용,남,44세,상해없음,화물,남,44세,경상
2012092100100548,2012년 9월 21일 20시,금요일,강원도 정선군 남면,경상사고,0,0,1,0,차대차 - 측면직각충돌,안전운전불이행,건조,맑음,단일로 - 기타,기타불명,기타불명,기타불명,기타불명,승용,여,48세,경상
2012092100100549,2012년 9월 21일 20시,금요일,강원도 동해시 용정동,경상사고,0,0,1,0,차대차 - 측면직각충돌,교차로운행방법위반,건조,맑음,교차로 - 교차로안,건설기계,남,25세,상해없음,승용,남,47세,경상
2012092100100588,2012년 9월 21일 21시,금요일,강원도 강릉시 교동,경상사고,0,0,1,0,차대차 - 추돌 - 주정차중,안전운전불이행,건조,맑음,교차로 - 교차로부근,승용,여,38세,상해없음,승용,여,53세,경상
2012092100100589,2012년 9월 21일 21시,금요일,강원도 속초시 중앙동,경상사고,0,0,3,0,차대차 - 추돌 - 주정차중,안전운전불이행,건조,맑음,교차로 - 교차로안,승용,남,44세,상해없음,승용,남,55세,경상
2012092100100590,2012년 9월 21일 21시,금요일,강원도 정선군 정선읍,중상사고,0,1,0,0,차대사람 - 보도통행중,보행자보호의무위반,건조,흐림,교차로 - 교차로부근,승합,남,55세,상해없음,보행자,여,16세,중상
2012092100100631,2012년 9월 21일 22시,금요일,강원도 원주시 단계동,경상사고,0,0,2,0,차대차 - 측면직각충돌,신호위반,건조,맑음,교차로 - 교차로안,승용,여,37세,상해없음,승용,남,60세,경상
2012092100100632,2012년 9월 21일 22시,금요일,강원도 원주시 태장동,경상사고,0,0,2,0,차대차 - 기타,안전운전불이행,건조,맑음,단일로 - 기타,승용,남,32세,상해없음,승용,남,31세,경상
2012092100100633,2012년 9월 21일 22시,금요일,강원도 양양군 현북면,사망사고,1,0,2,0,차대차 - 추돌 - 주정차중,안전운전불이행,건조,맑음,교차로 - 교차로부근,화물,남,39세,사망,화물,남,38세,경상
2012092100100666,2012년 9월 21일 23시,금요일,강원도 양양군 강현면,중상사고,0,4,1,0,차량단독 - 도로외이탈 - 추락,안전운전불이행,건조,맑음,단일로 - 기타,승용,남,31세,상해없음,,,,
2012092100100667,2012년 9월 21일 23시,금요일,강원도 영월군 영월읍,중상사고,0,1,0,0,차대차 - 측면직각충돌,교차로운행방법위반,건조,맑음,교차로 - 교차로안,승용,여,47세,상해없음,승용,여,63세,중상
2012092200100010,2012년 9월 22일 00시,토요일,강원도 춘천시 효자동,경상사고,0,0,1,0,차대차 - 측면직각충돌,중앙선침범,건조,맑음,단일로 - 기타,승용,남,53세,상해없음,승용,남,18세,경상
2012092200100011,2012년 9월 22일 00시,토요일,강원도 원주시 단계동,부상신고사고,0,0,0,1,차대차 - 측면직각충돌,안전운전불이행,건조,맑음,단일로 - 기타,승용,남,44세,상해없음,승용,남,56세,부상신고
2012092200100056,2012년 9월 22일 02시,토요일,강원도 원주시 무실동,경상사고,0,0,2,0,차대차 - 추돌 - 주정차중,안전운전불이행,건조,맑음,기타 - 기타,승용,남,41세,기타불명,승용,남,30세,경상
2012092200100155,2012년 9월 22일 08시,토요일,강원도 홍천군 홍천읍,중상사고,0,1,0,0,차대사람 - 기타,신호위반,건조,맑음,단일로 - 횡단보도상,화물,남,53세,상해없음,보행자,남,75세,중상
2012092200100215,2012년 9월 22일 10시,토요일,강원도 춘천시 퇴계동,경상사고,0,0,1,0,차대차 - 추돌 - 주정차중,안전운전불이행,건조,맑음,단일로 - 기타,화물,남,40세,상해없음,승용,남,43세,경상
2012092200100216,2012년 9월 22일 10시,토요일,강원도 강릉시 옥천동,중상사고,0,2,1,0,차대차 - 측면직각충돌,안전운전불이행,건조,맑음,단일로 - 기타,승용,남,46세,중상,화물,남,39세,경상
2012092200100248,2012년 9월 22일 11시,토요일,강원도 홍천군 화촌면,중상사고,0,2,4,0,차대차 - 기타,안전거리미확보,건조,맑음,단일로 - 기타,승용,남,46세,상해없음,자전거,남,23세,경상
2012092200100342,2012년 9월 22일 14시,토요일,강원도 춘천시 후평동,중상사고,0,1,0,0,차대차 - 기타,안전운전불이행,건조,맑음,단일로 - 기타,승용,여,41세,상해없음,원동기,남,30세,중상
2012092200100343,2012년 9월 22일 14시,토요일,강원도 춘천시 동내면,경상사고,0,0,1,0,차대차 - 기타,안전운전불이행,건조,맑음,단일로 - 기타,승용,여,51세,상해없음,자전거,남,11세,경상
2012092200100344,2012년 9월 22일 14시,토요일,강원도 원주시 문막읍,중상사고,0,1,1,0,차대차 - 기타,안전거리미확보,건조,맑음,단일로 - 기타,건설기계,남,31세,상해없음,화물,남,50세,경상
2012092200100345,2012년 9월 22일 14시,토요일,강원도 영월군 상동읍,중상사고,0,1,0,0,차대차 - 추돌 - 주정차중,안전운전불이행,건조,맑음,단일로 - 기타,화물,남,45세,상해없음,승합,남,55세,상해없음
2012092200100346,2012년 9월 22일 14시,토요일,강원도 평창군 봉평면,경상사고,0,0,1,0,차대사람 - 횡단중,안전운전불이행,건조,맑음,단일로 - 기타,승용,남,38세,상해없음,보행자,여,75세,경상
2012092200100377,2012년 9월 22일 15시,토요일,강원도 춘천시 사북면,경상사고,0,0,2,0,차대차 - 측면직각충돌,중앙선침범,건조,맑음,단일로 - 기타,승용,남,46세,상해없음,승용,남,48세,경상
2012092200100413,2012년 9월 22일 16시,토요일,강원도 춘천시 후평동,중상사고,0,1,0,0,차대사람 - 횡단중,보행자보호의무위반,건조,맑음,단일로 - 횡단보도상,승용,남,45세,상해없음,보행자,여,92세,중상
2012092200100501,2012년 9월 22일 18시,토요일,강원도 춘천시 효자동,중상사고,0,1,0,0,차대차 - 기타,안전운전불이행,건조,맑음,단일로 - 횡단보도상,기타불명,기타불명,기타불명,기타불명,자전거,여,19세,중상
2012092200100502,2012년 9월 22일 18시,토요일,강원도 원주시 소초면,경상사고,0,0,7,0,차대차 - 추돌 - 주정차중,안전운전불이행,건조,맑음,단일로 - 기타,승용,남,50세,상해없음,승용,남,49세,경상
2012092200100545,2012년 9월 22일 19시,토요일,강원도 춘천시 동면,중상사고,0,1,0,0,차대사람 - 기타,안전운전불이행,건조,맑음,교차로 - 교차로부근,승용,여,57세,상해없음,보행자,여,72세,중상
2012092200100546,2012년 9월 22일 19시,토요일,강원도 춘천시 퇴계동,중상사고,0,1,0,0,차대사람 - 기타,안전운전불이행,건조,맑음,단일로 - 기타,승용,남,55세,상해없음,보행자,남,27세,중상
2012092200100582,2012년 9월 22일 20시,토요일,강원도 원주시 개운동,경상사고,0,0,1,0,차대차 - 측면직각충돌,안전운전불이행,건조,맑음,단일로 - 기타,승합,남,53세,상해없음,승용,남,52세,기타불명
2012092200100610,2012년 9월 22일 21시,토요일,강원도 강릉시 주문진읍,경상사고,0,0,1,0,차대사람 - 횡단중,보행자보호의무위반,건조,맑음,교차로 - 교차로부근,승용,남,67세,상해없음,보행자,남,54세,경상
2012092200100633,2012년 9월 22일 22시,토요일,강원도 홍천군 홍천읍,중상사고,0,1,0,0,차대차 - 기타,안전운전불이행,건조,맑음,교차로 - 교차로안,승합,여,41세,상해없음,승용,남,31세,중상
2012092200100634,2012년 9월 22일 22시,토요일,강원도 홍천군 홍천읍,경상사고,0,0,1,0,차대사람 - 기타,안전운전불이행,건조,맑음,단일로 - 기타,승용,남,40세,상해없음,보행자,여,72세,경상
2012092300100012,2012년 9월 23일 00시,일요일,강원도 원주시 단구동,경상사고,0,0,1,0,차대차 - 측면직각충돌,직진우회전진행방해,건조,맑음,교차로 - 교차로안,승용,남,25세,상해없음,원동기,남,17세,경상
2012092300100162,2012년 9월 23일 09시,일요일,강원도 춘천시 소양로3가,부상신고사고,0,0,0,1,차대차 - 기타,기타,건조,맑음,단일로 - 기타,승용,남,57세,상해없음,자전거,남,16세,부상신고
2012092300100191,2012년 9월 23일 10시,일요일,강원도 속초시 조양동,경상사고,0,0,1,0,차대사람 - 기타,안전운전불이행,건조,맑음,단일로 - 기타,승용,남,74세,상해없음,보행자,남,9세,경상
2012092300100192,2012년 9월 23일 10시,일요일,강원도 홍천군 서면,경상사고,0,0,1,0,차량단독 - 전도전복,과속,건조,맑음,단일로 - 기타,승용,남,23세,상해없음,,,,
2012092300100193,2012년 9월 23일 10시,일요일,강원도 고성군 토성면,경상사고,0,0,1,0,차대차 - 기타,안전운전불이행,건조,맑음,단일로 - 기타,승용,남,42세,상해없음,승용,남,44세,경상
2012092300100214,2012년 9월 23일 11시,일요일,강원도 춘천시 후평동,중상사고,0,1,0,0,차대사람 - 기타,안전운전불이행,건조,맑음,교차로 - 교차로부근,자전거,남,16세,상해없음,보행자,여,74세,중상
2012092300100215,2012년 9월 23일 11시,일요일,강원도 횡성군 둔내면,경상사고,0,0,2,0,차대차 - 기타,안전운전불이행,기타,맑음,기타 - 기타,승용,남,58세,기타불명,승용,남,76세,상해없음
2012092300100269,2012년 9월 23일 13시,일요일,강원도 춘천시 석사동,경상사고,0,0,1,0,차대차 - 측면직각충돌,안전운전불이행,건조,맑음,단일로 - 기타,승용,남,32세,상해없음,이륜,남,53세,경상
2012092300100270,2012년 9월 23일 13시,일요일,강원도 강릉시 임당동,경상사고,0,0,1,0,차대차 - 측면직각충돌,안전운전불이행,건조,맑음,교차로 - 교차로안,화물,남,65세,상해없음,원동기,남,18세,경상
2012092300100271,2012년 9월 23일 13시,일요일,강원도 홍천군 두촌면,중상사고,0,2,4,0,차대차 - 기타,신호위반,건조,맑음,교차로 - 교차로안,승용,남,50세,상해없음,승용,여,33세,경상
2012092300100272,2012년 9월 23일 13시,일요일,강원도 동해시 천곡동,경상사고,0,0,2,0,차대차 - 측면직각충돌,직진우회전진행방해,건조,맑음,교차로 - 교차로안,승용,여,44세,상해없음,승용,여,43세,경상
2012092300100303,2012년 9월 23일 14시,일요일,강원도 고성군 토성면,경상사고,0,0,1,0,차대차 - 기타,안전운전불이행,건조,맑음,단일로 - 기타,건설기계,남,54세,상해없음,자전거,남,12세,경상
2012092300100336,2012년 9월 23일 15시,일요일,강원도 동해시 발한동,경상사고,0,0,1,0,차대사람 - 기타,안전운전불이행,건조,맑음,단일로 - 기타,승용,남,52세,상해없음,보행자,남,71세,경상
2012092300100376,2012년 9월 23일 16시,일요일,강원도 춘천시 석사동,중상사고,0,1,0,0,차대차 - 측면직각충돌,직진우회전진행방해,건조,맑음,교차로 - 교차로안,이륜,남,21세,상해없음,이륜,남,34세,중상
2012092300100377,2012년 9월 23일 16시,일요일,강원도 춘천시 서면,경상사고,0,0,1,0,차대차 - 기타,안전운전불이행,건조,맑음,단일로 - 기타,승용,남,55세,상해없음,자전거,남,44세,경상
2012092300100378,2012년 9월 23일 16시,일요일,강원도 원주시 흥업면,경상사고,0,0,1,0,차대차 - 추돌 - 진행중,안전운전불이행,건조,맑음,교차로 - 교차로안,화물,남,55세,상해없음,승용,남,61세,경상
2012092300100379,2012년 9월 23일 16시,일요일,강원도 원주시 태장동,경상사고,0,0,1,0,차대차 - 기타,교차로운행방법위반,건조,맑음,교차로 - 교차로안,자전거,남,16세,경상,승합,여,49세,상해없음
2012092300100437,2012년 9월 23일 18시,일요일,강원도 평창군 대화면,중상사고,0,1,1,0,차대차 - 측면직각충돌,안전운전불이행,건조,맑음,단일로 - 기타,화물,남,56세,상해없음,승용,남,56세,중상
2012092300100473,2012년 9월 23일 19시,일요일,강원도 춘천시 사농동,경상사고,0,0,1,0,차대차 - 측면직각충돌,안전운전불이행,건조,맑음,교차로 - 교차로부근,승합,남,59세,상해없음,승용,남,34세,경상
2012092300100474,2012년 9월 23일 19시,일요일,강원도 강릉시 교동,경상사고,0,0,2,0,차대차 - 추돌 - 주정차중,안전운전불이행,건조,맑음,교차로 - 교차로부근,승용,남,34세,상해없음,승용,남,27세,경상
2012092300100475,2012년 9월 23일 19시,일요일,강원도 원주시 일산동,경상사고,0,0,1,0,차대차 - 측면직각충돌,직진우회전진행방해,건조,맑음,교차로 - 교차로안,이륜,남,17세,상해없음,승용,남,55세,상해없음
2012092300100528,2012년 9월 23일 21시,일요일,강원도 춘천시 우두동,경상사고,0,0,4,0,차대차 - 추돌 - 진행중,안전거리미확보,건조,맑음,단일로 - 기타,승용,여,46세,경상,승용,남,58세,상해없음
2012092300100561,2012년 9월 23일 23시,일요일,강원도 강릉시 교동,경상사고,0,0,3,0,차대차 - 추돌 - 진행중,신호위반,건조,맑음,교차로 - 교차로안,승용,남,35세,상해없음,승용,남,41세,경상
2012092400100007,2012년 9월 24일 00시,월요일,강원도 춘천시 후평동,경상사고,0,0,2,0,차대사람 - 길가장자리구역통행중,안전운전불이행,건조,맑음,교차로 - 교차로안,승용,남,33세,상해없음,보행자,남,23세,경상
2012092400100008,2012년 9월 24일 00시,월요일,강원도 춘천시 효자동,경상사고,0,0,3,0,차대차 - 측면직각충돌,안전운전불이행,건조,맑음,교차로 - 교차로부근,승용,남,46세,상해없음,승용,남,51세,경상
2012092400100029,2012년 9월 24일 02시,월요일,강원도 춘천시 효자동,경상사고,0,0,1,0,차대차 - 측면직각충돌,안전운전불이행,건조,맑음,교차로 - 교차로부근,승용,남,25세,상해없음,승용,남,30세,상해없음
2012092400100039,2012년 9월 24일 04시,월요일,강원도 춘천시 운교동,중상사고,0,2,1,0,차대차 - 측면직각충돌,신호위반,건조,맑음,교차로 - 교차로안,승용,남,66세,중상,승합,남,47세,상해없음
2012092400100063,2012년 9월 24일 06시,월요일,강원도 강릉시 교동,경상사고,0,0,1,0,차대차 - 기타,신호위반,건조,맑음,교차로 - 교차로안,승용,여,28세,기타불명,승합,남,41세,상해없음
2012092400100064,2012년 9월 24일 06시,월요일,강원도 동해시 천곡동,중상사고,0,1,0,0,차대차 - 정면충돌,중앙선침범,건조,맑음,단일로 - 기타,승용,남,41세,상해없음,화물,남,58세,중상
2012092400100086,2012년 9월 24일 07시,월요일,강원도 춘천시 후평동,중상사고,0,1,1,0,차대차 - 측면직각충돌,신호위반,건조,맑음,교차로 - 교차로안,승용,남,56세,상해없음,승용,여,30세,중상
2012092400100087,2012년 9월 24일 07시,월요일,강원도 삼척시 원덕읍,중상사고,0,1,0,0,차대사람 - 횡단중,안전운전불이행,건조,맑음,교차로 - 교차로안,승용,남,32세,상해없음,보행자,여,83세,중상
2012092400100133,2012년 9월 24일 08시,월요일,강원도 원주시 단계동,중상사고,0,1,0,0,차대차 - 측면직각충돌,안전운전불이행,건조,맑음,단일로 - 기타,승용,남,53세,상해없음,자전거,남,46세,중상
2012092400100134,2012년 9월 24일 08시,월요일,강원도 평창군 평창읍,경상사고,0,0,1,0,차대차 - 측면직각충돌,안전운전불이행,건조,맑음,교차로 - 교차로안,승용,남,34세,상해없음,승용,여,43세,경상
2012092400100135,2012년 9월 24일 08시,월요일,강원도 철원군 철원읍,중상사고,0,1,0,0,차대차 - 측면직각충돌,교차로운행방법위반,건조,맑음,교차로 - 교차로안,승용,여,34세,상해없음,원동기,여,59세,중상
2012092400100272,2012년 9월 24일 12시,월요일,강원도 원주시 문막읍,중상사고,0,1,0,0,차대사람 - 길가장자리구역통행중,불법유턴,건조,맑음,단일로 - 기타,승용,여,30세,상해없음,보행자,남,50세,중상
2012092400100273,2012년 9월 24일 12시,월요일,강원도 원주시 우산동,중상사고,0,1,0,0,차대사람 - 기타,보행자보호의무위반,건조,맑음,단일로 - 기타,승용,남,21세,상해없음,보행자,여,18세,중상
2012092400100303,2012년 9월 24일 13시,월요일,강원도 원주시 단계동,경상사고,0,0,1,0,차대차 - 측면직각충돌,신호위반,건조,맑음,교차로 - 교차로안,승용,남,44세,상해없음,승용,남,55세,경상
2012092400100304,2012년 9월 24일 13시,월요일,강원도 원주시 단계동,경상사고,0,0,3,0,차대차 - 추돌 - 주정차중,차로위반,건조,맑음,단일로 - 기타,승용,여,40세,상해없음,승용,남,42세,경상
2012092400100334,2012년 9월 24일 14시,월요일,강원도 강릉시 옥천동,중상사고,0,1,0,0,차대차 - 측면직각충돌,안전운전불이행,건조,맑음,교차로 - 교차로안,기타불명,기타불명,기타불명,기타불명,이륜,남,71세,중상
2012092400100335,2012년 9월 24일 14시,월요일,강원도 원주시 명륜동,경상사고,0,0,2,0,차대차 - 측면직각충돌,교차로운행방법위반,건조,맑음,교차로 - 교차로안,승용,남,51세,경상,승용,여,36세,경상
2012092400100398,2012년 9월 24일 16시,월요일,강원도 춘천시 석사동,부상신고사고,0,0,0,1,차대차 - 측면직각충돌,교차로운행방법위반,건조,맑음,교차로 - 교차로안,승용,여,45세,상해없음,이륜,남,83세,부상신고
2012092400100399,2012년 9월 24일 16시,월요일,강원도 태백시 황지동,경상사고,0,0,1,0,차대차 - 기타,보행자보호의무위반,건조,맑음,단일로 - 기타,이륜,남,19세,상해없음,이륜,남,67세,상해없음
2012092400100447,2012년 9월 24일 17시,월요일,강원도 강릉시 교동,경상사고,0,0,1,0,차대차 - 추돌 - 진행중,안전거리미확보,건조,맑음,교차로 - 교차로안,승용,남,41세,상해없음,승용,여,51세,경상
2012092400100490,2012년 9월 24일 18시,월요일,강원도 춘천시 소양로1가,경상사고,0,0,12,0,차대차 - 추돌 - 진행중,안전운전불이행,건조,맑음,단일로 - 교량,화물,남,60세,상해없음,승용,여,34세,경상
2012092400100491,2012년 9월 24일 18시,월요일,강원도 원주시 단계동,중상사고,0,1,0,0,차대사람 - 횡단중,보행자보호의무위반,건조,맑음,단일로 - 횡단보도상,이륜,남,17세,상해없음,보행자,여,48세,중상
2012092400100492,2012년 9월 24일 18시,월요일,강원도 정선군 정선읍,경상사고,0,0,1,0,차대차 - 정면충돌,직진우회전진행방해,건조,맑음,교차로 - 교차로안,승용,남,83세,상해없음,승합,남,40세,경상
2012092400100546,2012년 9월 24일 19시,월요일,강원도 원주시 단구동,중상사고,0,1,0,0,차대차 - 측면직각충돌,신호위반,건조,맑음,교차로 - 교차로안,승용,여,45세,상해없음,원동기,남,67세,중상
2012092400100547,2012년 9월 24일 19시,월요일,강원도 삼척시 정상동,중상사고,0,1,1,0,차대차 - 측면직각충돌,신호위반,건조,맑음,교차로 - 교차로안,승용,남,67세,상해없음,승용,여,35세,중상