사고번호,사고일시,요일,시군구,사고내용,사망자수,중상자수,경상자수,부상신고자수,사고유형,법규위반,노면상태,기상상태,도로형태,가해운전자 차종,가해운전자 성별,가해운전자 연령,가해운전자 상해정도,피해운전자 차종,피해운전자 성별,피해운전자 연령,피해운전자 상해정도
2012100400100138,2012년 10월 4일 09시,목요일,강원도 원주시 부론면,경상사고,0,0,1,0,차대차 - 측면직각충돌,직진우회전진행방해,건조,맑음,교차로 - 교차로안,승용,남,60세,상해없음,승용,남,46세,경상
2012100400100139,2012년 10월 4일 09시,목요일,강원도 삼척시 가곡면,경상사고,0,0,3,0,차대차 - 측면직각충돌,중앙선침범,건조,맑음,단일로 - 기타,승용,여,46세,경상,건설기계,남,63세,상해없음
2012100400100140,2012년 10월 4일 09시,목요일,강원도 횡성군 공근면,중상사고,0,1,0,0,차대차 - 측면직각충돌,교차로운행방법위반,건조,맑음,교차로 - 교차로안,화물,남,50세,상해없음,승합,남,56세,상해없음
2012100400100163,2012년 10월 4일 10시,목요일,강원도 춘천시 온의동,경상사고,0,0,1,0,차대사람 - 길가장자리구역통행중,안전운전불이행,건조,맑음,단일로 - 기타,기타불명,기타불명,기타불명,기타불명,보행자,여,38세,경상
2012100400100164,2012년 10월 4일 10시,목요일,강원도 양양군 강현면,중상사고,0,2,1,0,차대차 - 측면직각충돌,안전운전불이행,건조,맑음,단일로 - 기타,승용,여,33세,상해없음,승용,여,45세,경상
2012100400100193,2012년 10월 4일 11시,목요일,강원도 춘천시 북산면,중상사고,0,1,1,0,차대차 - 정면충돌,중앙선침범,건조,맑음,단일로 - 기타,승용,여,55세,상해없음,승용,여,56세,경상
2012100400100194,2012년 10월 4일 11시,목요일,강원도 원주시 평원동,경상사고,0,0,1,0,차대사람 - 기타,안전운전불이행,건조,맑음,단일로 - 기타,승합,남,48세,상해없음,보행자,여,35세,경상
2012100400100234,2012년 10월 4일 13시,목요일,강원도 원주시 일산동,부상신고사고,0,0,0,1,차대사람 - 기타,안전운전불이행,건조,맑음,교차로 - 교차로부근,화물,남,52세,상해없음,보행자,남,21세,부상신고
2012100400100264,2012년 10월 4일 14시,목요일,강원도 원주시 평원동,경상사고,0,0,2,0,차대차 - 측면직각충돌,안전운전불이행,건조,맑음,교차로 - 교차로안,승용,남,42세,경상,승용,남,71세,상해없음
2012100400100265,2012년 10월 4일 14시,목요일,강원도 동해시 망상동,중상사고,0,1,0,0,차량단독 - 기타,안전운전불이행,건조,맑음,단일로 - 기타,승용,남,68세,상해없음,,,,
2012100400100300,2012년 10월 4일 15시,목요일,강원도 영월군 영월읍,중상사고,0,2,0,0,차대차 - 정면충돌,중앙선침범,건조,맑음,단일로 - 교량,승합,남,36세,상해없음,화물,남,42세,중상
2012100400100301,2012년 10월 4일 15시,목요일,강원도 횡성군 둔내면,중상사고,0,1,0,0,차대차 - 기타,안전운전불이행,건조,맑음,단일로 - 기타,화물,여,53세,상해없음,이륜,남,69세,중상
2012100400100335,2012년 10월 4일 16시,목요일,강원도 양양군 양양읍,경상사고,0,0,1,0,차대차 - 측면직각충돌,안전운전불이행,건조,맑음,교차로 - 교차로부근,승합,남,57세,상해없음,이륜,남,65세,경상
2012100400100362,2012년 10월 4일 17시,목요일,강원도 춘천시 동면,중상사고,0,1,0,0,차대차 - 추돌 - 진행중,안전운전불이행,건조,맑음,교차로 - 교차로부근,승용,여,47세,상해없음,승용,여,55세,중상
2012100400100363,2012년 10월 4일 17시,목요일,강원도 원주시 원동,경상사고,0,0,1,0,차대사람 - 보도통행중,보행자보호의무위반,건조,맑음,단일로 - 기타,승용,여,59세,상해없음,보행자,남,6세,경상
2012100400100455,2012년 10월 4일 19시,목요일,강원도 춘천시 온의동,경상사고,0,0,1,0,차대차 - 측면직각충돌,교차로운행방법위반,건조,맑음,교차로 - 교차로안,승합,남,38세,상해없음,승용,남,53세,경상
2012100400100456,2012년 10월 4일 19시,목요일,강원도 삼척시 정상동,경상사고,0,0,1,0,차대차 - 추돌 - 주정차중,안전운전불이행,건조,맑음,교차로 - 교차로부근,승용,남,47세,상해없음,승용,남,25세,경상
2012100400100457,2012년 10월 4일 19시,목요일,강원도 양구군 양구읍,경상사고,0,0,1,0,차량단독 - 공작물충돌,안전운전불이행,건조,맑음,단일로 - 기타,승합,남,50세,상해없음,,,,
2012100400100500,2012년 10월 4일 20시,목요일,강원도 춘천시 효자동,부상신고사고,0,0,0,1,차대차 - 측면직각충돌,신호위반,건조,맑음,교차로 - 교차로안,자전거,남,17세,상해없음,이륜,남,53세,부상신고
2012100400100501,2012년 10월 4일 20시,목요일,강원도 춘천시 퇴계동,중상사고,0,1,0,0,차대차 - 측면직각충돌,안전운전불이행,건조,맑음,교차로 - 교차로안,승합,남,46세,상해없음,자전거,여,51세,중상
2012100400100502,2012년 10월 4일 20시,목요일,강원도 춘천시 후평동,경상사고,0,0,1,0,차대차 - 측면직각충돌,안전운전불이행,건조,맑음,교차로 - 교차로부근,승용,여,43세,상해없음,승용,남,52세,경상
2012100400100550,2012년 10월 4일 22시,목요일,강원도 강릉시 주문진읍,경상사고,0,0,1,0,차대차 - 측면직각충돌,안전운전불이행,건조,맑음,교차로 - 교차로안,화물,여,47세,상해없음,이륜,남,17세,경상
2012100400100551,2012년 10월 4일 22시,목요일,강원도 홍천군 두촌면,경상사고,0,0,2,0,차대차 - 기타,안전운전불이행,건조,맑음,교차로 - 교차로부근,승합,남,37세,상해없음,승용,남,34세,경상
2012100400100552,2012년 10월 4일 22시,목요일,강원도 고성군 토성면,경상사고,0,0,1,0,차대차 - 측면직각충돌,신호위반,건조,맑음,단일로 - 기타,승용,남,58세,상해없음,승용,남,37세,상해없음
2012100400100570,2012년 10월 4일 23시,목요일,강원도 속초시 교동,경상사고,0,0,1,0,차대차 - 정면충돌,중앙선침범,건조,맑음,교차로 - 교차로부근,자전거,남,23세,상해없음,승용,남,40세,상해없음
2012100400100571,2012년 10월 4일 23시,목요일,강원도 태백시 황지동,경상사고,0,0,2,0,차대차 - 측면직각충돌,신호위반,건조,맑음,교차로 - 교차로안,승용,남,57세,상해없음,승용,남,56세,경상
2012100400100572,2012년 10월 4일 23시,목요일,강원도 정선군 정선읍,중상사고,0,1,0,0,차량단독 - 전도전복,안전운전불이행,건조,맑음,단일로 - 기타,승용,남,50세,상해없음,,,,
2012100500100034,2012년 10월 5일 02시,금요일,강원도 춘천시 효자동,중상사고,0,1,0,0,차대차 - 기타,안전운전불이행,건조,맑음,교차로 - 교차로안,원동기,남,23세,상해없음,승용,남,45세,상해없음
2012100500100035,2012년 10월 5일 02시,금요일,강원도 속초시 청학동,경상사고,0,0,2,0,차대차 - 측면직각충돌,교차로운행방법위반,건조,맑음,교차로 - 교차로안,승용,남,62세,경상,승용,남,30세,경상
2012100500100052,2012년 10월 5일 04시,금요일,강원도 삼척시 도계읍,중상사고,0,1,0,0,차대사람 - 차도통행중,안전운전불이행,건조,맑음,교차로 - 교차로부근,승합,남,28세,상해없음,보행자,남,32세,중상
2012100500100061,2012년 10월 5일 05시,금요일,강원도 고성군 거진읍,사망사고,1,0,0,0,차대사람 - 기타,안전운전불이행,건조,맑음,단일로 - 기타,화물,남,56세,상해없음,보행자,남,46세,사망
2012100500100069,2012년 10월 5일 06시,금요일,강원도 속초시 동명동,경상사고,0,0,1,0,차대사람 - 횡단중,안전운전불이행,건조,맑음,교차로 - 교차로부근,승용,남,67세,상해없음,보행자,남,67세,경상
2012100500100070,2012년 10월 5일 06시,금요일,강원도 횡성군 서원면,중상사고,0,1,0,0,차대차 - 추돌 - 진행중,안전거리미확보,건조,맑음,단일로 - 기타,화물,남,62세,상해없음,승용,여,62세,중상
2012100500100082,2012년 10월 5일 07시,금요일,강원도 강릉시 교동,경상사고,0,0,1,0,차대사람 - 횡단중,보행자보호의무위반,건조,맑음,단일로 - 기타,승용,남,73세,상해없음,보행자,여,51세,경상
2012100500100115,2012년 10월 5일 08시,금요일,강원도 강릉시 입암동,중상사고,0,1,0,0,차대차 - 측면직각충돌,안전운전불이행,건조,맑음,교차로 - 교차로안,자전거,남,66세,중상,승용,남,44세,상해없음
2012100500100116,2012년 10월 5일 08시,금요일,강원도 철원군 동송읍,경상사고,0,0,1,0,차대차 - 측면직각충돌,중앙선침범,건조,맑음,교차로 - 교차로부근,승용,남,56세,상해없음,승용,남,39세,경상
2012100500100148,2012년 10월 5일 09시,금요일,강원도 춘천시 효자동,경상사고,0,0,1,0,차대차 - 기타,신호위반,건조,맑음,교차로 - 교차로안,승용,여,49세,상해없음,승용,남,40세,경상
2012100500100149,2012년 10월 5일 09시,금요일,강원도 동해시 천곡동,중상사고,0,1,0,0,차대차 - 기타,안전운전불이행,건조,맑음,교차로 - 교차로부근,건설기계,남,34세,상해없음,승용,여,46세,중상
2012100500100171,2012년 10월 5일 10시,금요일,강원도 속초시 동명동,경상사고,0,0,1,0,차대차 - 측면직각충돌,안전운전불이행,건조,맑음,단일로 - 기타,화물,남,46세,상해없음,승용,여,53세,경상
2012100500100172,2012년 10월 5일 10시,금요일,강원도 동해시 발한동,중상사고,0,1,0,0,차대차 - 측면직각충돌,직진우회전진행방해,건조,맑음,교차로 - 교차로안,승용,남,70세,상해없음,자전거,남,65세,중상
2012100500100224,2012년 10월 5일 12시,금요일,강원도 춘천시 동면,경상사고,0,0,1,0,차대차 - 추돌 - 주정차중,안전거리미확보,건조,맑음,교차로 - 교차로부근,이륜,남,18세,기타불명,승용,남,60세,경상
2012100500100268,2012년 10월 5일 14시,금요일,강원도 춘천시 효자동,경상사고,0,0,1,0,차대차 - 기타,중앙선침범,건조,맑음,단일로 - 기타,승용,남,47세,상해없음,원동기,남,20세,경상
2012100500100319,2012년 10월 5일 16시,금요일,강원도 춘천시 사농동,중상사고,0,1,2,0,차대차 - 기타,안전거리미확보,건조,맑음,교차로 - 교차로부근,건설기계,남,44세,상해없음,승용,남,22세,경상
2012100500100320,2012년 10월 5일 16시,금요일,강원도 속초시 교동,경상사고,0,0,1,0,차대차 - 측면직각충돌,안전운전불이행,건조,맑음,단일로 - 기타,승용,기타불명,기타불명,기타불명,자전거,남,10세,경상
2012100500100352,2012년 10월 5일 17시,금요일,강원도 강릉시 주문진읍,경상사고,0,0,2,0,차대사람 - 횡단중,보행자보호의무위반,건조,맑음,단일로 - 횡단보도상,승용,남,75세,상해없음,보행자,여,14세,경상
2012100500100401,2012년 10월 5일 18시,금요일,강원도 원주시 단구동,경상사고,0,0,2,0,차대차 - 측면직각충돌,신호위반,건조,맑음,교차로 - 교차로안,승용,남,58세,상해없음,승용,여,42세,경상
2012100500100441,2012년 10월 5일 19시,금요일,강원도 양양군 양양읍,경상사고,0,0,2,0,차대차 - 측면직각충돌,안전운전불이행,건조,맑음,교차로 - 교차로부근,승용,남,60세,상해없음,승용,남,55세,경상
2012100500100442,2012년 10월 5일 19시,금요일,강원도 홍천군 홍천읍,중상사고,0,1,0,0,차량단독 - 기타,안전운전불이행,건조,맑음,단일로 - 기타,승합,남,61세,상해없음,,,,
2012100500100476,2012년 10월 5일 20시,금요일,강원도 강릉시 주문진읍,경상사고,0,0,1,0,차대차 - 기타,중앙선침범,건조,맑음,단일로 - 기타,화물,남,47세,상해없음,원동기,남,17세,경상
2012100500100477,2012년 10월 5일 20시,금요일,강원도 속초시 청호동,경상사고,0,0,1,0,차대차 - 측면직각충돌,안전운전불이행,건조,맑음,단일로 - 기타,승용,남,24세,상해없음,승합,남,56세,경상
2012100500100517,2012년 10월 5일 21시,금요일,강원도 강릉시 주문진읍,중상사고,0,1,0,0,차대사람 - 횡단중,안전운전불이행,건조,맑음,단일로 - 기타,승용,여,46세,상해없음,보행자,여,43세,중상
2012100500100547,2012년 10월 5일 22시,금요일,강원도 강릉시 옥천동,중상사고,0,2,0,0,차량단독 - 기타,안전운전불이행,건조,맑음,교차로 - 교차로안,승용,남,48세,상해없음,,,,
2012100500100548,2012년 10월 5일 22시,금요일,강원도 고성군 죽왕면,중상사고,0,1,0,0,차대사람 - 기타,안전운전불이행,건조,맑음,단일로 - 기타,승용,남,56세,상해없음,보행자,남,41세,중상
2012100500100577,2012년 10월 5일 23시,금요일,강원도 원주시 태장동,경상사고,0,0,1,0,차대차 - 측면직각충돌,안전거리미확보,건조,맑음,교차로 - 교차로부근,승용,남,24세,상해없음,이륜,남,18세,경상
2012100600100013,2012년 10월 6일 00시,토요일,강원도 홍천군 홍천읍,경상사고,0,0,1,0,차대사람 - 차도통행중,안전운전불이행,건조,맑음,단일로 - 기타,기타불명,기타불명,기타불명,기타불명,보행자,여,53세,경상
2012100600100064,2012년 10월 6일 03시,토요일,강원도 강릉시 교동,경상사고,0,0,4,0,차대차 - 측면직각충돌,신호위반,건조,맑음,교차로 - 교차로안,승용,남,21세,상해없음,승용,남,25세,경상
2012100600100065,2012년 10월 6일 03시,토요일,강원도 원주시 단계동,경상사고,0,0,1,0,차대차 - 측면직각충돌,교차로운행방법위반,건조,맑음,교차로 - 교차로안,승용,남,51세,상해없음,승용,남,36세,상해없음
2012100600100089,2012년 10월 6일 05시,토요일,강원도 원주시 흥업면,경상사고,0,0,3,0,차대차 - 추돌 - 진행중,안전운전불이행,습기,비,단일로 - 기타,승용,남,30세,상해없음,화물,남,54세,경상
2012100600100103,2012년 10월 6일 06시,토요일,강원도 춘천시 퇴계동,중상사고,0,1,2,1,차대차 - 측면직각충돌,교차로운행방법위반,건조,맑음,교차로 - 교차로안,승용,남,37세,상해없음,승합,남,55세,경상
2012100600100127,2012년 10월 6일 07시,토요일,강원도 동해시 용정동,중상사고,0,1,0,0,차대차 - 측면직각충돌,교차로운행방법위반,건조,맑음,교차로 - 교차로안,승용,남,37세,상해없음,화물,남,54세,중상
2012100600100143,2012년 10월 6일 08시,토요일,강원도 원주시 호저면,중상사고,0,1,0,0,차대차 - 기타,교차로운행방법위반,건조,맑음,교차로 - 교차로안,기타불명,기타불명,기타불명,기타불명,이륜,남,48세,중상
2012100600100166,2012년 10월 6일 09시,토요일,강원도 홍천군 홍천읍,경상사고,0,0,1,0,차대사람 - 기타,안전운전불이행,건조,맑음,단일로 - 기타,승용,남,57세,상해없음,보행자,여,54세,경상
2012100600100187,2012년 10월 6일 10시,토요일,강원도 속초시 조양동,경상사고,0,0,2,0,차대차 - 측면직각충돌,교차로운행방법위반,건조,맑음,교차로 - 교차로안,이륜,남,39세,상해없음,승용,남,31세,경상
2012100600100211,2012년 10월 6일 11시,토요일,강원도 강릉시 입암동,중상사고,0,1,1,0,차대차 - 추돌 - 주정차중,안전운전불이행,건조,맑음,단일로 - 기타,승용,남,46세,상해없음,화물,남,56세,경상
2012100600100212,2012년 10월 6일 11시,토요일,강원도 원주시 단계동,경상사고,0,0,1,0,차대차 - 추돌 - 진행중,안전거리미확보,건조,맑음,단일로 - 기타,승용,여,38세,상해없음,이륜,남,35세,경상
2012100600100213,2012년 10월 6일 11시,토요일,강원도 동해시 북평동,중상사고,0,1,0,0,차대차 - 기타,중앙선침범,건조,맑음,단일로 - 기타,기타불명,기타불명,기타불명,기타불명,원동기,남,16세,중상
2012100600100264,2012년 10월 6일 13시,토요일,강원도 고성군 토성면,경상사고,0,0,1,0,차대차 - 기타,안전운전불이행,건조,맑음,단일로 - 기타,승용,남,29세,상해없음,승용,여,52세,경상
2012100600100306,2012년 10월 6일 14시,토요일,강원도 춘천시 남산면,사망사고,2,0,0,0,차대차 - 측면직각충돌,중앙선침범,건조,맑음,단일로 - 기타,건설기계,남,54세,상해없음,원동기,남,23세,사망
2012100600100327,2012년 10월 6일 15시,토요일,강원도 원주시 신림면,중상사고,0,2,2,0,차대차 - 정면충돌,중앙선침범,건조,맑음,단일로 - 기타,승용,여,51세,상해없음,승용,남,51세,중상
2012100600100353,2012년 10월 6일 16시,토요일,강원도 춘천시 신동면,경상사고,0,0,1,1,차대차 - 추돌 - 진행중,안전거리미확보,건조,맑음,단일로 - 기타,화물,남,72세,상해없음,건설기계,남,36세,경상
2012100600100354,2012년 10월 6일 16시,토요일,강원도 춘천시 남산면,중상사고,0,1,0,1,차량단독 - 기타,안전운전불이행,결빙,맑음,단일로 - 기타,이륜,남,26세,중상,,,,
2012100600100355,2012년 10월 6일 16시,토요일,강원도 원주시 중앙동,중상사고,0,1,0,0,차대사람 - 기타,안전운전불이행,건조,맑음,단일로 - 기타,승용,여,35세,상해없음,보행자,남,47세,중상
2012100600100356,2012년 10월 6일 16시,토요일,강원도 홍천군 홍천읍,경상사고,0,0,3,0,차대차 - 기타,교차로운행방법위반,건조,맑음,교차로 - 교차로안,승용,여,29세,상해없음,승용,남,50세,경상
2012100600100390,2012년 10월 6일 17시,토요일,강원도 원주시 단구동,경상사고,0,0,1,0,차대차 - 측면직각충돌,차로위반,건조,맑음,교차로 - 교차로안,승합,남,56세,상해없음,승용,남,24세,경상
2012100600100391,2012년 10월 6일 17시,토요일,강원도 양양군 손양면,경상사고,0,0,1,0,차대차 - 추돌 - 진행중,중앙선침범,습기,비,교차로 - 교차로부근,승용,남,65세,상해없음,승용,남,49세,경상
2012100600100392,2012년 10월 6일 17시,토요일,강원도 삼척시 하장면,중상사고,0,4,0,0,차대차 - 정면충돌,중앙선침범,건조,맑음,단일로 - 기타,화물,여,67세,상해없음,승용,여,67세,중상
2012100600100429,2012년 10월 6일 18시,토요일,강원도 강릉시 주문진읍,경상사고,0,0,1,0,차대사람 - 횡단중,안전운전불이행,습기,비,교차로 - 교차로부근,화물,남,33세,상해없음,보행자,여,54세,경상
2012100600100430,2012년 10월 6일 18시,토요일,강원도 원주시 행구동,경상사고,0,0,1,0,차대차 - 측면직각충돌,신호위반,건조,맑음,교차로 - 교차로안,승용,남,49세,상해없음,화물,남,67세,경상
2012100600100431,2012년 10월 6일 18시,토요일,강원도 속초시 교동,경상사고,0,0,1,0,차대차 - 측면직각충돌,안전운전불이행,습기,비,교차로 - 교차로안,승용,남,30세,상해없음,원동기,남,16세,경상
2012100600100432,2012년 10월 6일 18시,토요일,강원도 삼척시 교동,경상사고,0,0,2,0,차대차 - 측면직각충돌,중앙선침범,건조,맑음,단일로 - 기타,승용,남,35세,상해없음,승용,여,42세,경상
2012100600100433,2012년 10월 6일 18시,토요일,강원도 양구군 남면,중상사고,0,1,0,0,차대사람 - 횡단중,안전운전불이행,건조,맑음,단일로 - 기타,승용,남,31세,상해없음,보행자,여,73세,중상
2012100600100478,2012년 10월 6일 19시,토요일,강원도 강릉시 교동,중상사고,0,1,0,0,차대사람 - 보도통행중,보행자보호의무위반,습기,비,교차로 - 교차로부근,승용,남,36세,상해없음,보행자,여,22세,중상
2012100600100479,2012년 10월 6일 19시,토요일,강원도 강릉시 교동,경상사고,0,0,1,0,차대차 - 추돌 - 진행중,안전운전불이행,습기,비,교차로 - 교차로부근,승용,남,46세,상해없음,화물,남,22세,경상
2012100600100548,2012년 10월 6일 21시,토요일,강원도 강릉시 포남동,중상사고,0,1,0,0,차대사람 - 차도통행중,안전운전불이행,습기,비,단일로 - 기타,승용,남,38세,상해없음,보행자,남,45세,중상
2012100600100549,2012년 10월 6일 21시,토요일,강원도 원주시 단계동,경상사고,0,0,1,0,차대사람 - 보도통행중,안전운전불이행,건조,맑음,단일로 - 기타,화물,남,37세,상해없음,보행자,남,21세,경상
2012100600100584,2012년 10월 6일 22시,토요일,강원도 태백시 황지동,경상사고,0,0,2,0,차대차 - 측면직각충돌,중앙선침범,건조,맑음,단일로 - 기타,승용,남,27세,상해없음,승용,남,24세,경상
2012100600100610,2012년 10월 6일 23시,토요일,강원도 원주시 일산동,경상사고,0,0,1,0,차대차 - 정면충돌,직진우회전진행방해,건조,맑음,교차로 - 교차로안,승용,남,54세,상해없음,이륜,남,17세,경상
2012100700100057,2012년 10월 7일 04시,일요일,강원도 속초시 중앙동,중상사고,0,1,0,0,차량단독 - 공작물충돌,안전운전불이행,건조,맑음,단일로 - 기타,승용,남,21세,중상,,,,
2012100700100115,2012년 10월 7일 09시,일요일,강원도 춘천시 퇴계동,경상사고,0,0,1,0,차대차 - 추돌 - 주정차중,안전거리미확보,건조,맑음,교차로 - 교차로부근,승용,남,50세,상해없음,승용,남,52세,경상
2012100700100157,2012년 10월 7일 11시,일요일,강원도 양양군 양양읍,중상사고,0,1,0,0,차대사람 - 길가장자리구역통행중,안전운전불이행,건조,맑음,단일로 - 기타,화물,남,61세,상해없음,보행자,여,93세,중상
2012100700100158,2012년 10월 7일 11시,일요일,강원도 홍천군 내면,경상사고,0,0,1,0,차대차 - 기타,중앙선침범,건조,맑음,기타 - 기타,이륜,남,30세,상해없음,승용,남,46세,상해없음
2012100700100179,2012년 10월 7일 12시,일요일,강원도 춘천시 후평동,경상사고,0,0,1,0,차대차 - 추돌 - 주정차중,안전거리미확보,건조,맑음,교차로 - 교차로부근,화물,남,50세,상해없음,승용,남,55세,경상
2012100700100198,2012년 10월 7일 13시,일요일,강원도 홍천군 홍천읍,경상사고,0,0,1,0,차대차 - 기타,안전운전불이행,건조,맑음,단일로 - 기타,화물,남,51세,상해없음,원동기,남,20세,경상
2012100700100216,2012년 10월 7일 14시,일요일,강원도 동해시 효가동,경상사고,0,0,1,0,차대차 - 기타,직진우회전진행방해,건조,맑음,교차로 - 교차로부근,건설기계,남,51세,상해없음,자전거,남,9세,경상
2012100700100217,2012년 10월 7일 14시,일요일,강원도 홍천군 서면,경상사고,0,0,5,1,차대차 - 추돌 - 주정차중,안전거리미확보,건조,맑음,단일로 - 터널,승용,여,35세,경상,승용,남,36세,경상
2012100700100242,2012년 10월 7일 15시,일요일,강원도 춘천시 서면,중상사고,0,3,1,0,차대차 - 측면직각충돌,안전운전불이행,건조,맑음,교차로 - 교차로안,승용,남,33세,상해없음,승용,남,38세,중상
2012100700100243,2012년 10월 7일 15시,일요일,강원도 삼척시 하장면,사망사고,1,2,0,0,차량단독 - 도로외이탈 - 추락,안전운전불이행,건조,맑음,단일로 - 기타,화물,남,71세,중상,,,,
2012100700100279,2012년 10월 7일 16시,일요일,강원도 춘천시 온의동,경상사고,0,0,4,0,차대차 - 측면직각충돌,안전거리미확보,건조,맑음,교차로 - 교차로부근,승용,여,53세,상해없음,승용,남,54세,경상
2012100700100314,2012년 10월 7일 17시,일요일,강원도 춘천시 퇴계동,경상사고,0,0,1,0,차대차 - 측면직각충돌,안전운전불이행,건조,맑음,교차로 - 교차로부근,승용,남,44세,상해없음,승용,남,52세,경상
2012100700100315,2012년 10월 7일 17시,일요일,강원도 강릉시 입암동,중상사고,0,2,0,0,차대차 - 추돌 - 진행중,안전운전불이행,건조,맑음,단일로 - 기타,승용,여,22세,상해없음,자전거,남,11세,중상
2012100700100316,2012년 10월 7일 17시,일요일,강원도 원주시 단계동,경상사고,0,0,2,0,차대차 - 측면직각충돌,직진우회전진행방해,건조,맑음,교차로 - 교차로안,승용,남,52세,상해없음,승용,남,60세,경상
2012100700100341,2012년 10월 7일 18시,일요일,강원도 춘천시 남산면,경상사고,0,0,2,0,차대차 - 측면직각충돌,안전거리미확보,건조,맑음,단일로 - 기타,승용,여,28세,상해없음,승용,남,35세,경상
2012100700100342,2012년 10월 7일 18시,일요일,강원도 속초시 교동,경상사고,0,0,2,0,차대차 - 측면직각충돌,안전운전불이행,건조,맑음,단일로 - 기타,승용,남,58세,상해없음,승용,여,51세,경상
2012100700100343,2012년 10월 7일 18시,일요일,강원도 속초시 도문동,중상사고,0,1,1,0,차대차 - 측면직각충돌,중앙선침범,건조,맑음,교차로 - 교차로안,화물,남,74세,상해없음,화물,남,65세,중상
2012100700100410,2012년 10월 7일 20시,일요일,강원도 춘천시 석사동,경상사고,0,0,1,0,차대차 - 추돌 - 주정차중,안전거리미확보,건조,맑음,교차로 - 교차로부근,승용,남,33세,상해없음,이륜,남,35세,상해없음
2012100700100436,2012년 10월 7일 21시,일요일,강원도 춘천시 소양로2가,경상사고,0,0,1,0,차대차 - 기타,안전운전불이행,건조,맑음,단일로 - 기타,승용,남,46세,상해없음,자전거,남,14세,경상
2012100700100437,2012년 10월 7일 21시,일요일,강원도 원주시 판부면,경상사고,0,0,1,0,차대차 - 기타,안전운전불이행,건조,맑음,단일로 - 기타,기타불명,기타불명,기타불명,기타불명,자전거,남,18세,경상
2012100700100438,2012년 10월 7일 21시,일요일,강원도 평창군 대관령면,경상사고,0,0,1,0,차량단독 - 전도전복,안전운전불이행,건조,맑음,단일로 - 기타,승용,남,34세,경상,,,,
2012100800100018,2012년 10월 8일 01시,월요일,강원도 원주시 우산동,경상사고,0,0,1,0,차대차 - 기타,안전운전불이행,건조,맑음,단일로 - 기타,승용,남,31세,상해없음,승용,남,24세,기타불명
2012100800100060,2012년 10월 8일 05시,월요일,강원도 평창군 평창읍,경상사고,0,0,2,0,차대차 - 측면직각충돌,안전운전불이행,건조,맑음,교차로 - 교차로안,승용,남,47세,상해없음,화물,남,71세,경상
2012100800100120,2012년 10월 8일 08시,월요일,강원도 평창군 봉평면,중상사고,0,2,0,0,차대차 - 측면직각충돌,안전운전불이행,건조,맑음,교차로 - 교차로안,건설기계,남,60세,상해없음,승용,여,52세,중상
2012100800100159,2012년 10월 8일 09시,월요일,강원도 동해시 천곡동,중상사고,0,1,0,0,차대사람 - 차도통행중,안전운전불이행,건조,맑음,교차로 - 교차로부근,승용,남,34세,상해없음,보행자,여,66세,중상
2012100800100187,2012년 10월 8일 10시,월요일,강원도 정선군 고한읍,중상사고,0,2,0,0,차대차 - 기타,기타,건조,맑음,교차로 - 교차로안,화물,남,51세,상해없음,승용,남,36세,중상
2012100800100211,2012년 10월 8일 11시,월요일,강원도 원주시 봉산동,경상사고,0,0,1,0,차대차 - 측면직각충돌,안전운전불이행,건조,맑음,교차로 - 교차로부근,승용,남,59세,상해없음,승용,남,72세,경상
2012100800100240,2012년 10월 8일 12시,월요일,강원도 강릉시 포남동,경상사고,0,0,1,0,차대차 - 측면직각충돌,안전운전불이행,건조,맑음,단일로 - 기타,승용,남,82세,상해없음,원동기,남,38세,경상
2012100800100274,2012년 10월 8일 13시,월요일,강원도 춘천시 조양동,경상사고,0,0,2,0,차대차 - 추돌 - 진행중,안전거리미확보,건조,맑음,단일로 - 기타,승용,남,42세,상해없음,승용,남,67세,경상
2012100800100275,2012년 10월 8일 13시,월요일,강원도 속초시 도문동,중상사고,0,1,1,0,차대차 - 측면직각충돌,기타,건조,맑음,단일로 - 기타,승합,남,43세,상해없음,승용,여,26세,중상
2012100800100276,2012년 10월 8일 13시,월요일,강원도 동해시 효가동,중상사고,0,1,0,0,차대사람 - 기타,안전운전불이행,건조,맑음,단일로 - 기타,승용,남,62세,상해없음,보행자,여,42세,중상
2012100800100347,2012년 10월 8일 15시,월요일,강원도 원주시 우산동,중상사고,0,1,0,0,차대차 - 측면직각충돌,안전거리미확보,건조,맑음,단일로 - 기타,화물,남,31세,상해없음,원동기,남,19세,중상
2012100800100348,2012년 10월 8일 15시,월요일,강원도 원주시 평원동,경상사고,0,0,1,0,차대차 - 추돌 - 진행중,안전거리미확보,건조,맑음,단일로 - 기타,승용,남,58세,상해없음,승용,남,67세,경상
2012100800100380,2012년 10월 8일 16시,월요일,강원도 삼척시 정상동,경상사고,0,0,2,0,차대차 - 측면직각충돌,안전운전불이행,건조,맑음,교차로 - 교차로부근,승용,남,72세,경상,승용,남,36세,상해없음
2012100800100408,2012년 10월 8일 17시,월요일,강원도 원주시 태장동,경상사고,0,0,1,0,차대차 - 측면직각충돌,신호위반,건조,맑음,교차로 - 교차로안,이륜,남,23세,경상,승용,여,41세,상해없음
2012100800100409,2012년 10월 8일 17시,월요일,강원도 영월군 영월읍,경상사고,0,0,1,0,차대차 - 추돌 - 진행중,안전거리미확보,건조,맑음,교차로 - 교차로부근,승용,남,20세,상해없음,승용,여,37세,경상