사고번호,사고일시,요일,시군구,사고내용,사망자수,중상자수,경상자수,부상신고자수,사고유형,법규위반,노면상태,기상상태,도로형태,가해운전자 차종,가해운전자 성별,가해운전자 연령,가해운전자 상해정도,피해운전자 차종,피해운전자 성별,피해운전자 연령,피해운전자 상해정도
2012100800100454,2012년 10월 8일 18시,월요일,강원도 춘천시 퇴계동,경상사고,0,0,1,0,차대차 - 정면충돌,중앙선침범,건조,맑음,단일로 - 기타,승용,남,52세,상해없음,이륜,남,24세,경상
2012100800100455,2012년 10월 8일 18시,월요일,강원도 춘천시 퇴계동,중상사고,0,1,0,0,차대사람 - 기타,안전운전불이행,건조,맑음,교차로 - 교차로안,승용,남,48세,상해없음,보행자,남,53세,중상
2012100800100456,2012년 10월 8일 18시,월요일,강원도 춘천시 동산면,중상사고,0,1,0,0,차대사람 - 횡단중,안전운전불이행,건조,맑음,단일로 - 기타,승용,남,60세,상해없음,보행자,여,66세,중상
2012100800100457,2012년 10월 8일 18시,월요일,강원도 강릉시 강동면,중상사고,0,1,0,0,차대차 - 측면직각충돌,신호위반,건조,맑음,교차로 - 교차로안,화물,남,67세,상해없음,승용,여,51세,중상
2012100800100458,2012년 10월 8일 18시,월요일,강원도 삼척시 도경동,사망사고,1,0,0,0,차대사람 - 기타,안전운전불이행,건조,맑음,교차로 - 교차로부근,승합,남,52세,상해없음,보행자,여,62세,사망
2012100800100459,2012년 10월 8일 18시,월요일,강원도 홍천군 화촌면,경상사고,0,0,2,0,차대차 - 기타,안전거리미확보,건조,맑음,교차로 - 교차로안,승용,여,50세,상해없음,승용,남,56세,상해없음
2012100800100460,2012년 10월 8일 18시,월요일,강원도 철원군 근남면,중상사고,0,1,1,0,차대차 - 측면직각충돌,안전운전불이행,건조,맑음,단일로 - 기타,승합,여,41세,중상,농기계,남,56세,경상
2012100800100495,2012년 10월 8일 19시,월요일,강원도 홍천군 홍천읍,사망사고,1,0,0,0,차대사람 - 기타,신호위반,건조,맑음,교차로 - 교차로부근,승합,남,44세,상해없음,보행자,여,70세,사망
2012100800100538,2012년 10월 8일 20시,월요일,강원도 춘천시 효자동,중상사고,0,1,0,0,차대차 - 정면충돌,중앙선침범,건조,맑음,단일로 - 기타,승용,남,44세,상해없음,이륜,남,41세,중상
2012100800100596,2012년 10월 8일 22시,월요일,강원도 강릉시 연곡면,경상사고,0,0,1,0,차량단독 - 기타,안전운전불이행,건조,맑음,단일로 - 기타,이륜,남,41세,경상,,,,
2012100900100020,2012년 10월 9일 01시,화요일,강원도 동해시 천곡동,중상사고,0,2,0,0,차대차 - 추돌 - 주정차중,안전운전불이행,건조,맑음,교차로 - 교차로부근,승용,여,33세,상해없음,승용,남,30세,중상
2012100900100067,2012년 10월 9일 06시,화요일,강원도 춘천시 후평동,중상사고,0,1,0,0,차대차 - 기타,안전운전불이행,건조,맑음,교차로 - 교차로안,기타불명,기타불명,기타불명,기타불명,승용,여,28세,중상
2012100900100080,2012년 10월 9일 07시,화요일,강원도 강릉시 교동,경상사고,0,0,1,0,차대차 - 추돌 - 주정차중,안전거리미확보,건조,맑음,단일로 - 횡단보도부근,화물,남,45세,상해없음,승합,남,68세,상해없음
2012100900100163,2012년 10월 9일 09시,화요일,강원도 강릉시 사천면,경상사고,0,0,3,0,차대차 - 정면충돌,안전운전불이행,건조,맑음,교차로 - 교차로부근,승용,남,71세,상해없음,이륜,남,73세,경상
2012100900100164,2012년 10월 9일 09시,화요일,강원도 속초시 교동,중상사고,0,1,0,0,차대사람 - 보도통행중,안전운전불이행,건조,맑음,단일로 - 기타,승합,남,61세,상해없음,보행자,여,30세,중상
2012100900100193,2012년 10월 9일 10시,화요일,강원도 원주시 단계동,중상사고,0,2,1,0,차대차 - 측면직각충돌,직진우회전진행방해,건조,맑음,교차로 - 교차로안,승용,남,58세,상해없음,승용,여,47세,경상
2012100900100194,2012년 10월 9일 10시,화요일,강원도 영월군 영월읍,부상신고사고,0,0,0,1,차대차 - 측면직각충돌,직진우회전진행방해,건조,맑음,교차로 - 교차로안,승용,남,44세,상해없음,승용,남,30세,상해없음
2012100900100195,2012년 10월 9일 10시,화요일,강원도 양구군 남면,경상사고,0,0,3,0,차대차 - 측면직각충돌,안전운전불이행,건조,맑음,단일로 - 기타,승용,남,72세,상해없음,승용,여,60세,경상
2012100900100213,2012년 10월 9일 11시,화요일,강원도 철원군 동송읍,중상사고,0,1,0,0,차대차 - 측면직각충돌,교차로운행방법위반,건조,맑음,교차로 - 교차로안,승용,남,52세,상해없음,화물,남,48세,중상
2012100900100235,2012년 10월 9일 12시,화요일,강원도 횡성군 우천면,중상사고,0,1,2,0,차대차 - 기타,차로위반,건조,맑음,단일로 - 기타,승용,남,36세,상해없음,승용,여,58세,중상
2012100900100260,2012년 10월 9일 13시,화요일,강원도 삼척시 사직동,경상사고,0,0,1,0,차대차 - 측면직각충돌,안전운전불이행,건조,맑음,교차로 - 교차로안,승용,남,60세,상해없음,승용,여,44세,경상
2012100900100293,2012년 10월 9일 14시,화요일,강원도 춘천시 온의동,경상사고,0,0,1,0,차대사람 - 길가장자리구역통행중,안전운전불이행,건조,맑음,기타 - 기타,승용,여,28세,상해없음,보행자,여,24세,경상
2012100900100294,2012년 10월 9일 14시,화요일,강원도 원주시 단계동,경상사고,0,0,3,0,차대차 - 측면직각충돌,교차로운행방법위반,건조,맑음,교차로 - 교차로부근,승용,여,48세,상해없음,승합,남,53세,상해없음
2012100900100295,2012년 10월 9일 14시,화요일,강원도 원주시 귀래면,경상사고,0,0,1,0,차량단독 - 도로외이탈 - 추락,안전운전불이행,건조,맑음,단일로 - 기타,이륜,남,55세,경상,,,,
2012100900100296,2012년 10월 9일 14시,화요일,강원도 횡성군 횡성읍,중상사고,0,1,0,0,차대차 - 기타,안전운전불이행,건조,맑음,교차로 - 교차로안,농기계,남,59세,상해없음,자전거,남,79세,중상
2012100900100319,2012년 10월 9일 15시,화요일,강원도 춘천시 동내면,경상사고,0,0,1,0,차대차 - 측면직각충돌,안전운전불이행,건조,맑음,단일로 - 기타,기타불명,기타불명,기타불명,기타불명,원동기,여,32세,경상
2012100900100320,2012년 10월 9일 15시,화요일,강원도 원주시 명륜동,경상사고,0,0,1,0,차대차 - 측면직각충돌,직진우회전진행방해,건조,맑음,교차로 - 교차로안,승용,여,53세,상해없음,자전거,남,12세,경상
2012100900100351,2012년 10월 9일 16시,화요일,강원도 춘천시 석사동,경상사고,0,0,1,0,차대차 - 측면직각충돌,기타,건조,맑음,교차로 - 교차로안,승합,남,60세,상해없음,승용,남,49세,경상
2012100900100352,2012년 10월 9일 16시,화요일,강원도 정선군 신동읍,경상사고,0,0,2,0,차대차 - 정면충돌,안전운전불이행,건조,맑음,기타 - 기타,화물,남,50세,상해없음,화물,남,72세,경상
2012100900100394,2012년 10월 9일 17시,화요일,강원도 속초시 청학동,중상사고,0,1,0,0,차대차 - 측면직각충돌,안전거리미확보,건조,맑음,단일로 - 기타,승용,남,41세,상해없음,원동기,남,18세,중상
2012100900100428,2012년 10월 9일 18시,화요일,강원도 춘천시 효자동,경상사고,0,0,1,0,차대차 - 기타,안전운전불이행,건조,맑음,단일로 - 기타,승합,남,49세,상해없음,승용,여,51세,상해없음
2012100900100482,2012년 10월 9일 19시,화요일,강원도 원주시 일산동,경상사고,0,0,1,0,차대차 - 측면직각충돌,교차로운행방법위반,건조,맑음,교차로 - 교차로안,이륜,남,16세,경상,승용,남,55세,상해없음
2012100900100525,2012년 10월 9일 20시,화요일,강원도 강릉시 송정동,중상사고,0,1,1,0,차대차 - 측면직각충돌,신호위반,건조,맑음,교차로 - 교차로안,승합,남,65세,경상,이륜,남,37세,중상
2012101000100035,2012년 10월 10일 02시,수요일,강원도 원주시 명륜동,경상사고,0,0,1,0,차대차 - 추돌 - 주정차중,안전거리미확보,건조,맑음,교차로 - 교차로부근,승용,남,37세,상해없음,승용,여,54세,경상
2012101000100036,2012년 10월 10일 02시,수요일,강원도 속초시 교동,경상사고,0,0,1,0,차대차 - 측면직각충돌,안전운전불이행,건조,맑음,교차로 - 교차로부근,화물,남,43세,상해없음,승용,남,45세,경상
2012101000100058,2012년 10월 10일 05시,수요일,강원도 원주시 개운동,중상사고,0,1,0,0,차대사람 - 횡단중,안전운전불이행,건조,맑음,교차로 - 교차로부근,승용,남,32세,상해없음,보행자,여,60세,중상
2012101000100081,2012년 10월 10일 06시,수요일,강원도 태백시 장성동,경상사고,0,0,1,0,차대차 - 기타,중앙선침범,건조,맑음,단일로 - 기타,승용,남,47세,상해없음,승용,남,52세,경상
2012101000100082,2012년 10월 10일 06시,수요일,강원도 철원군 동송읍,중상사고,0,3,1,0,차대차 - 측면직각충돌,신호위반,습기,비,교차로 - 교차로안,승용,남,49세,중상,승용,여,57세,중상
2012101000100096,2012년 10월 10일 07시,수요일,강원도 동해시 천곡동,경상사고,0,0,1,0,차대차 - 기타,교차로운행방법위반,건조,맑음,교차로 - 교차로부근,승용,남,58세,상해없음,승용,남,46세,상해없음
2012101000100127,2012년 10월 10일 08시,수요일,강원도 춘천시 소양로2가,부상신고사고,0,0,0,1,차대차 - 기타,안전운전불이행,건조,맑음,교차로 - 교차로안,승용,남,50세,상해없음,승용,여,34세,부상신고
2012101000100128,2012년 10월 10일 08시,수요일,강원도 삼척시 사직동,중상사고,0,1,0,0,차대차 - 측면직각충돌,안전운전불이행,건조,맑음,단일로 - 기타,화물,남,68세,상해없음,원동기,남,70세,중상
2012101000100163,2012년 10월 10일 09시,수요일,강원도 원주시 일산동,중상사고,0,1,0,0,차대차 - 추돌 - 진행중,기타,건조,맑음,단일로 - 기타,승용,남,51세,상해없음,승용,남,57세,상해없음
2012101000100185,2012년 10월 10일 10시,수요일,강원도 태백시 장성동,경상사고,0,0,1,0,차대차 - 추돌 - 진행중,안전거리미확보,건조,맑음,교차로 - 교차로부근,승용,남,45세,상해없음,승용,남,44세,경상
2012101000100206,2012년 10월 10일 11시,수요일,강원도 원주시 문막읍,중상사고,0,2,0,0,차대차 - 측면직각충돌,신호위반,건조,맑음,교차로 - 교차로안,승용,남,61세,상해없음,승용,남,44세,중상
2012101000100207,2012년 10월 10일 11시,수요일,강원도 원주시 문막읍,사망사고,1,0,1,0,차대차 - 측면직각충돌,안전운전불이행,건조,맑음,단일로 - 기타,승용,남,37세,사망,승용,남,27세,경상
2012101000100208,2012년 10월 10일 11시,수요일,강원도 삼척시 남양동,중상사고,0,1,1,0,차대차 - 측면직각충돌,안전운전불이행,건조,맑음,단일로 - 기타,화물,남,58세,경상,화물,남,62세,상해없음
2012101000100209,2012년 10월 10일 11시,수요일,강원도 영월군 주천면,중상사고,0,1,2,0,차대차 - 측면직각충돌,안전운전불이행,건조,맑음,단일로 - 기타,승합,남,55세,상해없음,승용,남,37세,경상
2012101000100231,2012년 10월 10일 12시,수요일,강원도 평창군 대화면,중상사고,0,2,0,0,차량단독 - 공작물충돌,안전운전불이행,건조,맑음,단일로 - 기타,승용,여,42세,중상,,,,
2012101000100232,2012년 10월 10일 12시,수요일,강원도 횡성군 횡성읍,중상사고,0,1,0,0,차대차 - 추돌 - 진행중,안전운전불이행,습기,비,단일로 - 기타,기타불명,기타불명,기타불명,기타불명,이륜,남,15세,중상
2012101000100262,2012년 10월 10일 13시,수요일,강원도 홍천군 홍천읍,경상사고,0,0,3,0,차대차 - 기타,안전거리미확보,건조,맑음,단일로 - 기타,화물,남,48세,상해없음,승용,남,57세,경상
2012101000100287,2012년 10월 10일 14시,수요일,강원도 강릉시 송정동,사망사고,1,0,0,0,차대사람 - 횡단중,안전운전불이행,건조,맑음,단일로 - 기타,승용,여,45세,상해없음,보행자,남,3세,사망
2012101000100288,2012년 10월 10일 14시,수요일,강원도 원주시 흥업면,경상사고,0,0,2,0,차대차 - 측면직각충돌,직진우회전진행방해,건조,맑음,교차로 - 교차로안,승용,여,37세,경상,건설기계,남,59세,상해없음
2012101000100355,2012년 10월 10일 16시,수요일,강원도 인제군 북면,중상사고,0,1,0,0,차대차 - 추돌 - 진행중,차로위반,건조,맑음,단일로 - 터널,화물,남,20세,상해없음,승용,남,30세,중상
2012101000100395,2012년 10월 10일 17시,수요일,강원도 춘천시 효자동,중상사고,0,1,1,0,차대차 - 추돌 - 진행중,안전거리미확보,건조,맑음,단일로 - 기타,승용,여,56세,상해없음,승용,남,29세,경상
2012101000100396,2012년 10월 10일 17시,수요일,강원도 동해시 송정동,경상사고,0,0,2,0,차대차 - 추돌 - 주정차중,안전운전불이행,건조,맑음,교차로 - 교차로부근,승용,남,68세,상해없음,승용,남,69세,경상
2012101000100438,2012년 10월 10일 18시,수요일,강원도 원주시 명륜동,경상사고,0,0,1,0,차대사람 - 길가장자리구역통행중,안전운전불이행,건조,맑음,단일로 - 기타,승용,남,73세,상해없음,보행자,남,53세,경상
2012101000100439,2012년 10월 10일 18시,수요일,강원도 원주시 흥업면,경상사고,0,0,1,0,차대차 - 측면직각충돌,신호위반,건조,맑음,교차로 - 교차로안,승용,남,31세,상해없음,승용,남,26세,경상
2012101000100440,2012년 10월 10일 18시,수요일,강원도 원주시 관설동,중상사고,0,2,2,0,차대차 - 측면직각충돌,신호위반,건조,맑음,교차로 - 교차로안,이륜,여,25세,중상,승용,남,27세,경상
2012101000100441,2012년 10월 10일 18시,수요일,강원도 홍천군 홍천읍,중상사고,0,1,0,0,차대차 - 추돌 - 주정차중,안전운전불이행,습기,비,교차로 - 교차로부근,화물,남,53세,상해없음,화물,여,64세,중상
2012101000100442,2012년 10월 10일 18시,수요일,강원도 정선군 북평면,중상사고,0,1,0,0,차대사람 - 보도통행중,안전운전불이행,건조,흐림,기타 - 기타,화물,남,40세,상해없음,보행자,남,41세,중상
2012101000100443,2012년 10월 10일 18시,수요일,강원도 정선군 남면,중상사고,0,2,0,0,차대차 - 측면직각충돌,안전운전불이행,건조,맑음,단일로 - 기타,화물,남,48세,상해없음,승용,남,40세,중상
2012101000100493,2012년 10월 10일 19시,수요일,강원도 원주시 소초면,중상사고,0,2,0,0,차대차 - 측면직각충돌,안전운전불이행,건조,맑음,교차로 - 교차로부근,특수,남,21세,상해없음,승용,남,47세,중상
2012101000100494,2012년 10월 10일 19시,수요일,강원도 정선군 고한읍,경상사고,0,0,3,0,차대차 - 측면직각충돌,안전거리미확보,건조,맑음,단일로 - 기타,승용,남,52세,상해없음,승용,남,24세,경상
2012101000100495,2012년 10월 10일 19시,수요일,강원도 횡성군 횡성읍,중상사고,0,1,0,0,차대사람 - 횡단중,안전운전불이행,건조,맑음,단일로 - 기타,승용,여,24세,상해없음,보행자,남,58세,중상
2012101000100529,2012년 10월 10일 20시,수요일,강원도 춘천시 효자동,경상사고,0,0,1,0,차대차 - 추돌 - 진행중,직진우회전진행방해,건조,맑음,교차로 - 교차로안,승용,남,52세,상해없음,승용,남,59세,경상
2012101000100567,2012년 10월 10일 21시,수요일,강원도 원주시 무실동,경상사고,0,0,2,0,차대차 - 추돌 - 진행중,안전거리미확보,건조,흐림,교차로 - 교차로안,승용,남,43세,상해없음,승용,여,33세,경상
2012101000100599,2012년 10월 10일 22시,수요일,강원도 횡성군 둔내면,경상사고,0,0,1,0,차대차 - 추돌 - 진행중,안전운전불이행,습기,흐림,단일로 - 기타,승용,남,44세,상해없음,건설기계,남,52세,경상
2012101100100041,2012년 10월 11일 01시,목요일,강원도 춘천시 석사동,중상사고,0,1,0,0,차대사람 - 길가장자리구역통행중,보행자보호의무위반,건조,맑음,교차로 - 교차로안,승용,남,31세,상해없음,보행자,남,46세,중상
2012101100100091,2012년 10월 11일 06시,목요일,강원도 원주시 단구동,경상사고,0,0,1,0,차대차 - 측면직각충돌,중앙선침범,건조,맑음,단일로 - 기타,승용,남,43세,상해없음,승용,남,34세,경상
2012101100100092,2012년 10월 11일 06시,목요일,강원도 태백시 황지동,중상사고,0,1,0,0,차대사람 - 횡단중,보행자보호의무위반,건조,맑음,교차로 - 교차로부근,승용,여,65세,상해없음,보행자,여,67세,중상
2012101100100093,2012년 10월 11일 06시,목요일,강원도 철원군 갈말읍,경상사고,0,0,1,0,차대차 - 측면직각충돌,신호위반,습기,안개,교차로 - 교차로안,화물,남,59세,상해없음,승용,남,47세,경상
2012101100100120,2012년 10월 11일 07시,목요일,강원도 동해시 북평동,경상사고,0,0,1,0,차대차 - 측면직각충돌,직진우회전진행방해,건조,맑음,교차로 - 교차로안,화물,남,50세,상해없음,승용,남,69세,경상
2012101100100160,2012년 10월 11일 08시,목요일,강원도 철원군 동송읍,사망사고,1,0,1,0,차대차 - 측면직각충돌,안전운전불이행,건조,맑음,단일로 - 기타,이륜,남,17세,경상,화물,남,20세,상해없음
2012101100100220,2012년 10월 11일 09시,목요일,강원도 삼척시 정상동,경상사고,0,0,2,0,차대차 - 측면직각충돌,안전운전불이행,습기,비,교차로 - 교차로부근,승합,남,49세,상해없음,승용,남,56세,경상
2012101100100250,2012년 10월 11일 10시,목요일,강원도 강릉시 송정동,경상사고,0,0,2,0,차대차 - 추돌 - 주정차중,안전운전불이행,습기,흐림,단일로 - 기타,화물,남,30세,상해없음,승용,남,40세,경상
2012101100100277,2012년 10월 11일 11시,목요일,강원도 춘천시 퇴계동,경상사고,0,0,2,0,차대차 - 측면직각충돌,안전운전불이행,건조,맑음,교차로 - 교차로부근,승용,남,71세,상해없음,승용,여,54세,상해없음
2012101100100278,2012년 10월 11일 11시,목요일,강원도 원주시 명륜동,경상사고,0,0,2,0,차대차 - 측면직각충돌,신호위반,건조,맑음,교차로 - 교차로안,승용,남,57세,상해없음,승용,여,54세,경상
2012101100100338,2012년 10월 11일 13시,목요일,강원도 속초시 조양동,중상사고,0,1,0,0,차대사람 - 길가장자리구역통행중,안전운전불이행,건조,맑음,단일로 - 기타,화물,남,44세,상해없음,보행자,남,44세,중상
2012101100100339,2012년 10월 11일 13시,목요일,강원도 홍천군 동면,중상사고,0,1,0,0,차대차 - 기타,교차로운행방법위반,건조,맑음,교차로 - 교차로안,화물,남,65세,상해없음,승용,남,35세,상해없음
2012101100100340,2012년 10월 11일 13시,목요일,강원도 동해시 이도동,중상사고,0,5,5,0,차대차 - 기타,안전운전불이행,습기,비,교차로 - 교차로부근,승합,남,49세,상해없음,승합,남,63세,상해없음
2012101100100364,2012년 10월 11일 14시,목요일,강원도 태백시 화전동,경상사고,0,0,1,0,차대차 - 측면직각충돌,안전운전불이행,습기,비,교차로 - 교차로안,승용,여,51세,상해없음,승용,남,51세,상해없음
2012101100100398,2012년 10월 11일 15시,목요일,강원도 정선군 정선읍,경상사고,0,0,5,0,차대차 - 측면직각충돌,안전운전불이행,건조,맑음,기타 - 기타,승용,여,51세,상해없음,승용,남,80세,경상
2012101100100399,2012년 10월 11일 15시,목요일,강원도 횡성군 둔내면,중상사고,0,3,1,0,차대차 - 정면충돌,중앙선침범,건조,맑음,단일로 - 기타,승용,남,36세,상해없음,승용,남,51세,경상
2012101100100484,2012년 10월 11일 17시,목요일,강원도 홍천군 홍천읍,중상사고,0,1,2,0,차대차 - 기타,교차로운행방법위반,건조,흐림,교차로 - 교차로안,승용,여,67세,상해없음,승용,여,34세,중상
2012101100100485,2012년 10월 11일 17시,목요일,강원도 정선군 정선읍,경상사고,0,0,2,0,차대차 - 측면직각충돌,직진우회전진행방해,건조,맑음,교차로 - 교차로안,승합,남,35세,상해없음,승용,남,40세,경상
2012101100100486,2012년 10월 11일 17시,목요일,강원도 철원군 서면,경상사고,0,0,1,0,차대차 - 측면직각충돌,교차로운행방법위반,건조,맑음,교차로 - 교차로안,화물,남,62세,상해없음,이륜,여,55세,경상
2012101100100543,2012년 10월 11일 18시,목요일,강원도 원주시 원동,경상사고,0,0,3,0,차대차 - 측면직각충돌,직진우회전진행방해,건조,맑음,교차로 - 교차로안,화물,남,39세,경상,승용,남,73세,경상
2012101100100544,2012년 10월 11일 18시,목요일,강원도 양양군 현북면,경상사고,0,0,4,0,차대차 - 추돌 - 진행중,안전운전불이행,건조,맑음,단일로 - 기타,화물,남,59세,상해없음,승용,남,60세,경상
2012101100100545,2012년 10월 11일 18시,목요일,강원도 삼척시 교동,경상사고,0,0,1,0,차대차 - 측면직각충돌,안전운전불이행,습기,흐림,단일로 - 기타,승용,여,36세,상해없음,원동기,남,32세,경상
2012101100100629,2012년 10월 11일 20시,목요일,강원도 춘천시 석사동,중상사고,0,1,0,0,차대차 - 측면직각충돌,교차로운행방법위반,건조,맑음,교차로 - 교차로안,화물,남,37세,상해없음,이륜,남,43세,중상
2012101100100630,2012년 10월 11일 20시,목요일,강원도 원주시 봉산동,중상사고,0,1,0,0,차대차 - 기타,안전거리미확보,건조,맑음,교차로 - 교차로부근,승용,남,40세,상해없음,승용,여,32세,중상
2012101100100631,2012년 10월 11일 20시,목요일,강원도 속초시 청학동,경상사고,0,0,1,0,차대차 - 추돌 - 주정차중,안전운전불이행,건조,맑음,교차로 - 교차로부근,승용,남,46세,상해없음,승용,남,49세,경상
2012101100100668,2012년 10월 11일 21시,목요일,강원도 홍천군 홍천읍,중상사고,0,1,0,0,차대사람 - 기타,보행자보호의무위반,건조,맑음,단일로 - 횡단보도상,승용,남,50세,상해없음,보행자,여,69세,중상
2012101100100698,2012년 10월 11일 22시,목요일,강원도 원주시 일산동,중상사고,0,1,2,0,차대차 - 추돌 - 진행중,안전거리미확보,건조,맑음,단일로 - 기타,승용,남,55세,상해없음,승용,여,26세,중상
2012101100100734,2012년 10월 11일 23시,목요일,강원도 원주시 단구동,경상사고,0,0,1,0,차대차 - 기타,안전운전불이행,건조,맑음,기타 - 기타,승용,남,26세,상해없음,승용,남,49세,경상
2012101200100142,2012년 10월 12일 08시,금요일,강원도 춘천시 신북읍,경상사고,0,0,2,0,차대차 - 측면직각충돌,교차로운행방법위반,건조,맑음,교차로 - 교차로안,승용,남,42세,상해없음,승용,여,29세,경상
2012101200100143,2012년 10월 12일 08시,금요일,강원도 태백시 혈동,중상사고,0,1,1,0,차대차 - 정면충돌,중앙선침범,건조,맑음,단일로 - 기타,승용,여,44세,상해없음,승용,남,63세,중상
2012101200100178,2012년 10월 12일 09시,금요일,강원도 강릉시 홍제동,경상사고,0,0,3,0,차대차 - 추돌 - 진행중,안전운전불이행,건조,맑음,단일로 - 기타,화물,남,46세,경상,승용,남,74세,경상
2012101200100208,2012년 10월 12일 10시,금요일,강원도 원주시 관설동,사망사고,1,0,0,0,차대차 - 측면직각충돌,안전운전불이행,건조,맑음,교차로 - 교차로부근,화물,남,26세,상해없음,자전거,남,76세,사망
2012101200100209,2012년 10월 12일 10시,금요일,강원도 원주시 명륜동,중상사고,0,1,0,0,차대차 - 측면직각충돌,신호위반,건조,맑음,교차로 - 교차로안,원동기,남,90세 이상,중상,승용,남,90세 이상,상해없음
2012101200100210,2012년 10월 12일 10시,금요일,강원도 철원군 갈말읍,경상사고,0,0,1,0,차대차 - 측면직각충돌,안전거리미확보,건조,맑음,단일로 - 기타,화물,남,21세,상해없음,승용,남,65세,상해없음
2012101200100240,2012년 10월 12일 11시,금요일,강원도 원주시 무실동,중상사고,0,1,0,0,차대차 - 측면직각충돌,안전거리미확보,건조,맑음,교차로 - 교차로부근,승용,남,29세,상해없음,원동기,남,79세,중상
2012101200100270,2012년 10월 12일 12시,금요일,강원도 강릉시 교동,경상사고,0,0,2,0,차대차 - 측면직각충돌,신호위반,건조,맑음,교차로 - 교차로안,승용,남,27세,상해없음,승합,남,37세,경상
2012101200100271,2012년 10월 12일 12시,금요일,강원도 속초시 조양동,중상사고,0,1,0,0,차대차 - 측면직각충돌,안전운전불이행,건조,맑음,단일로 - 기타,승용,남,65세,상해없음,승용,남,40세,상해없음
2012101200100272,2012년 10월 12일 12시,금요일,강원도 영월군 북면,사망사고,1,0,0,0,차대차 - 기타,안전운전불이행,건조,맑음,단일로 - 횡단보도부근,이륜,남,62세,사망,화물,남,72세,상해없음
2012101200100273,2012년 10월 12일 12시,금요일,강원도 홍천군 홍천읍,경상사고,0,0,1,0,차대차 - 기타,안전거리미확보,건조,맑음,교차로 - 교차로부근,화물,여,50세,상해없음,승용,남,26세,경상
2012101200100340,2012년 10월 12일 14시,금요일,강원도 춘천시 후평동,경상사고,0,0,1,0,차대사람 - 기타,안전운전불이행,건조,맑음,교차로 - 교차로안,기타불명,기타불명,기타불명,기타불명,보행자,남,8세,경상
2012101200100341,2012년 10월 12일 14시,금요일,강원도 춘천시 석사동,경상사고,0,0,1,0,차대사람 - 기타,안전운전불이행,건조,맑음,단일로 - 기타,승용,남,40세,상해없음,보행자,여,21세,경상
2012101200100342,2012년 10월 12일 14시,금요일,강원도 강릉시 회산동,경상사고,0,0,2,0,차대차 - 측면직각충돌,중앙선침범,건조,맑음,단일로 - 기타,승용,남,69세,상해없음,승용,여,44세,경상
2012101200100367,2012년 10월 12일 15시,금요일,강원도 춘천시 근화동,사망사고,1,0,0,0,차량단독 - 도로외이탈 - 추락,안전운전불이행,건조,맑음,단일로 - 기타,승용,여,47세,상해없음,,,,
2012101200100368,2012년 10월 12일 15시,금요일,강원도 춘천시 소양로3가,경상사고,0,0,1,0,차대사람 - 기타,안전운전불이행,건조,맑음,교차로 - 교차로안,화물,남,39세,상해없음,보행자,여,51세,경상
2012101200100369,2012년 10월 12일 15시,금요일,강원도 원주시 일산동,경상사고,0,0,1,0,차대사람 - 횡단중,안전운전불이행,건조,맑음,교차로 - 교차로안,승용,남,52세,상해없음,보행자,남,12세,경상
2012101200100370,2012년 10월 12일 15시,금요일,강원도 속초시 조양동,경상사고,0,0,3,0,차대차 - 측면직각충돌,교차로운행방법위반,건조,맑음,교차로 - 교차로안,승용,남,70세,상해없음,승용,여,39세,경상
2012101200100422,2012년 10월 12일 16시,금요일,강원도 춘천시 동산면,중상사고,0,1,1,2,차량단독 - 기타,기타,건조,맑음,단일로 - 기타,승용,남,46세,상해없음,,,,
2012101200100423,2012년 10월 12일 16시,금요일,강원도 원주시 개운동,부상신고사고,0,0,0,1,차대차 - 기타,교차로운행방법위반,건조,맑음,교차로 - 교차로안,승용,여,56세,상해없음,원동기,남,69세,부상신고
2012101200100424,2012년 10월 12일 16시,금요일,강원도 양양군 현남면,경상사고,0,0,3,0,차대차 - 측면직각충돌,안전운전불이행,건조,맑음,교차로 - 교차로안,화물,남,34세,상해없음,승용,여,28세,경상
2012101200100425,2012년 10월 12일 16시,금요일,강원도 속초시 교동,중상사고,0,1,0,0,차대사람 - 길가장자리구역통행중,안전운전불이행,건조,맑음,교차로 - 교차로안,승합,남,37세,상해없음,보행자,여,70세,중상
2012101200100468,2012년 10월 12일 17시,금요일,강원도 춘천시 퇴계동,중상사고,0,1,0,0,차대차 - 측면직각충돌,기타,건조,맑음,교차로 - 교차로안,승용,여,39세,상해없음,원동기,남,77세,중상
2012101200100469,2012년 10월 12일 17시,금요일,강원도 춘천시 동면,중상사고,0,1,0,0,차대차 - 측면직각충돌,중앙선침범,건조,맑음,단일로 - 기타,화물,남,48세,상해없음,승용,여,38세,중상
2012101200100517,2012년 10월 12일 18시,금요일,강원도 춘천시 요선동,경상사고,0,0,1,0,차대사람 - 기타,안전운전불이행,건조,맑음,교차로 - 교차로부근,승용,여,57세,상해없음,보행자,여,13세,경상
2012101200100518,2012년 10월 12일 18시,금요일,강원도 원주시 일산동,경상사고,0,0,2,1,차대차 - 측면직각충돌,안전운전불이행,건조,맑음,교차로 - 교차로부근,승용,여,47세,부상신고,승용,여,38세,경상