사고번호,사고일시,요일,시군구,사고내용,사망자수,중상자수,경상자수,부상신고자수,사고유형,법규위반,노면상태,기상상태,도로형태,가해운전자 차종,가해운전자 성별,가해운전자 연령,가해운전자 상해정도,피해운전자 차종,피해운전자 성별,피해운전자 연령,피해운전자 상해정도
2012101600100334,2012년 10월 16일 14시,화요일,강원도 평창군 평창읍,중상사고,0,2,0,0,차대차 - 측면직각충돌,안전운전불이행,건조,맑음,교차로 - 교차로부근,화물,남,61세,상해없음,승용,남,58세,중상
2012101600100335,2012년 10월 16일 14시,화요일,강원도 횡성군 우천면,중상사고,0,1,0,0,차대사람 - 기타,안전운전불이행,건조,맑음,교차로 - 교차로부근,화물,남,59세,상해없음,보행자,여,49세,중상
2012101600100366,2012년 10월 16일 15시,화요일,강원도 원주시 무실동,경상사고,0,0,1,0,차대차 - 측면직각충돌,신호위반,건조,맑음,교차로 - 교차로안,승용,남,44세,상해없음,승용,남,40세,경상
2012101600100367,2012년 10월 16일 15시,화요일,강원도 속초시 조양동,경상사고,0,0,2,0,차대차 - 측면직각충돌,교차로운행방법위반,건조,맑음,교차로 - 교차로안,승용,남,76세,상해없음,승용,남,53세,경상
2012101600100404,2012년 10월 16일 16시,화요일,강원도 춘천시 근화동,경상사고,0,0,1,0,차대사람 - 횡단중,보행자보호의무위반,건조,맑음,교차로 - 교차로부근,승용,남,31세,상해없음,보행자,여,8세,경상
2012101600100405,2012년 10월 16일 16시,화요일,강원도 속초시 중앙동,경상사고,0,0,2,0,차대차 - 측면직각충돌,안전운전불이행,건조,맑음,교차로 - 교차로안,승용,여,55세,상해없음,승용,여,32세,경상
2012101600100437,2012년 10월 16일 17시,화요일,강원도 춘천시 소양로2가,경상사고,0,0,1,0,차대차 - 측면직각충돌,안전운전불이행,건조,맑음,단일로 - 기타,화물,남,58세,상해없음,승용,여,58세,경상
2012101600100438,2012년 10월 16일 17시,화요일,강원도 춘천시 소양로1가,경상사고,0,0,1,0,차대차 - 추돌 - 진행중,안전운전불이행,건조,맑음,단일로 - 기타,기타불명,기타불명,기타불명,기타불명,자전거,남,18세,경상
2012101600100480,2012년 10월 16일 18시,화요일,강원도 춘천시 석사동,부상신고사고,0,0,0,1,차대사람 - 횡단중,보행자보호의무위반,건조,맑음,단일로 - 기타,화물,남,64세,상해없음,보행자,남,17세,부상신고
2012101600100481,2012년 10월 16일 18시,화요일,강원도 강릉시 주문진읍,사망사고,1,0,0,0,차대차 - 추돌 - 진행중,안전거리미확보,건조,맑음,단일로 - 기타,화물,남,47세,상해없음,농기계,남,68세,사망
2012101600100482,2012년 10월 16일 18시,화요일,강원도 원주시 단계동,경상사고,0,0,1,0,차대차 - 기타,신호위반,건조,맑음,교차로 - 교차로안,승용,남,40세,상해없음,승용,여,51세,경상
2012101600100483,2012년 10월 16일 18시,화요일,강원도 원주시 단구동,경상사고,0,0,1,0,차대차 - 측면직각충돌,교차로운행방법위반,건조,맑음,교차로 - 교차로안,원동기,남,17세,상해없음,승용,여,42세,상해없음
2012101600100484,2012년 10월 16일 18시,화요일,강원도 영월군 영월읍,중상사고,0,1,0,0,차대차 - 추돌 - 진행중,기타,건조,맑음,단일로 - 기타,승합,남,54세,상해없음,자전거,남,60세,중상
2012101600100485,2012년 10월 16일 18시,화요일,강원도 태백시 황지동,경상사고,0,0,1,0,차대차 - 측면직각충돌,교차로운행방법위반,건조,맑음,교차로 - 교차로안,승용,여,48세,상해없음,승용,여,36세,경상
2012101600100547,2012년 10월 16일 19시,화요일,강원도 춘천시 운교동,중상사고,0,1,0,0,차대사람 - 횡단중,보행자보호의무위반,건조,맑음,단일로 - 횡단보도상,승용,남,70세,상해없음,보행자,남,31세,중상
2012101600100548,2012년 10월 16일 19시,화요일,강원도 강릉시 주문진읍,경상사고,0,0,3,0,차대차 - 측면직각충돌,안전운전불이행,건조,맑음,단일로 - 기타,화물,남,58세,상해없음,승용,남,29세,경상
2012101600100586,2012년 10월 16일 20시,화요일,강원도 춘천시 효자동,경상사고,0,0,1,0,차대차 - 측면직각충돌,안전운전불이행,건조,맑음,단일로 - 기타,승용,남,54세,상해없음,승용,남,53세,경상
2012101600100587,2012년 10월 16일 20시,화요일,강원도 원주시 단구동,경상사고,0,0,2,0,차대차 - 측면직각충돌,안전운전불이행,건조,맑음,교차로 - 교차로안,승용,남,46세,상해없음,승용,남,58세,경상
2012101600100612,2012년 10월 16일 21시,화요일,강원도 영월군 영월읍,중상사고,0,1,0,0,차대차 - 기타,교차로운행방법위반,건조,맑음,교차로 - 교차로안,승용,남,32세,상해없음,이륜,남,74세,중상
2012101600100645,2012년 10월 16일 22시,화요일,강원도 원주시 단구동,경상사고,0,0,1,0,차대차 - 추돌 - 진행중,안전운전불이행,건조,맑음,교차로 - 교차로부근,승용,남,30세,상해없음,승용,남,65세,경상
2012101700100105,2012년 10월 17일 06시,수요일,강원도 춘천시 효자동,경상사고,0,0,2,0,차대차 - 측면직각충돌,직진우회전진행방해,습기,비,교차로 - 교차로안,승용,남,40세,상해없음,화물,남,54세,경상
2012101700100120,2012년 10월 17일 07시,수요일,강원도 강릉시 교동,중상사고,0,1,0,0,차대사람 - 횡단중,신호위반,건조,맑음,단일로 - 횡단보도상,승용,남,41세,상해없음,보행자,남,10세,중상
2012101700100121,2012년 10월 17일 07시,수요일,강원도 강릉시 홍제동,중상사고,0,2,2,0,차대차 - 측면직각충돌,교차로운행방법위반,건조,맑음,교차로 - 교차로안,화물,남,37세,상해없음,화물,남,35세,경상
2012101700100122,2012년 10월 17일 07시,수요일,강원도 홍천군 홍천읍,중상사고,0,1,0,0,차대차 - 기타,안전거리미확보,습기,비,교차로 - 교차로부근,승용,여,37세,상해없음,승용,여,56세,중상
2012101700100123,2012년 10월 17일 07시,수요일,강원도 횡성군 청일면,중상사고,0,2,0,0,차량단독 - 전도전복,안전운전불이행,습기,비,단일로 - 기타,승합,남,48세,상해없음,,,,
2012101700100159,2012년 10월 17일 08시,수요일,강원도 원주시 개운동,경상사고,0,0,1,0,차대차 - 측면직각충돌,교차로운행방법위반,건조,흐림,교차로 - 교차로부근,승용,남,44세,상해없음,자전거,남,10세,경상
2012101700100160,2012년 10월 17일 08시,수요일,강원도 원주시 우산동,경상사고,0,0,1,0,차대차 - 측면직각충돌,직진우회전진행방해,건조,맑음,교차로 - 교차로안,화물,남,49세,상해없음,자전거,남,44세,경상
2012101700100210,2012년 10월 17일 09시,수요일,강원도 평창군 진부면,중상사고,0,1,0,0,차대차 - 측면직각충돌,안전운전불이행,습기,비,단일로 - 기타,화물,남,64세,상해없음,원동기,남,43세,중상
2012101700100266,2012년 10월 17일 11시,수요일,강원도 정선군 정선읍,중상사고,0,2,0,0,차대차 - 정면충돌,중앙선침범,습기,비,기타 - 기타,승합,남,60세,상해없음,승합,여,42세,중상
2012101700100281,2012년 10월 17일 12시,수요일,강원도 속초시 중앙동,경상사고,0,0,1,0,차대차 - 측면직각충돌,안전운전불이행,건조,맑음,단일로 - 기타,승용,남,62세,상해없음,승용,여,52세,경상
2012101700100282,2012년 10월 17일 12시,수요일,강원도 홍천군 두촌면,부상신고사고,0,0,0,1,차대차 - 기타,차로위반,건조,맑음,단일로 - 기타,농기계,남,75세,부상신고,승용,남,27세,상해없음
2012101700100315,2012년 10월 17일 13시,수요일,강원도 홍천군 남면,경상사고,0,0,1,0,차대차 - 기타,중앙선침범,건조,맑음,단일로 - 기타,화물,남,58세,상해없음,화물,남,39세,경상
2012101700100430,2012년 10월 17일 17시,수요일,강원도 홍천군 서석면,중상사고,0,2,0,0,차량단독 - 전도전복,안전운전불이행,건조,맑음,단일로 - 기타,건설기계,남,40세,중상,,,,
2012101700100467,2012년 10월 17일 18시,수요일,강원도 원주시 학성동,경상사고,0,0,1,0,차대차 - 추돌 - 진행중,안전운전불이행,건조,맑음,교차로 - 교차로안,화물,남,46세,상해없음,승용,남,64세,경상
2012101700100468,2012년 10월 17일 18시,수요일,강원도 동해시 천곡동,경상사고,0,0,1,0,차대차 - 기타,신호위반,건조,맑음,교차로 - 교차로안,이륜,남,18세,상해없음,이륜,여,78세,경상
2012101700100518,2012년 10월 17일 19시,수요일,강원도 춘천시 동면,사망사고,1,0,0,0,차대사람 - 기타,기타,건조,맑음,단일로 - 기타,승용,남,42세,상해없음,보행자,여,22세,사망
2012101700100519,2012년 10월 17일 19시,수요일,강원도 춘천시 온의동,경상사고,0,0,1,0,차대차 - 추돌 - 주정차중,안전운전불이행,건조,맑음,교차로 - 교차로부근,승용,남,41세,상해없음,승용,남,33세,경상
2012101700100563,2012년 10월 17일 20시,수요일,강원도 강릉시 교동,경상사고,0,0,3,0,차대차 - 측면직각충돌,안전운전불이행,건조,맑음,교차로 - 교차로안,승용,남,37세,상해없음,승용,남,44세,경상
2012101700100564,2012년 10월 17일 20시,수요일,강원도 원주시 관설동,경상사고,0,0,1,0,차대차 - 측면직각충돌,직진우회전진행방해,건조,맑음,교차로 - 교차로안,승용,여,51세,상해없음,자전거,남,14세,경상
2012101700100597,2012년 10월 17일 21시,수요일,강원도 춘천시 퇴계동,중상사고,0,1,0,0,차대차 - 측면직각충돌,신호위반,건조,맑음,교차로 - 교차로안,승용,남,26세,상해없음,원동기,남,18세,중상
2012101700100598,2012년 10월 17일 21시,수요일,강원도 인제군 북면,경상사고,0,0,1,0,차대사람 - 길가장자리구역통행중,중앙선침범,건조,맑음,단일로 - 기타,기타불명,기타불명,기타불명,기타불명,보행자,남,5세,경상
2012101700100638,2012년 10월 17일 22시,수요일,강원도 춘천시 온의동,경상사고,0,0,1,1,차대차 - 추돌 - 주정차중,안전거리미확보,건조,맑음,단일로 - 기타,승용,남,36세,상해없음,화물,남,57세,부상신고
2012101800100083,2012년 10월 18일 06시,목요일,강원도 동해시 북평동,경상사고,0,0,1,0,차대차 - 기타,안전운전불이행,건조,맑음,교차로 - 교차로안,화물,남,73세,기타불명,승용,남,64세,경상
2012101800100140,2012년 10월 18일 08시,목요일,강원도 춘천시 동면,부상신고사고,0,0,0,2,차대차 - 측면직각충돌,중앙선침범,건조,맑음,교차로 - 교차로안,화물,남,46세,상해없음,승용,남,49세,부상신고
2012101800100141,2012년 10월 18일 08시,목요일,강원도 춘천시 석사동,중상사고,0,1,0,0,차대사람 - 횡단중,신호위반,건조,맑음,교차로 - 교차로안,승용,남,64세,상해없음,보행자,여,67세,중상
2012101800100142,2012년 10월 18일 08시,목요일,강원도 강릉시 입암동,경상사고,0,0,3,0,차량단독 - 전도전복,안전운전불이행,건조,맑음,단일로 - 기타,승용,남,24세,상해없음,,,,
2012101800100143,2012년 10월 18일 08시,목요일,강원도 원주시 문막읍,경상사고,0,0,1,0,차대차 - 측면직각충돌,안전운전불이행,건조,맑음,교차로 - 교차로부근,건설기계,남,38세,상해없음,이륜,남,68세,경상
2012101800100144,2012년 10월 18일 08시,목요일,강원도 속초시 노학동,경상사고,0,0,1,0,차대차 - 측면직각충돌,교차로운행방법위반,건조,맑음,교차로 - 교차로안,이륜,남,69세,상해없음,화물,남,35세,경상
2012101800100194,2012년 10월 18일 09시,목요일,강원도 원주시 호저면,중상사고,0,1,1,0,차대차 - 측면직각충돌,신호위반,건조,맑음,교차로 - 교차로안,승용,남,59세,중상,화물,남,44세,경상
2012101800100247,2012년 10월 18일 11시,목요일,강원도 강릉시 포남동,경상사고,0,0,1,0,차대사람 - 보도통행중,기타,건조,맑음,단일로 - 기타,화물,남,48세,상해없음,보행자,여,70세,경상
2012101800100278,2012년 10월 18일 12시,목요일,강원도 원주시 태장동,중상사고,0,1,3,0,차대차 - 추돌 - 주정차중,안전거리미확보,건조,맑음,단일로 - 기타,승용,남,59세,경상,승용,남,58세,상해없음
2012101800100279,2012년 10월 18일 12시,목요일,강원도 삼척시 교동,경상사고,0,0,1,0,차대차 - 측면직각충돌,안전운전불이행,건조,맑음,기타 - 기타,화물,남,40세,상해없음,승용,남,70세,경상
2012101800100280,2012년 10월 18일 12시,목요일,강원도 화천군 화천읍,사망사고,1,0,0,0,차량단독 - 도로외이탈 - 추락,안전운전불이행,건조,맑음,단일로 - 기타,승용,남,64세,사망,,,,
2012101800100313,2012년 10월 18일 13시,목요일,강원도 춘천시 후평동,경상사고,0,0,1,0,차대차 - 측면직각충돌,중앙선침범,건조,맑음,단일로 - 기타,화물,남,34세,상해없음,승용,남,27세,경상
2012101800100348,2012년 10월 18일 14시,목요일,강원도 원주시 단계동,경상사고,0,0,1,0,차대차 - 측면직각충돌,신호위반,건조,맑음,교차로 - 교차로안,승용,남,43세,상해없음,승용,여,62세,경상
2012101800100381,2012년 10월 18일 15시,목요일,강원도 홍천군 두촌면,경상사고,0,0,4,0,차대차 - 기타,안전거리미확보,건조,맑음,단일로 - 기타,승용,여,40세,상해없음,승용,남,45세,경상
2012101800100382,2012년 10월 18일 15시,목요일,강원도 화천군 사내면,중상사고,0,2,0,0,차대차 - 정면충돌,중앙선침범,건조,맑음,단일로 - 기타,승용,여,48세,중상,승용,남,37세,중상
2012101800100426,2012년 10월 18일 16시,목요일,강원도 평창군 대화면,중상사고,0,1,0,0,차대차 - 측면직각충돌,안전운전불이행,건조,맑음,교차로 - 교차로안,화물,남,64세,상해없음,원동기,남,42세,중상
2012101800100462,2012년 10월 18일 17시,목요일,강원도 양양군 손양면,중상사고,0,1,1,0,차대차 - 추돌 - 진행중,안전운전불이행,건조,맑음,단일로 - 기타,승용,남,65세,상해없음,승용,여,64세,경상
2012101800100505,2012년 10월 18일 18시,목요일,강원도 강릉시 금학동,경상사고,0,0,1,0,차대사람 - 길가장자리구역통행중,안전운전불이행,건조,맑음,단일로 - 기타,승용,남,31세,상해없음,보행자,남,59세,경상
2012101800100506,2012년 10월 18일 18시,목요일,강원도 원주시 우산동,경상사고,0,0,3,0,차대차 - 측면직각충돌,직진우회전진행방해,건조,맑음,교차로 - 교차로안,승용,여,56세,경상,승용,남,26세,경상
2012101800100507,2012년 10월 18일 18시,목요일,강원도 속초시 조양동,경상사고,0,0,3,0,차대차 - 추돌 - 진행중,불법유턴,건조,맑음,단일로 - 기타,승용,여,47세,상해없음,승용,남,55세,경상
2012101800100553,2012년 10월 18일 19시,목요일,강원도 원주시 무실동,경상사고,0,0,2,0,차대차 - 추돌 - 진행중,안전거리미확보,건조,맑음,교차로 - 교차로부근,승용,남,66세,상해없음,승합,남,36세,경상
2012101800100619,2012년 10월 18일 21시,목요일,강원도 강릉시 내곡동,중상사고,0,1,0,0,차대사람 - 횡단중,안전운전불이행,건조,맑음,단일로 - 기타,이륜,남,18세,상해없음,보행자,여,52세,중상
2012101800100620,2012년 10월 18일 21시,목요일,강원도 강릉시 옥천동,경상사고,0,0,1,0,차대차 - 측면직각충돌,직진우회전진행방해,건조,맑음,교차로 - 교차로안,화물,남,38세,기타불명,승용,남,68세,경상
2012101800100650,2012년 10월 18일 22시,목요일,강원도 원주시 단계동,경상사고,0,0,1,0,차대사람 - 길가장자리구역통행중,보행자보호의무위반,건조,맑음,단일로 - 기타,기타불명,기타불명,기타불명,기타불명,보행자,여,17세,경상
2012101900100090,2012년 10월 19일 07시,금요일,강원도 춘천시 사농동,중상사고,0,1,0,0,차대사람 - 횡단중,안전운전불이행,건조,맑음,단일로 - 기타,승용,여,28세,상해없음,보행자,여,11세,중상
2012101900100134,2012년 10월 19일 08시,금요일,강원도 속초시 교동,중상사고,0,2,0,0,차대차 - 추돌 - 주정차중,안전운전불이행,건조,맑음,교차로 - 교차로안,승용,여,38세,상해없음,원동기,남,67세,중상
2012101900100135,2012년 10월 19일 08시,금요일,강원도 태백시 장성동,경상사고,0,0,1,0,차대사람 - 기타,보행자보호의무위반,건조,맑음,단일로 - 기타,승용,남,35세,상해없음,보행자,여,15세,경상
2012101900100186,2012년 10월 19일 09시,금요일,강원도 원주시 문막읍,중상사고,0,2,7,0,차대차 - 기타,신호위반,건조,맑음,교차로 - 교차로안,승합,여,58세,상해없음,승용,남,57세,중상
2012101900100221,2012년 10월 19일 10시,금요일,강원도 원주시 문막읍,경상사고,0,0,2,0,차대차 - 기타,안전거리미확보,건조,맑음,교차로 - 교차로부근,승용,여,47세,상해없음,승용,남,42세,경상
2012101900100238,2012년 10월 19일 11시,금요일,강원도 춘천시 후평동,경상사고,0,0,1,0,차대차 - 측면직각충돌,교차로운행방법위반,건조,맑음,교차로 - 교차로안,승용,여,42세,상해없음,승용,남,47세,경상
2012101900100239,2012년 10월 19일 11시,금요일,강원도 원주시 단계동,중상사고,0,1,0,0,차대차 - 추돌 - 진행중,안전거리미확보,건조,맑음,교차로 - 교차로부근,승용,여,37세,상해없음,승용,여,54세,중상
2012101900100257,2012년 10월 19일 12시,금요일,강원도 평창군 대화면,중상사고,0,3,2,0,차대차 - 추돌 - 주정차중,안전운전불이행,건조,맑음,단일로 - 기타,화물,남,34세,경상,화물,남,52세,경상
2012101900100289,2012년 10월 19일 13시,금요일,강원도 원주시 학성동,경상사고,0,0,1,0,차대차 - 측면직각충돌,안전거리미확보,건조,맑음,단일로 - 기타,승용,여,43세,상해없음,원동기,남,48세,경상
2012101900100290,2012년 10월 19일 13시,금요일,강원도 고성군 토성면,경상사고,0,0,1,0,차대차 - 기타,안전운전불이행,건조,맑음,기타 - 기타,승합,남,48세,상해없음,승용,여,36세,경상
2012101900100333,2012년 10월 19일 14시,금요일,강원도 삼척시 도계읍,경상사고,0,0,3,0,차대차 - 정면충돌,중앙선침범,건조,맑음,단일로 - 기타,승합,여,53세,상해없음,승용,여,52세,경상
2012101900100334,2012년 10월 19일 14시,금요일,강원도 동해시 천곡동,경상사고,0,0,3,0,차대차 - 기타,안전운전불이행,건조,맑음,단일로 - 기타,이륜,남,17세,상해없음,승용,남,33세,경상
2012101900100367,2012년 10월 19일 15시,금요일,강원도 고성군 토성면,경상사고,0,0,2,0,차대차 - 추돌 - 진행중,안전운전불이행,건조,맑음,단일로 - 기타,화물,남,50세,상해없음,승용,남,64세,경상
2012101900100391,2012년 10월 19일 16시,금요일,강원도 태백시 황지동,경상사고,0,0,2,0,차대차 - 측면직각충돌,교차로운행방법위반,건조,맑음,교차로 - 교차로안,승용,여,49세,경상,승용,여,44세,경상
2012101900100431,2012년 10월 19일 17시,금요일,강원도 춘천시 사농동,경상사고,0,0,1,0,차대차 - 측면직각충돌,안전거리미확보,건조,맑음,단일로 - 기타,화물,남,55세,상해없음,승용,여,62세,경상
2012101900100432,2012년 10월 19일 17시,금요일,강원도 강릉시 교동,경상사고,0,0,1,0,차대사람 - 횡단중,신호위반,건조,맑음,교차로 - 교차로안,승합,남,60세,상해없음,보행자,남,10세,경상
2012101900100433,2012년 10월 19일 17시,금요일,강원도 원주시 판부면,중상사고,0,2,1,0,차대차 - 측면직각충돌,직진우회전진행방해,건조,맑음,교차로 - 교차로안,승용,여,49세,중상,승용,남,57세,경상
2012101900100434,2012년 10월 19일 17시,금요일,강원도 원주시 명륜동,경상사고,0,0,4,1,차대차 - 기타,안전거리미확보,건조,맑음,교차로 - 교차로안,승용,여,41세,상해없음,승용,남,34세,부상신고
2012101900100435,2012년 10월 19일 17시,금요일,강원도 삼척시 교동,경상사고,0,0,2,0,차대차 - 측면직각충돌,교차로운행방법위반,건조,맑음,교차로 - 교차로안,화물,남,55세,상해없음,원동기,남,18세,경상
2012101900100470,2012년 10월 19일 18시,금요일,강원도 원주시 단계동,중상사고,0,1,0,0,차대차 - 측면직각충돌,안전거리미확보,건조,맑음,단일로 - 기타,화물,남,42세,상해없음,이륜,남,16세,중상
2012101900100471,2012년 10월 19일 18시,금요일,강원도 평창군 용평면,경상사고,0,0,5,0,차대차 - 추돌 - 주정차중,안전거리미확보,건조,흐림,단일로 - 기타,승합,남,54세,상해없음,승용,남,57세,상해없음
2012101900100535,2012년 10월 19일 19시,금요일,강원도 속초시 조양동,경상사고,0,0,2,0,차대차 - 추돌 - 주정차중,안전운전불이행,건조,맑음,교차로 - 교차로부근,승용,남,51세,상해없음,승용,남,35세,경상
2012101900100536,2012년 10월 19일 19시,금요일,강원도 홍천군 홍천읍,중상사고,0,1,0,0,차대사람 - 기타,안전운전불이행,건조,맑음,교차로 - 교차로부근,화물,남,61세,상해없음,보행자,여,54세,중상
2012101900100578,2012년 10월 19일 20시,금요일,강원도 춘천시 중앙로1가,경상사고,0,0,1,0,차대차 - 추돌 - 진행중,기타,건조,맑음,단일로 - 기타,승용,여,40세,상해없음,승용,남,61세,경상
2012101900100579,2012년 10월 19일 20시,금요일,강원도 원주시 문막읍,경상사고,0,0,2,0,차대차 - 기타,직진우회전진행방해,건조,맑음,교차로 - 교차로부근,승용,여,44세,상해없음,승합,남,51세,상해없음
2012101900100580,2012년 10월 19일 20시,금요일,강원도 속초시 교동,경상사고,0,0,1,0,차대사람 - 횡단중,보행자보호의무위반,건조,맑음,단일로 - 횡단보도상,화물,남,56세,상해없음,보행자,여,15세,경상
2012101900100616,2012년 10월 19일 21시,금요일,강원도 강릉시 입암동,경상사고,0,0,1,0,차대차 - 측면직각충돌,안전운전불이행,건조,맑음,교차로 - 교차로안,승용,남,65세,상해없음,승용,남,60세,경상
2012101900100646,2012년 10월 19일 22시,금요일,강원도 강릉시 교동,경상사고,0,0,2,0,차대차 - 추돌 - 진행중,안전운전불이행,건조,맑음,교차로 - 교차로부근,화물,남,50세,상해없음,승용,남,31세,경상
2012101900100647,2012년 10월 19일 22시,금요일,강원도 원주시 문막읍,경상사고,0,0,4,0,차대차 - 추돌 - 진행중,기타,건조,맑음,단일로 - 기타,승용,남,39세,상해없음,승용,여,38세,경상
2012101900100677,2012년 10월 19일 23시,금요일,강원도 원주시 태장동,중상사고,0,1,1,0,차대차 - 추돌 - 진행중,안전거리미확보,건조,맑음,교차로 - 교차로부근,승용,여,30세,상해없음,승용,여,50세,경상
2012102000100013,2012년 10월 20일 00시,토요일,강원도 춘천시 동내면,경상사고,0,0,1,0,차대사람 - 길가장자리구역통행중,안전운전불이행,건조,맑음,단일로 - 기타,화물,남,42세,상해없음,보행자,남,39세,경상
2012102000100014,2012년 10월 20일 00시,토요일,강원도 원주시 단구동,경상사고,0,0,1,0,차대차 - 정면충돌,중앙선침범,건조,맑음,교차로 - 교차로부근,승용,남,33세,상해없음,승용,남,48세,경상
2012102000100015,2012년 10월 20일 00시,토요일,강원도 원주시 단구동,중상사고,0,1,0,0,차대사람 - 기타,안전운전불이행,건조,맑음,교차로 - 교차로안,화물,남,39세,상해없음,보행자,남,38세,중상
2012102000100078,2012년 10월 20일 03시,토요일,강원도 춘천시 온의동,경상사고,0,0,1,0,차대차 - 기타,안전운전불이행,건조,맑음,교차로 - 교차로안,승용,남,25세,상해없음,승용,남,58세,경상
2012102000100079,2012년 10월 20일 03시,토요일,강원도 원주시 단계동,중상사고,0,1,0,0,차대사람 - 기타,안전운전불이행,건조,맑음,교차로 - 교차로부근,승용,남,54세,상해없음,보행자,남,29세,중상
2012102000100123,2012년 10월 20일 06시,토요일,강원도 강릉시 유산동,경상사고,0,0,1,0,차대차 - 측면직각충돌,안전운전불이행,건조,맑음,단일로 - 기타,승합,남,49세,상해없음,화물,남,61세,경상
2012102000100139,2012년 10월 20일 07시,토요일,강원도 춘천시 퇴계동,경상사고,0,0,3,0,차대차 - 추돌 - 진행중,안전운전불이행,건조,맑음,단일로 - 기타,승용,남,55세,상해없음,승용,남,45세,경상
2012102000100153,2012년 10월 20일 08시,토요일,강원도 원주시 명륜동,경상사고,0,0,2,0,차대차 - 측면직각충돌,안전운전불이행,건조,맑음,단일로 - 기타,승용,여,31세,상해없음,승용,여,40세,경상
2012102000100173,2012년 10월 20일 09시,토요일,강원도 춘천시 후평동,경상사고,0,0,1,0,차대차 - 측면직각충돌,직진우회전진행방해,건조,맑음,교차로 - 교차로안,승용,여,42세,상해없음,승용,남,46세,상해없음
2012102000100174,2012년 10월 20일 09시,토요일,강원도 강릉시 입암동,경상사고,0,0,1,0,차대차 - 측면직각충돌,안전운전불이행,건조,맑음,단일로 - 기타,승용,여,56세,상해없음,승용,여,51세,경상
2012102000100197,2012년 10월 20일 10시,토요일,강원도 태백시 통동,중상사고,0,1,0,0,차대사람 - 횡단중,안전운전불이행,건조,맑음,단일로 - 기타,승용,남,61세,상해없음,보행자,여,74세,중상
2012102000100222,2012년 10월 20일 11시,토요일,강원도 춘천시 중앙로2가,경상사고,0,0,1,0,차대사람 - 기타,보행자보호의무위반,건조,맑음,교차로 - 교차로안,승용,남,25세,상해없음,보행자,남,66세,경상
2012102000100223,2012년 10월 20일 11시,토요일,강원도 홍천군 내면,경상사고,0,0,1,0,차대차 - 기타,안전운전불이행,건조,맑음,단일로 - 기타,승용,여,30세,상해없음,승용,남,56세,상해없음
2012102000100224,2012년 10월 20일 11시,토요일,강원도 강릉시 성산면,중상사고,0,1,0,0,차대차 - 기타,불법유턴,건조,맑음,단일로 - 기타,승합,남,74세,상해없음,승합,남,54세,중상
2012102000100249,2012년 10월 20일 12시,토요일,강원도 홍천군 두촌면,경상사고,0,0,1,0,차대차 - 기타,안전거리미확보,건조,맑음,교차로 - 교차로안,승합,남,57세,상해없음,승용,여,45세,경상
2012102000100326,2012년 10월 20일 14시,토요일,강원도 원주시 학성동,경상사고,0,0,1,0,차대차 - 측면직각충돌,안전운전불이행,건조,맑음,교차로 - 교차로안,승용,여,56세,상해없음,원동기,남,58세,경상
2012102000100362,2012년 10월 20일 15시,토요일,강원도 원주시 단구동,경상사고,0,0,6,0,차대차 - 추돌 - 진행중,신호위반,건조,맑음,단일로 - 기타,승용,남,45세,경상,승용,여,59세,상해없음
2012102000100363,2012년 10월 20일 15시,토요일,강원도 홍천군 내면,중상사고,0,1,5,0,차대차 - 기타,중앙선침범,건조,맑음,기타 - 기타,승용,남,66세,상해없음,승용,남,39세,경상
2012102000100364,2012년 10월 20일 15시,토요일,강원도 홍천군 서면,중상사고,0,2,5,0,차대차 - 기타,중앙선침범,건조,맑음,단일로 - 기타,승용,남,57세,경상,승용,남,27세,경상
2012102000100392,2012년 10월 20일 16시,토요일,강원도 춘천시 남산면,경상사고,0,0,3,0,차대차 - 기타,중앙선침범,건조,맑음,단일로 - 기타,승용,여,54세,상해없음,승용,남,33세,경상
2012102000100393,2012년 10월 20일 16시,토요일,강원도 강릉시 연곡면,경상사고,0,0,1,0,차대차 - 추돌 - 진행중,안전운전불이행,건조,맑음,단일로 - 기타,화물,남,29세,상해없음,승용,남,68세,경상
2012102000100433,2012년 10월 20일 17시,토요일,강원도 횡성군 둔내면,중상사고,0,1,0,0,차대차 - 추돌 - 주정차중,안전운전불이행,건조,맑음,단일로 - 기타,승용,여,25세,상해없음,승용,남,34세,상해없음
2012102000100468,2012년 10월 20일 18시,토요일,강원도 강릉시 포남동,경상사고,0,0,1,0,차대차 - 측면직각충돌,중앙선침범,건조,맑음,단일로 - 기타,승용,남,42세,상해없음,원동기,남,42세,경상
2012102000100469,2012년 10월 20일 18시,토요일,강원도 강릉시 포남동,경상사고,0,0,1,0,차대사람 - 횡단중,보행자보호의무위반,건조,맑음,단일로 - 횡단보도상,기타불명,기타불명,기타불명,기타불명,보행자,여,18세,경상
2012102000100470,2012년 10월 20일 18시,토요일,강원도 원주시 문막읍,중상사고,0,1,0,0,차대사람 - 길가장자리구역통행중,안전운전불이행,건조,맑음,기타 - 기타,화물,남,71세,상해없음,보행자,여,76세,중상
2012102000100471,2012년 10월 20일 18시,토요일,강원도 원주시 호저면,경상사고,0,0,4,0,차대차 - 측면직각충돌,안전운전불이행,건조,맑음,단일로 - 기타,승용,남,46세,상해없음,승용,남,29세,경상