사고번호,사고일시,요일,시군구,사고내용,사망자수,중상자수,경상자수,부상신고자수,사고유형,법규위반,노면상태,기상상태,도로형태,가해운전자 차종,가해운전자 성별,가해운전자 연령,가해운전자 상해정도,피해운전자 차종,피해운전자 성별,피해운전자 연령,피해운전자 상해정도
2012102000100518,2012년 10월 20일 19시,토요일,강원도 춘천시 후평동,경상사고,0,0,1,0,차대차 - 기타,기타,습기,비,교차로 - 교차로안,원동기,남,16세,상해없음,원동기,남,26세,경상
2012102000100519,2012년 10월 20일 19시,토요일,강원도 춘천시 신북읍,경상사고,0,0,1,0,차대차 - 측면직각충돌,중앙선침범,건조,맑음,단일로 - 기타,기타불명,기타불명,기타불명,기타불명,승용,남,49세,경상
2012102000100556,2012년 10월 20일 20시,토요일,강원도 동해시 동회동,경상사고,0,0,1,0,차대사람 - 기타,안전운전불이행,건조,맑음,기타 - 기타,기타불명,기타불명,기타불명,기타불명,보행자,여,22세,경상
2012102000100587,2012년 10월 20일 21시,토요일,강원도 동해시 발한동,경상사고,0,0,2,0,차대차 - 추돌 - 주정차중,안전운전불이행,건조,맑음,교차로 - 교차로부근,승용,남,37세,상해없음,승용,남,18세,경상
2012102000100613,2012년 10월 20일 22시,토요일,강원도 속초시 조양동,사망사고,1,0,0,0,차대차 - 측면직각충돌,교차로운행방법위반,건조,맑음,교차로 - 교차로안,승용,여,30세,상해없음,원동기,남,16세,사망
2012102000100636,2012년 10월 20일 23시,토요일,강원도 동해시 천곡동,경상사고,0,0,1,0,차대차 - 추돌 - 주정차중,안전운전불이행,건조,맑음,단일로 - 기타,승용,남,50세,상해없음,승용,남,33세,상해없음
2012102100100010,2012년 10월 21일 00시,일요일,강원도 원주시 단구동,경상사고,0,0,1,0,차대사람 - 차도통행중,안전운전불이행,건조,맑음,단일로 - 횡단보도상,기타불명,기타불명,기타불명,기타불명,보행자,남,46세,경상
2012102100100011,2012년 10월 21일 00시,일요일,강원도 원주시 부론면,경상사고,0,0,1,0,차량단독 - 공작물충돌,안전운전불이행,건조,맑음,단일로 - 기타,승용,남,43세,경상,,,,
2012102100100012,2012년 10월 21일 00시,일요일,강원도 동해시 망상동,중상사고,0,1,1,0,차대차 - 추돌 - 진행중,안전거리미확보,습기,흐림,교차로 - 교차로부근,화물,남,34세,상해없음,승용,남,54세,중상
2012102100100043,2012년 10월 21일 01시,일요일,강원도 강릉시 옥천동,경상사고,0,0,1,0,차대사람 - 기타,안전운전불이행,건조,맑음,단일로 - 기타,승용,남,53세,상해없음,보행자,남,41세,경상
2012102100100044,2012년 10월 21일 01시,일요일,강원도 원주시 단계동,경상사고,0,0,5,0,차대차 - 측면직각충돌,안전운전불이행,건조,맑음,단일로 - 기타,승용,남,24세,상해없음,승용,남,27세,경상
2012102100100060,2012년 10월 21일 02시,일요일,강원도 원주시 우산동,경상사고,0,0,1,0,차대차 - 추돌 - 주정차중,안전운전불이행,건조,맑음,교차로 - 교차로부근,승용,여,36세,상해없음,화물,남,56세,경상
2012102100100061,2012년 10월 21일 02시,일요일,강원도 속초시 중앙동,경상사고,0,0,3,0,차대차 - 측면직각충돌,안전거리미확보,건조,맑음,단일로 - 기타,승용,남,20세,상해없음,승용,남,40세,경상
2012102100100094,2012년 10월 21일 04시,일요일,강원도 춘천시 효자동,경상사고,0,0,1,0,차대차 - 측면직각충돌,교차로운행방법위반,건조,맑음,교차로 - 교차로안,원동기,남,16세,상해없음,승용,남,64세,상해없음
2012102100100143,2012년 10월 21일 08시,일요일,강원도 강릉시 연곡면,경상사고,0,0,3,0,차대차 - 추돌 - 진행중,안전운전불이행,건조,맑음,단일로 - 기타,승용,남,60세,상해없음,승용,남,57세,경상
2012102100100153,2012년 10월 21일 09시,일요일,강원도 속초시 노학동,경상사고,0,0,1,0,차대차 - 추돌 - 진행중,중앙선침범,건조,맑음,단일로 - 기타,승용,남,37세,상해없음,승합,여,64세,경상
2012102100100154,2012년 10월 21일 09시,일요일,강원도 홍천군 동면,사망사고,1,1,0,0,차대차 - 기타,중앙선침범,건조,맑음,단일로 - 기타,승용,여,42세,상해없음,이륜,남,83세,중상
2012102100100166,2012년 10월 21일 10시,일요일,강원도 인제군 남면,중상사고,0,2,1,0,차대차 - 추돌 - 진행중,안전운전불이행,건조,맑음,교차로 - 교차로부근,승합,남,51세,상해없음,화물,남,42세,중상
2012102100100196,2012년 10월 21일 11시,일요일,강원도 춘천시 온의동,경상사고,0,0,1,0,차대차 - 추돌 - 진행중,안전거리미확보,건조,맑음,단일로 - 기타,승용,남,28세,상해없음,승용,남,47세,상해없음
2012102100100197,2012년 10월 21일 11시,일요일,강원도 강릉시 연곡면,경상사고,0,0,2,0,차대차 - 추돌 - 진행중,안전운전불이행,건조,맑음,단일로 - 기타,승용,남,56세,상해없음,이륜,남,71세,경상
2012102100100198,2012년 10월 21일 11시,일요일,강원도 홍천군 화촌면,중상사고,0,3,1,0,차대차 - 기타,안전거리미확보,건조,맑음,교차로 - 교차로부근,승합,남,49세,상해없음,승합,남,29세,경상
2012102100100199,2012년 10월 21일 11시,일요일,강원도 화천군 화천읍,경상사고,0,0,1,0,차대차 - 측면직각충돌,직진우회전진행방해,건조,맑음,교차로 - 교차로안,화물,남,70세,상해없음,화물,여,55세,경상
2012102100100200,2012년 10월 21일 11시,일요일,강원도 강릉시 연곡면,중상사고,0,1,0,0,차량단독 - 공작물충돌,안전운전불이행,건조,맑음,단일로 - 기타,화물,남,70세,상해없음,,,,
2012102100100216,2012년 10월 21일 12시,일요일,강원도 강릉시 강동면,중상사고,0,1,0,0,차대사람 - 기타,안전운전불이행,건조,맑음,단일로 - 기타,승용,남,52세,상해없음,보행자,여,52세,중상
2012102100100239,2012년 10월 21일 13시,일요일,강원도 삼척시 정상동,경상사고,0,0,1,0,차대차 - 추돌 - 진행중,안전운전불이행,건조,맑음,교차로 - 교차로부근,화물,남,70세,상해없음,승용,여,36세,경상
2012102100100253,2012년 10월 21일 14시,일요일,강원도 원주시 흥업면,중상사고,0,1,0,0,차대차 - 측면직각충돌,직진우회전진행방해,건조,맑음,교차로 - 교차로안,승용,남,35세,상해없음,승합,남,62세,중상
2012102100100254,2012년 10월 21일 14시,일요일,강원도 홍천군 홍천읍,경상사고,0,0,2,0,차대차 - 기타,안전거리미확보,건조,맑음,기타 - 기타,승용,남,71세,상해없음,승용,남,34세,상해없음
2012102100100286,2012년 10월 21일 15시,일요일,강원도 춘천시 우두동,부상신고사고,0,0,0,4,차대차 - 측면직각충돌,안전거리미확보,건조,맑음,단일로 - 기타,승용,여,49세,상해없음,승용,남,41세,부상신고
2012102100100287,2012년 10월 21일 15시,일요일,강원도 강릉시 주문진읍,경상사고,0,0,1,0,차대사람 - 기타,안전운전불이행,건조,맑음,단일로 - 기타,승합,남,42세,상해없음,보행자,남,47세,경상
2012102100100288,2012년 10월 21일 15시,일요일,강원도 원주시 반곡동,경상사고,0,0,1,0,차대차 - 측면직각충돌,차로위반,건조,맑음,단일로 - 기타,화물,남,61세,상해없음,승용,남,30세,경상
2012102100100289,2012년 10월 21일 15시,일요일,강원도 속초시 설악동,중상사고,0,1,0,0,차대사람 - 횡단중,안전운전불이행,건조,맑음,단일로 - 기타,승용,남,47세,상해없음,보행자,여,55세,중상
2012102100100290,2012년 10월 21일 15시,일요일,강원도 속초시 설악동,경상사고,0,0,3,0,차대차 - 측면직각충돌,안전운전불이행,건조,맑음,교차로 - 교차로부근,승합,남,43세,상해없음,승용,남,57세,경상
2012102100100333,2012년 10월 21일 16시,일요일,강원도 정선군 정선읍,경상사고,0,0,5,0,차대차 - 기타,안전운전불이행,건조,맑음,단일로 - 기타,승용,여,38세,상해없음,승합,남,39세,경상
2012102100100334,2012년 10월 21일 16시,일요일,강원도 인제군 북면,중상사고,0,1,0,0,차대차 - 추돌 - 진행중,안전운전불이행,건조,맑음,교차로 - 교차로안,승용,남,62세,상해없음,이륜,남,35세,중상
2012102100100359,2012년 10월 21일 17시,일요일,강원도 속초시 교동,경상사고,0,0,1,0,차대사람 - 길가장자리구역통행중,안전운전불이행,건조,맑음,단일로 - 기타,특수,남,27세,상해없음,보행자,여,9세,경상
2012102100100395,2012년 10월 21일 18시,일요일,강원도 속초시 노학동,경상사고,0,0,1,0,차대차 - 측면직각충돌,교차로운행방법위반,건조,맑음,교차로 - 교차로안,승용,남,72세,상해없음,승용,남,52세,상해없음
2012102100100396,2012년 10월 21일 18시,일요일,강원도 인제군 인제읍,중상사고,0,1,0,0,차대차 - 추돌 - 진행중,안전거리미확보,건조,맑음,교차로 - 교차로부근,승용,남,35세,상해없음,승용,여,34세,중상
2012102100100437,2012년 10월 21일 19시,일요일,강원도 춘천시 퇴계동,경상사고,0,0,5,0,차대차 - 측면직각충돌,안전운전불이행,건조,맑음,단일로 - 기타,원동기,남,16세,상해없음,승용,남,42세,경상
2012102100100438,2012년 10월 21일 19시,일요일,강원도 강릉시 강동면,경상사고,0,0,1,0,차량단독 - 전도전복,안전운전불이행,건조,맑음,단일로 - 기타,이륜,남,44세,경상,,,,
2012102100100475,2012년 10월 21일 20시,일요일,강원도 원주시 일산동,경상사고,0,0,1,0,차대차 - 측면직각충돌,안전운전불이행,건조,맑음,교차로 - 교차로안,화물,남,43세,상해없음,이륜,남,25세,경상
2012102100100500,2012년 10월 21일 21시,일요일,강원도 삼척시 교동,중상사고,0,1,0,0,차대사람 - 보도통행중,안전운전불이행,건조,맑음,교차로 - 교차로부근,승용,남,57세,상해없음,보행자,남,31세,중상
2012102100100544,2012년 10월 21일 23시,일요일,강원도 춘천시 후평동,중상사고,0,1,0,0,차대차 - 추돌 - 진행중,안전거리미확보,건조,맑음,단일로 - 기타,승용,남,49세,상해없음,원동기,남,35세,중상
2012102100100545,2012년 10월 21일 23시,일요일,강원도 원주시 우산동,중상사고,0,1,1,0,차대차 - 측면직각충돌,교차로운행방법위반,건조,맑음,교차로 - 교차로안,승용,남,24세,상해없음,승용,남,63세,중상
2012102200100017,2012년 10월 22일 01시,월요일,강원도 원주시 우산동,경상사고,0,0,2,0,차량단독 - 기타,안전운전불이행,건조,맑음,단일로 - 기타,승용,남,18세,경상,,,,
2012102200100044,2012년 10월 22일 05시,월요일,강원도 춘천시 후평동,경상사고,0,0,1,0,차대차 - 추돌 - 진행중,안전운전불이행,건조,맑음,교차로 - 교차로부근,승용,남,22세,상해없음,승용,여,56세,경상
2012102200100045,2012년 10월 22일 05시,월요일,강원도 원주시 단계동,경상사고,0,0,2,0,차대차 - 측면직각충돌,직진우회전진행방해,건조,맑음,교차로 - 교차로안,화물,여,47세,경상,승용,남,31세,경상
2012102200100046,2012년 10월 22일 05시,월요일,강원도 삼척시 남양동,중상사고,0,1,1,0,차대차 - 측면직각충돌,직진우회전진행방해,건조,맑음,교차로 - 교차로안,승용,남,50세,상해없음,승용,남,51세,중상
2012102200100047,2012년 10월 22일 05시,월요일,강원도 원주시 문막읍,경상사고,0,0,2,0,차대차 - 추돌 - 주정차중,안전운전불이행,건조,맑음,기타 - 기타,승용,남,65세,상해없음,승용,남,46세,상해없음
2012102200100079,2012년 10월 22일 06시,월요일,강원도 춘천시 동면,중상사고,0,1,0,1,차대차 - 측면직각충돌,직진우회전진행방해,건조,맑음,교차로 - 교차로안,승합,남,51세,상해없음,승용,여,46세,중상
2012102200100080,2012년 10월 22일 06시,월요일,강원도 원주시 봉산동,중상사고,0,1,0,0,차대사람 - 횡단중,안전운전불이행,습기,맑음,단일로 - 기타,승용,남,56세,상해없음,보행자,여,61세,중상
2012102200100104,2012년 10월 22일 07시,월요일,강원도 강릉시 내곡동,경상사고,0,0,2,0,차대차 - 측면직각충돌,신호위반,건조,맑음,교차로 - 교차로안,이륜,남,25세,상해없음,승용,여,44세,경상
2012102200100173,2012년 10월 22일 09시,월요일,강원도 횡성군 횡성읍,경상사고,0,0,2,0,차대차 - 측면직각충돌,교차로운행방법위반,습기,비,교차로 - 교차로안,승합,남,34세,경상,승용,남,26세,경상
2012102200100206,2012년 10월 22일 10시,월요일,강원도 춘천시 퇴계동,경상사고,0,0,1,0,차대차 - 추돌 - 주정차중,안전거리미확보,습기,비,교차로 - 교차로부근,승용,여,49세,상해없음,화물,남,64세,경상
2012102200100236,2012년 10월 22일 11시,월요일,강원도 춘천시 조양동,중상사고,0,1,0,0,차대사람 - 기타,보행자보호의무위반,습기,비,단일로 - 횡단보도상,승용,남,75세,상해없음,보행자,남,57세,중상
2012102200100265,2012년 10월 22일 12시,월요일,강원도 춘천시 석사동,경상사고,0,0,1,0,차대차 - 추돌 - 주정차중,안전거리미확보,습기,비,교차로 - 교차로부근,승용,남,51세,상해없음,승합,남,44세,경상
2012102200100266,2012년 10월 22일 12시,월요일,강원도 고성군 죽왕면,경상사고,0,0,1,0,차대차 - 추돌 - 진행중,안전운전불이행,습기,비,단일로 - 기타,화물,남,44세,상해없음,승용,남,67세,경상
2012102200100336,2012년 10월 22일 14시,월요일,강원도 춘천시 퇴계동,경상사고,0,0,2,0,차대차 - 추돌 - 주정차중,안전거리미확보,습기,비,단일로 - 기타,승용,여,40세,상해없음,승용,남,67세,경상
2012102200100337,2012년 10월 22일 14시,월요일,강원도 영월군 북면,중상사고,0,1,0,0,차대차 - 기타,중앙선침범,습기,비,기타 - 기타,승용,남,26세,상해없음,승합,남,57세,중상
2012102200100368,2012년 10월 22일 15시,월요일,강원도 춘천시 퇴계동,경상사고,0,0,1,0,차대차 - 추돌 - 주정차중,안전거리미확보,습기,비,교차로 - 교차로부근,승용,여,31세,상해없음,승용,남,67세,경상
2012102200100369,2012년 10월 22일 15시,월요일,강원도 원주시 우산동,중상사고,0,1,2,0,차대차 - 측면직각충돌,직진우회전진행방해,습기,비,교차로 - 교차로안,승용,남,34세,중상,승용,남,54세,경상
2012102200100370,2012년 10월 22일 15시,월요일,강원도 횡성군 횡성읍,경상사고,0,0,1,0,차대차 - 측면직각충돌,불법유턴,습기,비,단일로 - 기타,승용,남,60세,상해없음,승용,여,47세,경상
2012102200100453,2012년 10월 22일 17시,월요일,강원도 강릉시 임당동,경상사고,0,0,1,0,차대차 - 측면직각충돌,안전운전불이행,건조,맑음,교차로 - 교차로안,승용,남,65세,상해없음,원동기,남,19세,경상
2012102200100454,2012년 10월 22일 17시,월요일,강원도 삼척시 남양동,경상사고,0,0,1,0,차대사람 - 횡단중,기타,건조,맑음,단일로 - 횡단보도부근,기타불명,기타불명,기타불명,기타불명,보행자,여,17세,경상
2012102200100509,2012년 10월 22일 18시,월요일,강원도 춘천시 후평동,경상사고,0,0,1,0,차대사람 - 기타,안전운전불이행,건조,맑음,단일로 - 횡단보도상,화물,남,49세,상해없음,보행자,남,62세,경상
2012102200100698,2012년 10월 22일 22시,월요일,강원도 춘천시 서면,경상사고,0,0,1,0,차량단독 - 공작물충돌,안전운전불이행,건조,맑음,단일로 - 기타,승용,남,54세,기타불명,,,,
2012102200100699,2012년 10월 22일 22시,월요일,강원도 강릉시 사천면,경상사고,0,0,1,0,차대차 - 측면직각충돌,안전운전불이행,건조,맑음,단일로 - 기타,승용,남,43세,상해없음,승용,여,42세,경상
2012102200100734,2012년 10월 22일 23시,월요일,강원도 강릉시 포남동,경상사고,0,0,1,0,차대차 - 측면직각충돌,안전운전불이행,건조,맑음,교차로 - 교차로안,승용,남,50세,상해없음,승용,여,46세,경상
2012102300100010,2012년 10월 23일 00시,화요일,강원도 강릉시 옥천동,경상사고,0,0,1,0,차대차 - 측면직각충돌,안전운전불이행,건조,맑음,교차로 - 교차로안,승용,남,57세,상해없음,화물,남,35세,경상
2012102300100067,2012년 10월 23일 05시,화요일,강원도 철원군 동송읍,사망사고,1,0,0,0,차대차 - 추돌 - 진행중,과속,건조,맑음,교차로 - 교차로부근,승용,남,56세,상해없음,자전거,남,68세,사망
2012102300100106,2012년 10월 23일 07시,화요일,강원도 춘천시 교동,경상사고,0,0,1,0,차대사람 - 횡단중,보행자보호의무위반,건조,맑음,교차로 - 교차로부근,기타불명,기타불명,기타불명,기타불명,보행자,여,16세,경상
2012102300100148,2012년 10월 23일 08시,화요일,강원도 춘천시 효자동,부상신고사고,0,0,0,1,차대차 - 추돌 - 주정차중,안전거리미확보,건조,맑음,교차로 - 교차로부근,승용,남,25세,상해없음,승용,남,66세,부상신고
2012102300100149,2012년 10월 23일 08시,화요일,강원도 삼척시 남양동,경상사고,0,0,1,0,차대차 - 정면충돌,안전운전불이행,건조,맑음,교차로 - 교차로안,원동기,남,49세,경상,화물,여,52세,상해없음
2012102300100150,2012년 10월 23일 08시,화요일,강원도 정선군 고한읍,중상사고,0,2,2,0,차대차 - 정면충돌,중앙선침범,건조,맑음,단일로 - 터널,승합,남,44세,상해없음,화물,남,49세,중상
2012102300100207,2012년 10월 23일 09시,화요일,강원도 춘천시 교동,경상사고,0,0,2,0,차대차 - 추돌 - 진행중,안전거리미확보,건조,맑음,단일로 - 기타,승용,여,53세,상해없음,승용,남,58세,상해없음
2012102300100240,2012년 10월 23일 10시,화요일,강원도 춘천시 퇴계동,경상사고,0,0,2,0,차대차 - 측면직각충돌,중앙선침범,건조,맑음,단일로 - 횡단보도부근,승용,여,55세,상해없음,승용,남,49세,경상
2012102300100241,2012년 10월 23일 10시,화요일,강원도 강릉시 입암동,경상사고,0,0,1,0,차대차 - 측면직각충돌,기타,건조,맑음,단일로 - 교량,승용,남,73세,상해없음,원동기,남,67세,경상
2012102300100242,2012년 10월 23일 10시,화요일,강원도 원주시 학성동,중상사고,0,2,0,0,차대차 - 측면직각충돌,직진우회전진행방해,건조,맑음,교차로 - 교차로안,승용,여,35세,상해없음,이륜,남,62세,중상
2012102300100243,2012년 10월 23일 10시,화요일,강원도 홍천군 화촌면,중상사고,0,1,0,0,차대차 - 추돌 - 진행중,직진우회전진행방해,건조,맑음,교차로 - 교차로안,승용,남,54세,상해없음,승용,남,23세,중상
2012102300100271,2012년 10월 23일 11시,화요일,강원도 강릉시 송정동,경상사고,0,0,1,0,차대차 - 측면직각충돌,중앙선침범,건조,맑음,단일로 - 기타,자전거,여,73세,경상,승용,남,33세,상해없음
2012102300100314,2012년 10월 23일 13시,화요일,강원도 동해시 효가동,중상사고,0,2,3,0,차대차 - 추돌 - 진행중,안전거리미확보,건조,맑음,교차로 - 교차로안,승용,남,30세,상해없음,승용,여,62세,중상
2012102300100346,2012년 10월 23일 14시,화요일,강원도 원주시 우산동,중상사고,0,1,0,0,차대차 - 측면직각충돌,중앙선침범,건조,맑음,단일로 - 기타,승용,남,23세,상해없음,화물,남,55세,중상
2012102300100347,2012년 10월 23일 14시,화요일,강원도 속초시 노학동,중상사고,0,1,0,0,차대차 - 측면직각충돌,안전운전불이행,건조,맑음,교차로 - 교차로부근,승용,남,59세,상해없음,자전거,남,87세,중상
2012102300100379,2012년 10월 23일 15시,화요일,강원도 춘천시 효자동,경상사고,0,0,2,0,차대차 - 측면직각충돌,교차로운행방법위반,건조,맑음,교차로 - 교차로안,승용,여,47세,상해없음,승용,남,35세,경상
2012102300100423,2012년 10월 23일 16시,화요일,강원도 춘천시 교동,경상사고,0,0,1,0,차대차 - 추돌 - 진행중,안전거리미확보,건조,맑음,단일로 - 기타,승용,남,56세,상해없음,승용,여,52세,경상
2012102300100424,2012년 10월 23일 16시,화요일,강원도 강릉시 포남동,경상사고,0,0,1,0,차대사람 - 횡단중,보행자보호의무위반,건조,맑음,단일로 - 횡단보도상,기타불명,기타불명,기타불명,기타불명,보행자,남,13세,경상
2012102300100425,2012년 10월 23일 16시,화요일,강원도 정선군 여량면,경상사고,0,0,1,0,차대차 - 추돌 - 진행중,안전운전불이행,건조,맑음,단일로 - 기타,승용,여,49세,상해없음,농기계,남,78세,경상
2012102300100515,2012년 10월 23일 18시,화요일,강원도 춘천시 후평동,경상사고,0,0,1,0,차대차 - 측면직각충돌,안전운전불이행,건조,맑음,교차로 - 교차로부근,승용,남,42세,상해없음,원동기,남,41세,경상
2012102300100516,2012년 10월 23일 18시,화요일,강원도 원주시 단계동,중상사고,0,1,0,0,차대사람 - 기타,안전운전불이행,건조,맑음,단일로 - 기타,승용,남,57세,상해없음,보행자,여,10세,중상
2012102300100517,2012년 10월 23일 18시,화요일,강원도 원주시 학성동,경상사고,0,0,2,0,차대차 - 기타,교차로운행방법위반,건조,맑음,교차로 - 교차로안,이륜,남,17세,경상,승용,남,56세,상해없음
2012102300100518,2012년 10월 23일 18시,화요일,강원도 삼척시 사직동,경상사고,0,0,5,0,차대차 - 추돌 - 주정차중,안전운전불이행,건조,맑음,교차로 - 교차로부근,승합,남,64세,상해없음,승용,남,57세,경상
2012102300100519,2012년 10월 23일 18시,화요일,강원도 동해시 송정동,중상사고,0,2,0,0,차대차 - 추돌 - 진행중,안전거리미확보,건조,맑음,교차로 - 교차로부근,승용,남,53세,상해없음,승용,여,41세,중상
2012102300100574,2012년 10월 23일 19시,화요일,강원도 원주시 단계동,경상사고,0,0,1,0,차대차 - 기타,신호위반,건조,맑음,교차로 - 교차로안,승용,여,47세,상해없음,승용,남,54세,경상
2012102300100575,2012년 10월 23일 19시,화요일,강원도 원주시 무실동,경상사고,0,0,2,0,차대차 - 추돌 - 주정차중,안전거리미확보,건조,맑음,단일로 - 기타,화물,남,34세,경상,승용,남,42세,상해없음
2012102300100576,2012년 10월 23일 19시,화요일,강원도 원주시 소초면,중상사고,0,1,0,0,차대차 - 기타,안전거리미확보,건조,맑음,교차로 - 교차로안,이륜,남,18세,중상,승합,남,54세,상해없음
2012102300100577,2012년 10월 23일 19시,화요일,강원도 인제군 북면,중상사고,0,1,11,0,차대차 - 추돌 - 진행중,안전운전불이행,건조,맑음,교차로 - 교차로부근,화물,남,45세,상해없음,승합,남,52세,경상
2012102300100608,2012년 10월 23일 20시,화요일,강원도 춘천시 석사동,중상사고,0,1,0,0,차대차 - 측면직각충돌,안전운전불이행,건조,맑음,교차로 - 교차로안,승용,여,42세,상해없음,이륜,남,46세,중상
2012102300100609,2012년 10월 23일 20시,화요일,강원도 철원군 동송읍,경상사고,0,0,1,0,차대사람 - 횡단중,안전운전불이행,건조,맑음,단일로 - 기타,원동기,남,44세,상해없음,보행자,여,42세,경상
2012102300100708,2012년 10월 23일 23시,화요일,강원도 속초시 노학동,경상사고,0,0,1,0,차대차 - 측면직각충돌,교차로운행방법위반,건조,맑음,교차로 - 교차로안,승용,남,68세,상해없음,승용,남,47세,경상
2012102400100012,2012년 10월 24일 00시,수요일,강원도 춘천시 퇴계동,경상사고,0,0,1,0,차대차 - 측면직각충돌,안전운전불이행,건조,맑음,교차로 - 교차로부근,자전거,남,42세,경상,승용,남,43세,상해없음
2012102400100085,2012년 10월 24일 06시,수요일,강원도 원주시 무실동,중상사고,0,2,0,0,차대차 - 추돌 - 주정차중,안전거리미확보,건조,맑음,단일로 - 기타,승용,여,33세,상해없음,승용,남,51세,중상
2012102400100104,2012년 10월 24일 07시,수요일,강원도 원주시 문막읍,경상사고,0,0,1,0,차대차 - 측면직각충돌,중앙선침범,건조,맑음,단일로 - 기타,승용,남,47세,상해없음,승용,남,30세,경상
2012102400100105,2012년 10월 24일 07시,수요일,강원도 철원군 갈말읍,중상사고,0,1,4,0,차대차 - 추돌 - 진행중,안전운전불이행,건조,맑음,단일로 - 기타,승용,남,22세,상해없음,화물,남,42세,경상
2012102400100135,2012년 10월 24일 08시,수요일,강원도 춘천시 석사동,부상신고사고,0,0,0,1,차대차 - 측면직각충돌,안전운전불이행,건조,맑음,단일로 - 기타,승용,남,60세,상해없음,이륜,남,24세,부상신고
2012102400100136,2012년 10월 24일 08시,수요일,강원도 원주시 문막읍,경상사고,0,0,2,0,차대차 - 측면직각충돌,안전거리미확보,건조,맑음,교차로 - 교차로부근,승합,남,44세,경상,승용,여,34세,경상
2012102400100137,2012년 10월 24일 08시,수요일,강원도 원주시 호저면,경상사고,0,0,1,0,차대차 - 추돌 - 주정차중,안전운전불이행,건조,맑음,단일로 - 기타,승용,남,44세,상해없음,화물,남,54세,경상
2012102400100177,2012년 10월 24일 09시,수요일,강원도 속초시 교동,경상사고,0,0,4,0,차대차 - 측면직각충돌,교차로운행방법위반,건조,맑음,교차로 - 교차로안,승용,남,52세,상해없음,승용,남,30세,경상
2012102400100196,2012년 10월 24일 10시,수요일,강원도 춘천시 중앙로3가,경상사고,0,0,2,0,차대차 - 기타,안전운전불이행,건조,맑음,교차로 - 교차로안,승합,남,45세,상해없음,승용,여,38세,경상
2012102400100197,2012년 10월 24일 10시,수요일,강원도 강릉시 교동,경상사고,0,0,1,0,차대차 - 측면직각충돌,안전운전불이행,건조,맑음,교차로 - 교차로안,승용,남,63세,상해없음,자전거,남,59세,경상
2012102400100221,2012년 10월 24일 11시,수요일,강원도 춘천시 후평동,중상사고,0,1,0,0,차대사람 - 길가장자리구역통행중,안전운전불이행,건조,맑음,기타 - 기타,화물,남,31세,상해없음,보행자,남,52세,중상
2012102400100256,2012년 10월 24일 12시,수요일,강원도 원주시 원동,경상사고,0,0,1,0,차대차 - 기타,중앙선침범,건조,맑음,단일로 - 기타,승용,남,45세,상해없음,승용,남,54세,경상
2012102400100257,2012년 10월 24일 12시,수요일,강원도 동해시 천곡동,경상사고,0,0,1,0,차대차 - 측면직각충돌,안전거리미확보,건조,맑음,단일로 - 기타,승용,여,56세,상해없음,승용,여,52세,경상
2012102400100279,2012년 10월 24일 13시,수요일,강원도 춘천시 온의동,부상신고사고,0,0,0,1,차대차 - 기타,안전운전불이행,건조,맑음,단일로 - 기타,화물,남,29세,상해없음,자전거,남,52세,부상신고
2012102400100280,2012년 10월 24일 13시,수요일,강원도 횡성군 공근면,중상사고,0,2,1,0,차대사람 - 기타,안전운전불이행,건조,맑음,기타 - 기타,승용,남,63세,상해없음,보행자,남,62세,중상
2012102400100304,2012년 10월 24일 14시,수요일,강원도 원주시 인동,경상사고,0,0,1,0,차대차 - 측면직각충돌,안전운전불이행,건조,맑음,단일로 - 기타,승용,남,45세,상해없음,승용,여,64세,경상
2012102400100305,2012년 10월 24일 14시,수요일,강원도 속초시 교동,경상사고,0,0,1,0,차대차 - 측면직각충돌,안전운전불이행,건조,맑음,단일로 - 기타,승용,여,50세,상해없음,승용,남,73세,경상
2012102400100306,2012년 10월 24일 14시,수요일,강원도 양양군 강현면,경상사고,0,0,2,0,차대차 - 측면직각충돌,안전운전불이행,건조,맑음,단일로 - 기타,승용,남,19세,상해없음,승용,남,26세,경상
2012102400100338,2012년 10월 24일 15시,수요일,강원도 춘천시 온의동,경상사고,0,0,1,0,차대사람 - 길가장자리구역통행중,안전운전불이행,건조,맑음,교차로 - 교차로부근,화물,남,52세,상해없음,보행자,여,14세,경상
2012102400100340,2012년 10월 24일 15시,수요일,강원도 평창군 용평면,중상사고,0,2,2,0,차량단독 - 공작물충돌,안전운전불이행,건조,맑음,단일로 - 기타,승용,여,46세,경상,,,,
2012102400100359,2012년 10월 24일 16시,수요일,강원도 춘천시 후평동,경상사고,0,0,1,0,차대사람 - 기타,안전운전불이행,건조,맑음,단일로 - 기타,승용,남,32세,상해없음,보행자,여,49세,경상
2012102400100360,2012년 10월 24일 16시,수요일,강원도 춘천시 동내면,부상신고사고,0,0,0,1,차대차 - 측면직각충돌,안전운전불이행,건조,맑음,교차로 - 교차로안,승용,여,68세,상해없음,자전거,남,60세,부상신고
2012102400100361,2012년 10월 24일 16시,수요일,강원도 강릉시 송정동,경상사고,0,0,1,0,차대차 - 측면직각충돌,중앙선침범,건조,맑음,단일로 - 기타,자전거,여,82세,경상,승용,여,37세,상해없음