사고번호,사고일시,요일,시군구,사고내용,사망자수,중상자수,경상자수,부상신고자수,사고유형,법규위반,노면상태,기상상태,도로형태,가해운전자 차종,가해운전자 성별,가해운전자 연령,가해운전자 상해정도,피해운전자 차종,피해운전자 성별,피해운전자 연령,피해운전자 상해정도
2012102400100426,2012년 10월 24일 18시,수요일,강원도 춘천시 효자동,경상사고,0,0,1,0,차대차 - 기타,안전운전불이행,건조,맑음,교차로 - 교차로안,승용,남,31세,상해없음,자전거,남,20세,경상
2012102400100427,2012년 10월 24일 18시,수요일,강원도 속초시 교동,경상사고,0,0,1,0,차대차 - 측면직각충돌,안전거리미확보,건조,맑음,단일로 - 기타,승용,남,55세,상해없음,이륜,남,28세,경상
2012102400100428,2012년 10월 24일 18시,수요일,강원도 철원군 동송읍,중상사고,0,1,0,0,차대사람 - 길가장자리구역통행중,안전운전불이행,건조,맑음,단일로 - 기타,화물,남,61세,상해없음,보행자,남,12세,중상
2012102400100476,2012년 10월 24일 19시,수요일,강원도 속초시 교동,경상사고,0,0,4,0,차대차 - 측면직각충돌,교차로운행방법위반,건조,맑음,교차로 - 교차로안,승용,여,52세,상해없음,승용,여,45세,경상
2012102400100512,2012년 10월 24일 20시,수요일,강원도 춘천시 후평동,경상사고,0,0,1,0,차대사람 - 길가장자리구역통행중,안전운전불이행,건조,맑음,교차로 - 교차로안,승용,남,60세,상해없음,보행자,남,52세,경상
2012102400100579,2012년 10월 24일 22시,수요일,강원도 홍천군 화촌면,중상사고,0,2,1,0,차대차 - 기타,중앙선침범,건조,맑음,단일로 - 기타,승용,여,65세,상해없음,화물,남,54세,중상
2012102500100083,2012년 10월 25일 06시,목요일,강원도 춘천시 근화동,중상사고,0,1,2,0,차대차 - 측면직각충돌,안전운전불이행,건조,맑음,교차로 - 교차로안,승용,남,59세,상해없음,승용,여,52세,경상
2012102500100146,2012년 10월 25일 08시,목요일,강원도 홍천군 홍천읍,경상사고,0,0,1,0,차대차 - 측면직각충돌,교차로운행방법위반,건조,맑음,교차로 - 교차로안,승용,여,45세,상해없음,승용,남,61세,경상
2012102500100147,2012년 10월 25일 08시,목요일,강원도 동해시 천곡동,중상사고,0,2,2,0,차대차 - 기타,신호위반,건조,맑음,교차로 - 교차로안,승용,여,44세,상해없음,승용,남,41세,중상
2012102500100204,2012년 10월 25일 10시,목요일,강원도 철원군 동송읍,경상사고,0,0,2,0,차대차 - 측면직각충돌,교차로운행방법위반,건조,맑음,교차로 - 교차로안,승용,여,49세,경상,승용,여,58세,경상
2012102500100231,2012년 10월 25일 11시,목요일,강원도 속초시 동명동,중상사고,0,1,2,0,차대차 - 추돌 - 진행중,교차로운행방법위반,건조,맑음,교차로 - 교차로안,화물,남,55세,상해없음,화물,남,45세,경상
2012102500100286,2012년 10월 25일 13시,목요일,강원도 강릉시 포남동,중상사고,0,1,0,0,차대차 - 측면직각충돌,안전운전불이행,건조,맑음,단일로 - 횡단보도상,승용,여,44세,상해없음,자전거,여,32세,중상
2012102500100315,2012년 10월 25일 14시,목요일,강원도 춘천시 동면,중상사고,0,1,0,0,차대차 - 측면직각충돌,안전거리미확보,건조,맑음,단일로 - 기타,승용,남,20세,상해없음,화물,남,50세,중상
2012102500100340,2012년 10월 25일 15시,목요일,강원도 삼척시 남양동,경상사고,0,0,6,0,차대차 - 측면직각충돌,안전운전불이행,건조,맑음,기타 - 기타,승용,여,44세,경상,승용,여,34세,경상
2012102500100341,2012년 10월 25일 15시,목요일,강원도 평창군 미탄면,경상사고,0,0,1,0,차대차 - 측면직각충돌,중앙선침범,건조,맑음,단일로 - 기타,승용,남,50세,상해없음,화물,남,43세,경상
2012102500100360,2012년 10월 25일 16시,목요일,강원도 삼척시 정상동,경상사고,0,0,1,0,차대차 - 측면직각충돌,불법유턴,건조,맑음,단일로 - 기타,자전거,남,52세,경상,승용,여,45세,상해없음
2012102500100397,2012년 10월 25일 17시,목요일,강원도 강릉시 임당동,경상사고,0,0,4,0,차대차 - 측면직각충돌,안전운전불이행,건조,맑음,단일로 - 기타,승용,남,64세,상해없음,승합,남,40세,상해없음
2012102500100398,2012년 10월 25일 17시,목요일,강원도 원주시 단계동,중상사고,0,1,1,0,차대차 - 추돌 - 진행중,안전운전불이행,건조,맑음,단일로 - 기타,이륜,남,59세,상해없음,승합,남,42세,상해없음
2012102500100436,2012년 10월 25일 18시,목요일,강원도 원주시 소초면,중상사고,0,1,1,0,차대차 - 정면충돌,중앙선침범,건조,맑음,단일로 - 기타,이륜,남,72세,경상,이륜,남,56세,중상
2012102500100437,2012년 10월 25일 18시,목요일,강원도 태백시 황지동,경상사고,0,0,1,0,차대차 - 측면직각충돌,교차로운행방법위반,건조,맑음,교차로 - 교차로안,승용,남,20세,상해없음,승용,남,62세,경상
2012102500100438,2012년 10월 25일 18시,목요일,강원도 정선군 북평면,중상사고,0,1,3,0,차대차 - 추돌 - 진행중,안전거리미확보,건조,맑음,단일로 - 기타,승합,남,60세,상해없음,승용,남,36세,경상
2012102500100439,2012년 10월 25일 18시,목요일,강원도 고성군 토성면,경상사고,0,0,3,0,차대차 - 추돌 - 주정차중,안전운전불이행,건조,맑음,교차로 - 교차로부근,승용,여,48세,상해없음,승용,여,62세,경상
2012102500100482,2012년 10월 25일 19시,목요일,강원도 원주시 무실동,경상사고,0,0,2,0,차대차 - 측면직각충돌,중앙선침범,건조,맑음,교차로 - 교차로부근,승용,여,60세,상해없음,승용,남,67세,경상
2012102500100523,2012년 10월 25일 20시,목요일,강원도 원주시 개운동,경상사고,0,0,1,0,차대차 - 측면직각충돌,교차로운행방법위반,건조,맑음,교차로 - 교차로안,승용,여,53세,상해없음,자전거,남,46세,경상
2012102500100583,2012년 10월 25일 22시,목요일,강원도 양양군 손양면,경상사고,0,0,2,0,차대차 - 측면직각충돌,교차로운행방법위반,습기,비,교차로 - 교차로안,승용,여,42세,상해없음,승용,남,28세,경상
2012102600100008,2012년 10월 26일 00시,금요일,강원도 강릉시 강동면,경상사고,0,0,1,0,차대차 - 추돌 - 주정차중,안전운전불이행,건조,맑음,교차로 - 교차로부근,화물,남,64세,상해없음,승용,남,56세,경상
2012102600100009,2012년 10월 26일 00시,금요일,강원도 원주시 명륜동,경상사고,0,0,2,0,차대차 - 측면직각충돌,교차로운행방법위반,건조,맑음,교차로 - 교차로안,승용,남,33세,기타불명,승용,남,38세,경상
2012102600100010,2012년 10월 26일 00시,금요일,강원도 삼척시 남양동,경상사고,0,0,1,0,차대차 - 측면직각충돌,안전운전불이행,건조,맑음,교차로 - 교차로안,승용,남,32세,상해없음,승용,남,49세,경상
2012102600100103,2012년 10월 26일 06시,금요일,강원도 춘천시 소양로3가,경상사고,0,0,1,0,차대차 - 측면직각충돌,교차로운행방법위반,건조,맑음,교차로 - 교차로안,화물,여,57세,상해없음,승용,남,68세,경상
2012102600100104,2012년 10월 26일 06시,금요일,강원도 평창군 용평면,중상사고,0,1,0,0,차량단독 - 공작물충돌,안전운전불이행,습기,안개,단일로 - 기타,화물,여,54세,상해없음,,,,
2012102600100134,2012년 10월 26일 07시,금요일,강원도 원주시 태장동,경상사고,0,0,2,0,차대차 - 추돌 - 주정차중,안전운전불이행,건조,맑음,교차로 - 교차로부근,승용,남,29세,상해없음,승용,여,45세,경상
2012102600100169,2012년 10월 26일 08시,금요일,강원도 춘천시 후평동,경상사고,0,0,1,0,차대차 - 측면직각충돌,안전운전불이행,건조,맑음,교차로 - 교차로안,승용,남,50세,상해없음,자전거,남,16세,경상
2012102600100170,2012년 10월 26일 08시,금요일,강원도 춘천시 후평동,경상사고,0,0,1,0,차대차 - 측면직각충돌,직진우회전진행방해,건조,맑음,교차로 - 교차로안,승용,남,45세,상해없음,자전거,남,17세,경상
2012102600100171,2012년 10월 26일 08시,금요일,강원도 강릉시 교동,경상사고,0,0,1,0,차대사람 - 횡단중,보행자보호의무위반,건조,맑음,교차로 - 교차로부근,승용,남,47세,상해없음,보행자,여,16세,경상
2012102600100172,2012년 10월 26일 08시,금요일,강원도 강릉시 교동,경상사고,0,0,1,0,차대차 - 추돌 - 진행중,기타,건조,맑음,교차로 - 교차로부근,화물,남,70세,상해없음,승용,남,35세,경상
2012102600100173,2012년 10월 26일 08시,금요일,강원도 원주시 무실동,경상사고,0,0,3,0,차대차 - 측면직각충돌,신호위반,건조,맑음,교차로 - 교차로안,승용,여,42세,경상,화물,남,42세,경상
2012102600100174,2012년 10월 26일 08시,금요일,강원도 삼척시 정상동,경상사고,0,0,2,0,차대차 - 측면직각충돌,안전운전불이행,건조,맑음,단일로 - 기타,승용,여,27세,상해없음,승용,남,34세,경상
2012102600100175,2012년 10월 26일 08시,금요일,강원도 동해시 효가동,경상사고,0,0,3,0,차대차 - 기타,안전운전불이행,건조,맑음,교차로 - 교차로부근,화물,남,26세,상해없음,승용,남,57세,경상
2012102600100214,2012년 10월 26일 09시,금요일,강원도 속초시 조양동,경상사고,0,0,2,0,차대차 - 측면직각충돌,안전운전불이행,건조,맑음,교차로 - 교차로부근,승용,남,35세,상해없음,승용,여,37세,경상
2012102600100248,2012년 10월 26일 10시,금요일,강원도 춘천시 온의동,경상사고,0,0,2,0,차대차 - 측면직각충돌,안전운전불이행,건조,맑음,미분류 - 미분류,승용,남,69세,상해없음,승용,남,36세,경상
2012102600100249,2012년 10월 26일 10시,금요일,강원도 속초시 교동,경상사고,0,0,1,0,차대차 - 측면직각충돌,안전운전불이행,건조,맑음,교차로 - 교차로안,화물,남,42세,상해없음,승용,남,58세,경상
2012102600100273,2012년 10월 26일 11시,금요일,강원도 원주시 단구동,중상사고,0,1,0,0,차대차 - 정면충돌,신호위반,건조,맑음,교차로 - 교차로안,승용,여,60세,상해없음,화물,남,56세,중상
2012102600100274,2012년 10월 26일 11시,금요일,강원도 속초시 교동,경상사고,0,0,5,0,차대차 - 추돌 - 주정차중,안전운전불이행,건조,맑음,교차로 - 교차로부근,승용,여,47세,상해없음,승용,남,64세,경상
2012102600100275,2012년 10월 26일 11시,금요일,강원도 고성군 토성면,경상사고,0,0,2,0,차대차 - 추돌 - 주정차중,안전운전불이행,건조,맑음,교차로 - 교차로안,승용,남,32세,상해없음,승용,여,40세,경상
2012102600100293,2012년 10월 26일 12시,금요일,강원도 원주시 소초면,중상사고,0,1,0,0,차대차 - 측면직각충돌,신호위반,건조,맑음,교차로 - 교차로안,승용,남,23세,상해없음,화물,남,42세,중상
2012102600100316,2012년 10월 26일 13시,금요일,강원도 춘천시 사농동,경상사고,0,0,1,0,차대차 - 측면직각충돌,안전운전불이행,건조,맑음,단일로 - 기타,건설기계,남,35세,상해없음,승용,여,36세,경상
2012102600100317,2012년 10월 26일 13시,금요일,강원도 춘천시 교동,중상사고,0,1,0,0,차대사람 - 횡단중,보행자보호의무위반,건조,맑음,단일로 - 횡단보도상,승용,남,25세,상해없음,보행자,여,70세,중상
2012102600100318,2012년 10월 26일 13시,금요일,강원도 속초시 교동,중상사고,0,3,0,0,차대차 - 측면직각충돌,안전거리미확보,건조,맑음,교차로 - 교차로부근,승용,남,74세,상해없음,승용,여,55세,중상
2012102600100355,2012년 10월 26일 14시,금요일,강원도 홍천군 화촌면,경상사고,0,0,4,0,차대차 - 기타,안전운전불이행,건조,맑음,교차로 - 교차로부근,화물,남,41세,상해없음,승용,남,36세,경상
2012102600100356,2012년 10월 26일 14시,금요일,강원도 인제군 인제읍,중상사고,0,2,4,0,차대차 - 측면직각충돌,안전운전불이행,건조,맑음,단일로 - 교량,승용,남,23세,상해없음,승합,남,53세,상해없음
2012102600100409,2012년 10월 26일 16시,금요일,강원도 강릉시 교동,경상사고,0,0,1,0,차대차 - 추돌 - 진행중,안전운전불이행,건조,맑음,교차로 - 교차로안,승용,여,42세,상해없음,승용,여,49세,경상
2012102600100410,2012년 10월 26일 16시,금요일,강원도 평창군 대화면,사망사고,1,0,0,0,차대차 - 측면직각충돌,중앙선침범,건조,맑음,단일로 - 기타,원동기,남,75세,사망,승용,여,52세,상해없음
2012102600100457,2012년 10월 26일 17시,금요일,강원도 인제군 북면,중상사고,0,1,0,0,차대차 - 측면직각충돌,안전운전불이행,건조,맑음,교차로 - 교차로안,화물,남,46세,상해없음,승용,남,37세,중상
2012102600100458,2012년 10월 26일 17시,금요일,강원도 양구군 해안면,중상사고,0,1,0,0,차대사람 - 횡단중,안전운전불이행,건조,맑음,교차로 - 교차로안,화물,남,52세,상해없음,보행자,여,34세,중상
2012102600100493,2012년 10월 26일 18시,금요일,강원도 춘천시 중앙로1가,경상사고,0,0,3,0,차대차 - 측면직각충돌,안전운전불이행,건조,맑음,교차로 - 교차로안,승용,남,25세,상해없음,승용,남,79세,경상
2012102600100494,2012년 10월 26일 18시,금요일,강원도 원주시 단구동,경상사고,0,0,1,0,차대차 - 추돌 - 주정차중,안전운전불이행,건조,맑음,교차로 - 교차로부근,승용,남,46세,상해없음,승용,남,23세,경상
2012102600100495,2012년 10월 26일 18시,금요일,강원도 원주시 단구동,중상사고,0,1,0,0,차량단독 - 기타,안전운전불이행,건조,맑음,단일로 - 기타,승합,남,50세,상해없음,,,,
2012102600100536,2012년 10월 26일 19시,금요일,강원도 춘천시 효자동,경상사고,0,0,1,0,차대차 - 측면직각충돌,안전운전불이행,건조,맑음,교차로 - 교차로안,승용,남,55세,기타불명,원동기,남,20세,경상
2012102600100537,2012년 10월 26일 19시,금요일,강원도 춘천시 근화동,경상사고,0,0,2,1,차대차 - 추돌 - 진행중,안전운전불이행,건조,맑음,교차로 - 교차로안,승합,남,32세,상해없음,승용,남,55세,경상
2012102600100538,2012년 10월 26일 19시,금요일,강원도 평창군 대관령면,경상사고,0,0,1,0,차대차 - 추돌 - 진행중,안전운전불이행,건조,맑음,단일로 - 기타,승용,여,37세,상해없음,승용,남,45세,경상
2012102600100581,2012년 10월 26일 20시,금요일,강원도 강릉시 두산동,중상사고,0,1,0,0,차량단독 - 전도전복,안전운전불이행,건조,흐림,교차로 - 교차로부근,승용,남,43세,중상,,,,
2012102600100622,2012년 10월 26일 21시,금요일,강원도 춘천시 중앙로3가,중상사고,0,1,0,0,차대사람 - 차도통행중,안전운전불이행,건조,맑음,단일로 - 기타,승용,여,57세,상해없음,보행자,여,74세,중상
2012102600100623,2012년 10월 26일 21시,금요일,강원도 원주시 우산동,중상사고,0,1,0,0,차량단독 - 기타,안전운전불이행,건조,맑음,단일로 - 기타,이륜,남,19세,상해없음,,,,
2012102600100679,2012년 10월 26일 23시,금요일,강원도 속초시 대포동,경상사고,0,0,1,0,차대차 - 추돌 - 주정차중,안전운전불이행,건조,맑음,교차로 - 교차로부근,승용,여,41세,상해없음,화물,남,44세,경상
2012102700100010,2012년 10월 27일 00시,토요일,강원도 춘천시 후평동,경상사고,0,0,1,0,차대사람 - 기타,안전운전불이행,건조,맑음,단일로 - 기타,승용,남,32세,상해없음,보행자,여,27세,경상
2012102700100011,2012년 10월 27일 00시,토요일,강원도 강릉시 교동,경상사고,0,0,3,0,차대차 - 추돌 - 주정차중,안전운전불이행,건조,맑음,교차로 - 교차로부근,승용,남,24세,상해없음,승용,남,54세,경상
2012102700100063,2012년 10월 27일 02시,토요일,강원도 춘천시 효자동,경상사고,0,0,3,0,차대차 - 측면직각충돌,안전운전불이행,건조,맑음,교차로 - 교차로안,승용,남,36세,상해없음,승용,남,23세,경상
2012102700100080,2012년 10월 27일 03시,토요일,강원도 속초시 교동,경상사고,0,0,5,0,차대차 - 추돌 - 주정차중,안전운전불이행,건조,맑음,교차로 - 교차로부근,승용,남,56세,상해없음,승용,남,37세,경상
2012102700100120,2012년 10월 27일 05시,토요일,강원도 동해시 부곡동,중상사고,0,1,0,0,차대사람 - 차도통행중,안전운전불이행,건조,맑음,교차로 - 교차로안,승용,남,46세,상해없음,보행자,여,62세,중상
2012102700100152,2012년 10월 27일 06시,토요일,강원도 양양군 서면,경상사고,0,0,1,0,차량단독 - 공작물충돌,안전운전불이행,습기,맑음,단일로 - 기타,승용,남,55세,상해없음,,,,
2012102700100174,2012년 10월 27일 07시,토요일,강원도 원주시 우산동,중상사고,0,1,2,0,차대차 - 측면직각충돌,신호위반,습기,비,교차로 - 교차로안,승용,남,64세,경상,승용,남,63세,상해없음
2012102700100213,2012년 10월 27일 09시,토요일,강원도 원주시 지정면,경상사고,0,0,1,0,차대차 - 기타,안전운전불이행,습기,비,단일로 - 기타,승용,남,54세,상해없음,승용,남,51세,경상
2012102700100214,2012년 10월 27일 09시,토요일,강원도 원주시 지정면,중상사고,0,1,0,0,차대차 - 기타,직진우회전진행방해,건조,맑음,교차로 - 교차로안,승용,남,50세,상해없음,승합,남,51세,중상
2012102700100215,2012년 10월 27일 09시,토요일,강원도 원주시 문막읍,중상사고,0,2,0,0,차대차 - 추돌 - 주정차중,차로위반,습기,비,단일로 - 기타,승용,여,33세,상해없음,화물,남,42세,상해없음
2012102700100254,2012년 10월 27일 10시,토요일,강원도 원주시 판부면,경상사고,0,0,3,0,차대차 - 기타,안전거리미확보,건조,맑음,단일로 - 기타,승용,남,37세,상해없음,승용,남,38세,경상
2012102700100284,2012년 10월 27일 11시,토요일,강원도 속초시 교동,중상사고,0,1,0,0,차대차 - 측면직각충돌,중앙선침범,건조,맑음,교차로 - 교차로부근,승용,남,29세,상해없음,승용,남,41세,중상
2012102700100285,2012년 10월 27일 11시,토요일,강원도 양양군 서면,중상사고,0,4,0,0,차대차 - 정면충돌,중앙선침범,습기,비,단일로 - 기타,승용,남,69세,상해없음,승용,남,38세,중상
2012102700100286,2012년 10월 27일 11시,토요일,강원도 삼척시 남양동,경상사고,0,0,1,0,차대차 - 추돌 - 진행중,안전운전불이행,습기,비,교차로 - 교차로부근,승용,여,36세,상해없음,승용,남,49세,경상
2012102700100287,2012년 10월 27일 11시,토요일,강원도 평창군 방림면,중상사고,0,1,1,0,차대차 - 측면직각충돌,안전운전불이행,습기,비,단일로 - 기타,승용,여,52세,상해없음,승용,여,35세,중상
2012102700100288,2012년 10월 27일 11시,토요일,강원도 태백시 황지동,경상사고,0,0,2,0,차대차 - 측면직각충돌,교차로운행방법위반,습기,비,교차로 - 교차로안,화물,남,48세,상해없음,승용,여,34세,경상
2012102700100289,2012년 10월 27일 11시,토요일,강원도 철원군 동송읍,경상사고,0,0,1,0,차대차 - 측면직각충돌,안전운전불이행,습기,비,단일로 - 기타,승용,여,49세,상해없음,이륜,남,16세,경상
2012102700100290,2012년 10월 27일 11시,토요일,강원도 평창군 진부면,경상사고,0,0,1,0,차대차 - 측면직각충돌,안전운전불이행,건조,흐림,단일로 - 터널,승용,남,30세,상해없음,화물,남,52세,경상
2012102700100322,2012년 10월 27일 12시,토요일,강원도 강릉시 포남동,경상사고,0,0,4,0,차대차 - 추돌 - 진행중,안전운전불이행,건조,맑음,단일로 - 기타,화물,남,31세,상해없음,승용,여,50세,경상
2012102700100323,2012년 10월 27일 12시,토요일,강원도 강릉시 노암동,중상사고,0,1,0,0,차대사람 - 기타,안전운전불이행,건조,맑음,교차로 - 교차로안,승용,남,55세,상해없음,보행자,여,64세,중상
2012102700100358,2012년 10월 27일 13시,토요일,강원도 춘천시 석사동,경상사고,0,0,1,0,차대사람 - 기타,보행자보호의무위반,습기,비,단일로 - 횡단보도상,승용,여,53세,상해없음,보행자,남,35세,경상
2012102700100397,2012년 10월 27일 14시,토요일,강원도 강릉시 교동,경상사고,0,0,1,0,차대사람 - 횡단중,보행자보호의무위반,건조,맑음,단일로 - 기타,승용,남,56세,상해없음,보행자,남,57세,경상
2012102700100398,2012년 10월 27일 14시,토요일,강원도 삼척시 미로면,중상사고,0,1,2,0,차량단독 - 전도전복,안전운전불이행,습기,비,단일로 - 기타,승용,남,40세,상해없음,,,,
2012102700100399,2012년 10월 27일 14시,토요일,강원도 영월군 영월읍,경상사고,0,0,2,0,차대차 - 추돌 - 진행중,안전거리미확보,습기,비,단일로 - 기타,화물,남,37세,상해없음,승용,남,76세,경상
2012102700100400,2012년 10월 27일 14시,토요일,강원도 동해시 북평동,경상사고,0,0,1,0,차대차 - 기타,안전운전불이행,습기,비,교차로 - 교차로부근,화물,남,57세,상해없음,승용,남,37세,경상
2012102700100401,2012년 10월 27일 14시,토요일,강원도 원주시 문막읍,경상사고,0,0,1,0,차대차 - 추돌 - 진행중,안전거리미확보,습기,비,단일로 - 기타,승용,남,55세,상해없음,승용,남,32세,경상
2012102700100439,2012년 10월 27일 15시,토요일,강원도 춘천시 후평동,경상사고,0,0,2,0,차대차 - 측면직각충돌,안전운전불이행,습기,비,교차로 - 교차로부근,승합,남,43세,상해없음,승용,여,59세,경상
2012102700100440,2012년 10월 27일 15시,토요일,강원도 속초시 청호동,경상사고,0,0,1,0,차대차 - 측면직각충돌,안전거리미확보,습기,비,단일로 - 기타,승합,남,69세,상해없음,원동기,남,23세,경상
2012102700100484,2012년 10월 27일 16시,토요일,강원도 홍천군 화촌면,경상사고,0,0,1,0,차대차 - 기타,안전운전불이행,습기,비,교차로 - 교차로부근,승용,남,49세,상해없음,승용,남,52세,경상
2012102700100485,2012년 10월 27일 16시,토요일,강원도 횡성군 공근면,경상사고,0,0,1,0,차량단독 - 공작물충돌,안전운전불이행,습기,비,단일로 - 기타,승용,남,21세,상해없음,,,,
2012102700100524,2012년 10월 27일 17시,토요일,강원도 원주시 단구동,경상사고,0,0,2,0,차대차 - 측면직각충돌,교차로운행방법위반,습기,비,교차로 - 교차로안,이륜,남,46세,경상,승용,남,44세,경상
2012102700100525,2012년 10월 27일 17시,토요일,강원도 원주시 단계동,경상사고,0,0,2,0,차대차 - 측면직각충돌,안전운전불이행,건조,맑음,단일로 - 기타,승용,남,30세,상해없음,승용,남,38세,경상
2012102700100526,2012년 10월 27일 17시,토요일,강원도 속초시 조양동,중상사고,0,2,1,0,차대차 - 측면직각충돌,안전거리미확보,습기,비,교차로 - 교차로부근,승용,여,49세,상해없음,화물,남,38세,중상
2012102700100605,2012년 10월 27일 18시,토요일,강원도 춘천시 운교동,중상사고,0,1,1,0,차대차 - 측면직각충돌,신호위반,습기,비,교차로 - 교차로안,화물,남,42세,상해없음,승용,남,57세,중상
2012102700100651,2012년 10월 27일 19시,토요일,강원도 원주시 반곡동,중상사고,0,1,2,0,차대차 - 측면직각충돌,안전운전불이행,습기,비,교차로 - 교차로안,승용,남,50세,경상,승용,남,21세,중상
2012102700100652,2012년 10월 27일 19시,토요일,강원도 원주시 무실동,경상사고,0,0,6,0,차대차 - 기타,중앙선침범,습기,비,교차로 - 교차로부근,화물,남,55세,상해없음,승용,남,41세,경상
2012102700100653,2012년 10월 27일 19시,토요일,강원도 삼척시 남양동,경상사고,0,0,1,0,차대차 - 추돌 - 진행중,안전운전불이행,건조,맑음,교차로 - 교차로안,승용,여,48세,상해없음,승용,여,48세,경상
2012102700100706,2012년 10월 27일 20시,토요일,강원도 태백시 장성동,경상사고,0,0,1,0,차대차 - 측면직각충돌,교차로운행방법위반,습기,비,교차로 - 교차로안,승용,남,45세,상해없음,승용,여,32세,경상
2012102700100763,2012년 10월 27일 21시,토요일,강원도 양양군 양양읍,중상사고,0,1,1,0,차대차 - 측면직각충돌,중앙선침범,건조,맑음,단일로 - 기타,승용,남,22세,상해없음,승합,남,29세,중상
2012102700100797,2012년 10월 27일 22시,토요일,강원도 춘천시 퇴계동,중상사고,0,1,0,0,차대사람 - 기타,안전운전불이행,건조,맑음,단일로 - 기타,승용,남,38세,상해없음,보행자,남,40세,중상
2012102700100798,2012년 10월 27일 22시,토요일,강원도 원주시 단계동,경상사고,0,0,1,0,차대사람 - 기타,안전운전불이행,건조,흐림,교차로 - 교차로안,승용,남,29세,상해없음,보행자,남,23세,경상
2012102800100017,2012년 10월 28일 00시,일요일,강원도 춘천시 석사동,경상사고,0,0,1,0,차대사람 - 기타,안전운전불이행,건조,맑음,단일로 - 기타,기타불명,기타불명,기타불명,기타불명,보행자,남,30세,경상
2012102800100018,2012년 10월 28일 00시,일요일,강원도 춘천시 퇴계동,경상사고,0,0,4,0,차대차 - 기타,안전운전불이행,습기,비,교차로 - 교차로부근,승용,남,47세,상해없음,승용,남,45세,경상
2012102800100019,2012년 10월 28일 00시,일요일,강원도 속초시 교동,경상사고,0,0,3,0,차대차 - 정면충돌,중앙선침범,습기,비,교차로 - 교차로안,승용,남,34세,상해없음,승용,남,43세,경상
2012102800100053,2012년 10월 28일 02시,일요일,강원도 춘천시 효자동,경상사고,0,0,1,0,차대차 - 추돌 - 주정차중,안전운전불이행,건조,흐림,교차로 - 교차로부근,승용,남,26세,상해없음,승용,남,30세,경상
2012102800100106,2012년 10월 28일 06시,일요일,강원도 원주시 명륜동,중상사고,0,1,0,0,차대차 - 기타,신호위반,습기,흐림,교차로 - 교차로안,기타불명,기타불명,기타불명,기타불명,승용,여,57세,중상
2012102800100125,2012년 10월 28일 07시,일요일,강원도 춘천시 온의동,경상사고,0,0,1,0,차대차 - 측면직각충돌,신호위반,건조,맑음,교차로 - 교차로안,승용,남,33세,기타불명,승용,남,30세,경상
2012102800100136,2012년 10월 28일 08시,일요일,강원도 원주시 학성동,중상사고,0,1,0,0,차대차 - 추돌 - 주정차중,안전운전불이행,건조,맑음,단일로 - 기타,승용,남,24세,상해없음,화물,남,50세,중상
2012102800100172,2012년 10월 28일 10시,일요일,강원도 평창군 대관령면,경상사고,0,0,1,0,차대차 - 측면직각충돌,안전운전불이행,건조,맑음,교차로 - 교차로안,승용,남,61세,상해없음,승용,남,67세,경상
2012102800100197,2012년 10월 28일 11시,일요일,강원도 춘천시 동면,경상사고,0,0,2,0,차대차 - 기타,중앙선침범,건조,맑음,단일로 - 기타,승합,남,54세,상해없음,승용,여,39세,경상
2012102800100198,2012년 10월 28일 11시,일요일,강원도 춘천시 동면,경상사고,0,0,8,0,차대차 - 측면직각충돌,안전운전불이행,건조,맑음,단일로 - 기타,승용,남,61세,상해없음,승용,남,58세,경상
2012102800100199,2012년 10월 28일 11시,일요일,강원도 홍천군 서면,중상사고,0,5,0,0,차량단독 - 공작물충돌,안전운전불이행,건조,맑음,단일로 - 기타,승용,여,58세,중상,,,,
2012102800100200,2012년 10월 28일 11시,일요일,강원도 고성군 거진읍,중상사고,0,1,0,0,차대차 - 추돌 - 진행중,안전운전불이행,건조,맑음,교차로 - 교차로부근,승용,여,24세,상해없음,승용,여,54세,중상
2012102800100249,2012년 10월 28일 13시,일요일,강원도 춘천시 서면,경상사고,0,0,1,0,차대사람 - 기타,안전운전불이행,건조,맑음,단일로 - 기타,승용,남,52세,상해없음,보행자,남,55세,경상
2012102800100250,2012년 10월 28일 13시,일요일,강원도 춘천시 동내면,중상사고,0,1,0,0,차대차 - 측면직각충돌,안전운전불이행,건조,맑음,교차로 - 교차로안,자전거,남,28세,중상,승용,남,49세,상해없음
2012102800100278,2012년 10월 28일 14시,일요일,강원도 홍천군 동면,경상사고,0,0,1,0,차대사람 - 기타,안전운전불이행,건조,맑음,단일로 - 기타,승용,남,27세,상해없음,보행자,여,53세,경상
2012102800100315,2012년 10월 28일 15시,일요일,강원도 춘천시 석사동,부상신고사고,0,0,0,2,차대차 - 추돌 - 진행중,안전거리미확보,건조,맑음,교차로 - 교차로부근,승용,남,46세,상해없음,승용,여,34세,부상신고
2012102800100316,2012년 10월 28일 15시,일요일,강원도 강릉시 성남동,경상사고,0,0,2,0,차대차 - 측면직각충돌,기타,건조,맑음,교차로 - 교차로안,승용,남,46세,상해없음,승용,남,36세,경상