사고번호,사고일시,요일,시군구,사고내용,사망자수,중상자수,경상자수,부상신고자수,사고유형,법규위반,노면상태,기상상태,도로형태,가해운전자 차종,가해운전자 성별,가해운전자 연령,가해운전자 상해정도,피해운전자 차종,피해운전자 성별,피해운전자 연령,피해운전자 상해정도
2012102800100317,2012년 10월 28일 15시,일요일,강원도 속초시 조양동,경상사고,0,0,6,0,차대차 - 측면직각충돌,안전운전불이행,건조,맑음,단일로 - 기타,승용,남,25세,상해없음,승용,남,51세,경상
2012102800100318,2012년 10월 28일 15시,일요일,강원도 양양군 양양읍,중상사고,0,2,0,0,차대차 - 측면직각충돌,안전운전불이행,건조,맑음,단일로 - 기타,화물,남,53세,상해없음,승용,남,41세,상해없음
2012102800100354,2012년 10월 28일 16시,일요일,강원도 원주시 행구동,경상사고,0,0,1,0,차대차 - 측면직각충돌,안전운전불이행,건조,맑음,기타 - 기타,승용,여,60세,상해없음,승용,남,51세,경상
2012102800100355,2012년 10월 28일 16시,일요일,강원도 인제군 인제읍,중상사고,0,2,2,0,차대차 - 추돌 - 진행중,안전거리미확보,건조,맑음,단일로 - 기타,승용,남,68세,상해없음,승용,남,43세,중상
2012102800100398,2012년 10월 28일 17시,일요일,강원도 춘천시 우두동,중상사고,0,2,1,0,차대차 - 정면충돌,중앙선침범,건조,맑음,단일로 - 기타,승용,남,43세,상해없음,승용,남,32세,중상
2012102800100399,2012년 10월 28일 17시,일요일,강원도 양구군 양구읍,중상사고,0,1,0,0,차대차 - 측면직각충돌,안전운전불이행,건조,맑음,교차로 - 교차로안,승용,남,58세,상해없음,원동기,여,73세,중상
2012102800100440,2012년 10월 28일 18시,일요일,강원도 강릉시 홍제동,경상사고,0,0,1,0,차대차 - 정면충돌,중앙선침범,건조,맑음,교차로 - 교차로부근,특수,남,58세,상해없음,화물,남,37세,경상
2012102800100441,2012년 10월 28일 18시,일요일,강원도 강릉시 옥계면,중상사고,0,1,0,0,차량단독 - 공작물충돌,안전운전불이행,건조,맑음,단일로 - 기타,승용,남,20세,상해없음,,,,
2012102800100532,2012년 10월 28일 20시,일요일,강원도 홍천군 홍천읍,경상사고,0,0,3,0,차대차 - 기타,교차로운행방법위반,건조,맑음,교차로 - 교차로안,승용,남,42세,상해없음,승용,여,37세,경상
2012102800100559,2012년 10월 28일 21시,일요일,강원도 춘천시 효자동,경상사고,0,0,1,0,차대차 - 측면직각충돌,교차로운행방법위반,건조,맑음,교차로 - 교차로안,승용,남,56세,상해없음,승용,남,52세,경상
2012102800100581,2012년 10월 28일 22시,일요일,강원도 강릉시 포남동,경상사고,0,0,1,0,차대차 - 측면직각충돌,안전운전불이행,건조,맑음,단일로 - 기타,승용,여,38세,상해없음,자전거,남,15세,경상
2012102800100600,2012년 10월 28일 23시,일요일,강원도 속초시 교동,중상사고,0,1,0,0,차대차 - 측면직각충돌,신호위반,건조,맑음,교차로 - 교차로안,승용,남,18세,상해없음,화물,남,43세,중상
2012102900100013,2012년 10월 29일 00시,월요일,강원도 원주시 단계동,경상사고,0,0,2,0,차대차 - 측면직각충돌,중앙선침범,건조,맑음,교차로 - 교차로안,승용,남,39세,상해없음,승용,남,34세,경상
2012102900100121,2012년 10월 29일 08시,월요일,강원도 춘천시 동내면,경상사고,0,0,1,0,차대차 - 측면직각충돌,신호위반,건조,흐림,교차로 - 교차로안,승용,여,60세,기타불명,승용,남,41세,경상
2012102900100122,2012년 10월 29일 08시,월요일,강원도 원주시 중앙동,경상사고,0,0,1,0,차대사람 - 기타,교차로운행방법위반,건조,맑음,교차로 - 교차로안,승용,여,24세,상해없음,보행자,남,65세,경상
2012102900100123,2012년 10월 29일 08시,월요일,강원도 철원군 갈말읍,경상사고,0,0,1,0,차대차 - 측면직각충돌,차로위반,건조,맑음,단일로 - 기타,화물,남,23세,상해없음,특수,남,26세,상해없음
2012102900100214,2012년 10월 29일 11시,월요일,강원도 철원군 김화읍,중상사고,0,1,1,0,차대차 - 기타,기타,건조,맑음,단일로 - 기타,화물,남,52세,상해없음,화물,남,63세,중상
2012102900100215,2012년 10월 29일 11시,월요일,강원도 동해시 발한동,경상사고,0,0,1,0,차대차 - 기타,안전운전불이행,건조,맑음,교차로 - 교차로안,승용,남,59세,상해없음,자전거,남,73세,경상
2012102900100266,2012년 10월 29일 13시,월요일,강원도 동해시 발한동,경상사고,0,0,2,0,차대차 - 기타,신호위반,건조,맑음,교차로 - 교차로안,이륜,남,68세,상해없음,승용,남,57세,상해없음
2012102900100292,2012년 10월 29일 14시,월요일,강원도 춘천시 후평동,중상사고,0,1,0,0,차대사람 - 횡단중,안전운전불이행,건조,맑음,교차로 - 교차로안,승용,남,43세,상해없음,보행자,여,81세,중상
2012102900100293,2012년 10월 29일 14시,월요일,강원도 영월군 한반도면,경상사고,0,0,2,0,차대차 - 측면직각충돌,안전거리미확보,건조,맑음,단일로 - 기타,화물,남,55세,상해없음,승용,남,56세,경상
2012102900100320,2012년 10월 29일 15시,월요일,강원도 강릉시 교동,경상사고,0,0,1,0,차대차 - 측면직각충돌,안전거리미확보,건조,맑음,교차로 - 교차로부근,승용,남,27세,상해없음,승용,남,42세,경상
2012102900100359,2012년 10월 29일 16시,월요일,강원도 영월군 남면,사망사고,1,0,0,0,차대사람 - 기타,안전운전불이행,건조,맑음,단일로 - 기타,승합,남,40세,상해없음,보행자,남,1세,사망
2012102900100360,2012년 10월 29일 16시,월요일,강원도 동해시 대진동,중상사고,0,1,3,0,차대차 - 측면직각충돌,과속,건조,맑음,단일로 - 기타,승용,남,28세,상해없음,승용,남,54세,경상
2012102900100412,2012년 10월 29일 17시,월요일,강원도 홍천군 홍천읍,중상사고,0,1,0,0,차대사람 - 기타,안전운전불이행,건조,맑음,교차로 - 교차로안,승용,남,43세,상해없음,보행자,여,69세,중상
2012102900100460,2012년 10월 29일 18시,월요일,강원도 춘천시 석사동,경상사고,0,0,2,1,차대차 - 추돌 - 진행중,안전거리미확보,건조,맑음,교차로 - 교차로부근,승용,남,56세,상해없음,승용,남,26세,경상
2012102900100461,2012년 10월 29일 18시,월요일,강원도 춘천시 동산면,부상신고사고,0,0,0,1,차대사람 - 길가장자리구역통행중,안전운전불이행,건조,맑음,단일로 - 기타,건설기계,남,60세,상해없음,보행자,남,61세,부상신고
2012102900100462,2012년 10월 29일 18시,월요일,강원도 속초시 도문동,경상사고,0,0,1,0,차대차 - 측면직각충돌,안전운전불이행,습기,비,단일로 - 기타,승용,남,60세,상해없음,승용,남,44세,경상
2012102900100463,2012년 10월 29일 18시,월요일,강원도 동해시 부곡동,경상사고,0,0,1,0,차대사람 - 보도통행중,보행자보호의무위반,건조,맑음,단일로 - 횡단보도상,승용,여,37세,상해없음,보행자,남,51세,경상
2012102900100522,2012년 10월 29일 19시,월요일,강원도 철원군 서면,사망사고,1,0,0,0,차대사람 - 기타,안전운전불이행,건조,맑음,단일로 - 기타,화물,남,57세,상해없음,보행자,여,67세,사망
2012102900100549,2012년 10월 29일 20시,월요일,강원도 춘천시 효자동,경상사고,0,0,1,0,차대사람 - 차도통행중,안전운전불이행,건조,맑음,교차로 - 교차로안,승용,여,42세,상해없음,보행자,여,67세,경상
2012102900100584,2012년 10월 29일 21시,월요일,강원도 춘천시 후평동,중상사고,0,1,0,0,차대사람 - 차도통행중,안전운전불이행,건조,맑음,단일로 - 기타,기타불명,기타불명,기타불명,기타불명,보행자,남,13세,중상
2012102900100585,2012년 10월 29일 21시,월요일,강원도 원주시 단구동,경상사고,0,0,3,0,차대차 - 측면직각충돌,교차로운행방법위반,건조,맑음,교차로 - 교차로부근,승용,남,38세,상해없음,승용,남,29세,경상
2012102900100613,2012년 10월 29일 22시,월요일,강원도 춘천시 효자동,경상사고,0,0,1,0,차대차 - 측면직각충돌,안전운전불이행,건조,맑음,교차로 - 교차로안,승용,남,30세,상해없음,이륜,남,43세,경상
2012102900100614,2012년 10월 29일 22시,월요일,강원도 춘천시 후평동,경상사고,0,0,1,0,차대사람 - 길가장자리구역통행중,안전운전불이행,건조,맑음,단일로 - 기타,승용,여,25세,상해없음,보행자,남,17세,경상
2012103000100039,2012년 10월 30일 02시,화요일,강원도 원주시 명륜동,중상사고,0,2,0,0,차대차 - 추돌 - 진행중,안전거리미확보,건조,맑음,교차로 - 교차로안,승용,남,29세,상해없음,승용,남,19세,중상
2012103000100060,2012년 10월 30일 05시,화요일,강원도 동해시 이도동,경상사고,0,0,2,0,차대차 - 기타,신호위반,건조,맑음,교차로 - 교차로안,승용,여,38세,상해없음,화물,남,31세,경상
2012103000100096,2012년 10월 30일 07시,화요일,강원도 원주시 명륜동,경상사고,0,0,1,0,차대차 - 측면직각충돌,직진우회전진행방해,건조,맑음,교차로 - 교차로안,승용,여,38세,상해없음,이륜,남,62세,경상
2012103000100097,2012년 10월 30일 07시,화요일,강원도 고성군 죽왕면,중상사고,0,2,1,0,차대차 - 측면직각충돌,안전운전불이행,건조,흐림,단일로 - 기타,화물,남,53세,상해없음,승용,여,44세,중상
2012103000100121,2012년 10월 30일 08시,화요일,강원도 횡성군 횡성읍,중상사고,0,1,0,0,차대차 - 기타,불법유턴,건조,맑음,단일로 - 기타,승용,남,59세,상해없음,이륜,남,79세,중상
2012103000100159,2012년 10월 30일 09시,화요일,강원도 화천군 상서면,경상사고,0,0,4,0,차대차 - 추돌 - 진행중,중앙선침범,건조,맑음,단일로 - 기타,화물,남,56세,상해없음,승용,여,34세,경상
2012103000100191,2012년 10월 30일 10시,화요일,강원도 원주시 호저면,중상사고,0,2,0,0,차대차 - 추돌 - 진행중,안전운전불이행,건조,맑음,단일로 - 기타,건설기계,남,40세,상해없음,승용,남,64세,중상
2012103000100237,2012년 10월 30일 12시,화요일,강원도 삼척시 교동,중상사고,0,1,6,0,차대차 - 측면직각충돌,안전운전불이행,습기,비,교차로 - 교차로안,승용,남,53세,상해없음,승합,남,30세,경상
2012103000100267,2012년 10월 30일 13시,화요일,강원도 영월군 김삿갓면,사망사고,1,6,33,0,차대차 - 정면충돌,중앙선침범,건조,맑음,단일로 - 기타,승합,남,53세,상해없음,건설기계,남,54세,중상
2012103000100295,2012년 10월 30일 14시,화요일,강원도 강릉시 난곡동,경상사고,0,0,1,0,차대차 - 측면직각충돌,안전운전불이행,건조,맑음,교차로 - 교차로안,승용,여,38세,상해없음,승합,남,31세,상해없음
2012103000100366,2012년 10월 30일 16시,화요일,강원도 강릉시 입암동,경상사고,0,0,2,0,차대차 - 측면직각충돌,안전운전불이행,습기,흐림,교차로 - 교차로안,승용,남,33세,상해없음,승용,여,48세,경상
2012103000100367,2012년 10월 30일 16시,화요일,강원도 원주시 단계동,중상사고,0,1,0,0,차대차 - 추돌 - 주정차중,안전운전불이행,건조,맑음,교차로 - 교차로부근,화물,남,43세,상해없음,승용,남,53세,중상
2012103000100368,2012년 10월 30일 16시,화요일,강원도 원주시 단계동,중상사고,0,2,0,0,차대차 - 측면직각충돌,직진우회전진행방해,건조,맑음,교차로 - 교차로안,승용,남,52세,상해없음,승용,남,31세,중상
2012103000100439,2012년 10월 30일 18시,화요일,강원도 동해시 천곡동,경상사고,0,0,1,0,차대차 - 측면직각충돌,안전운전불이행,건조,맑음,교차로 - 교차로부근,화물,남,46세,기타불명,자전거,남,45세,경상
2012103000100475,2012년 10월 30일 19시,화요일,강원도 춘천시 신북읍,경상사고,0,0,2,0,차량단독 - 공작물충돌,과속,건조,맑음,단일로 - 기타,특수,남,23세,상해없음,,,,
2012103000100476,2012년 10월 30일 19시,화요일,강원도 강릉시 포남동,중상사고,0,1,1,0,차대차 - 추돌 - 진행중,교차로운행방법위반,습기,비,교차로 - 교차로안,승용,남,67세,상해없음,승용,남,33세,중상
2012103000100549,2012년 10월 30일 21시,화요일,강원도 춘천시 서면,경상사고,0,0,2,0,차대차 - 기타,신호위반,건조,맑음,교차로 - 교차로안,승용,남,53세,상해없음,승용,남,24세,경상
2012103000100550,2012년 10월 30일 21시,화요일,강원도 원주시 단계동,경상사고,0,0,1,1,차대차 - 추돌 - 진행중,안전운전불이행,건조,맑음,교차로 - 교차로부근,승용,여,48세,상해없음,승용,남,50세,경상
2012103000100551,2012년 10월 30일 21시,화요일,강원도 홍천군 홍천읍,중상사고,0,1,0,0,차대사람 - 횡단중,보행자보호의무위반,건조,맑음,교차로 - 교차로안,승용,남,58세,상해없음,보행자,여,56세,중상
2012103000100552,2012년 10월 30일 21시,화요일,강원도 철원군 갈말읍,중상사고,0,1,0,0,차량단독 - 공작물충돌,안전운전불이행,건조,맑음,교차로 - 교차로안,승용,여,42세,중상,,,,
2012103100100030,2012년 10월 31일 02시,수요일,강원도 강릉시 성남동,경상사고,0,0,1,0,차대사람 - 기타,기타,건조,흐림,교차로 - 교차로부근,승용,남,55세,상해없음,보행자,남,24세,경상
2012103100100067,2012년 10월 31일 06시,수요일,강원도 동해시 부곡동,중상사고,0,1,0,0,차대차 - 측면직각충돌,안전거리미확보,건조,맑음,교차로 - 교차로부근,승용,남,50세,상해없음,승용,남,31세,중상
2012103100100087,2012년 10월 31일 07시,수요일,강원도 속초시 교동,중상사고,0,1,0,0,차대사람 - 보도통행중,보행자보호의무위반,건조,맑음,교차로 - 교차로안,승용,여,43세,상해없음,보행자,여,56세,중상
2012103100100141,2012년 10월 31일 09시,수요일,강원도 원주시 귀래면,경상사고,0,0,1,0,차대사람 - 기타,안전운전불이행,건조,맑음,단일로 - 기타,화물,남,47세,상해없음,보행자,남,55세,경상
2012103100100174,2012년 10월 31일 10시,수요일,강원도 강릉시 홍제동,경상사고,0,0,1,0,차대차 - 측면직각충돌,안전운전불이행,건조,맑음,단일로 - 기타,승합,남,21세,기타불명,승용,남,49세,경상
2012103100100175,2012년 10월 31일 10시,수요일,강원도 원주시 단계동,경상사고,0,0,2,0,차대차 - 기타,안전거리미확보,건조,맑음,단일로 - 기타,화물,남,57세,상해없음,화물,남,28세,경상
2012103100100198,2012년 10월 31일 11시,수요일,강원도 원주시 중앙동,중상사고,0,1,0,0,차대차 - 측면직각충돌,안전운전불이행,건조,맑음,교차로 - 교차로안,이륜,남,59세,중상,승용,남,36세,상해없음
2012103100100250,2012년 10월 31일 13시,수요일,강원도 평창군 대관령면,중상사고,0,1,0,0,차대사람 - 보도통행중,안전운전불이행,건조,맑음,단일로 - 기타,화물,남,55세,상해없음,보행자,여,46세,중상
2012103100100272,2012년 10월 31일 14시,수요일,강원도 홍천군 홍천읍,경상사고,0,0,1,0,차대차 - 측면직각충돌,교차로운행방법위반,건조,맑음,교차로 - 교차로안,승합,남,40세,상해없음,원동기,남,48세,경상
2012103100100300,2012년 10월 31일 15시,수요일,강원도 춘천시 효자동,경상사고,0,0,1,0,차대사람 - 기타,안전운전불이행,건조,맑음,단일로 - 기타,승용,남,51세,상해없음,보행자,남,59세,경상
2012103100100301,2012년 10월 31일 15시,수요일,강원도 홍천군 북방면,경상사고,0,0,1,0,차량단독 - 공작물충돌,안전운전불이행,건조,맑음,단일로 - 기타,원동기,남,70세,경상,,,,
2012103100100302,2012년 10월 31일 15시,수요일,강원도 동해시 천곡동,경상사고,0,0,2,0,차대차 - 추돌 - 주정차중,안전거리미확보,건조,맑음,교차로 - 교차로부근,승용,남,43세,상해없음,승용,남,51세,경상
2012103100100329,2012년 10월 31일 16시,수요일,강원도 춘천시 신북읍,경상사고,0,0,1,0,차대사람 - 기타,안전운전불이행,건조,맑음,단일로 - 기타,승용,남,64세,상해없음,보행자,여,16세,경상
2012103100100330,2012년 10월 31일 16시,수요일,강원도 원주시 평원동,경상사고,0,0,1,0,차대사람 - 기타,보행자보호의무위반,건조,맑음,교차로 - 교차로안,승용,남,46세,상해없음,보행자,여,63세,경상
2012103100100331,2012년 10월 31일 16시,수요일,강원도 속초시 교동,중상사고,0,1,1,0,차대차 - 측면직각충돌,신호위반,건조,맑음,교차로 - 교차로안,승용,남,64세,상해없음,화물,남,28세,중상
2012103100100369,2012년 10월 31일 17시,수요일,강원도 태백시 황지동,경상사고,0,0,1,0,차대차 - 추돌 - 진행중,불법유턴,건조,맑음,단일로 - 기타,승용,남,72세,상해없음,승용,여,43세,경상
2012103100100425,2012년 10월 31일 18시,수요일,강원도 춘천시 석사동,중상사고,0,1,0,0,차대사람 - 기타,안전운전불이행,건조,맑음,단일로 - 기타,승용,여,29세,상해없음,보행자,여,56세,중상
2012103100100426,2012년 10월 31일 18시,수요일,강원도 춘천시 우두동,중상사고,0,3,2,0,차대차 - 측면직각충돌,안전운전불이행,건조,맑음,단일로 - 기타,화물,남,46세,상해없음,승용,남,18세,경상
2012103100100427,2012년 10월 31일 18시,수요일,강원도 철원군 김화읍,경상사고,0,0,1,0,차대차 - 기타,차로위반,건조,맑음,교차로 - 교차로부근,승용,남,21세,상해없음,승용,남,34세,경상
2012103100100497,2012년 10월 31일 19시,수요일,강원도 춘천시 퇴계동,중상사고,0,1,0,0,차대차 - 측면직각충돌,안전거리미확보,건조,맑음,단일로 - 기타,승용,남,69세,상해없음,승용,남,49세,중상
2012103100100498,2012년 10월 31일 19시,수요일,강원도 원주시 단구동,경상사고,0,0,1,0,차대사람 - 보도통행중,안전운전불이행,건조,맑음,교차로 - 교차로안,승용,여,43세,상해없음,보행자,여,42세,경상
2012103100100540,2012년 10월 31일 20시,수요일,강원도 강릉시 포남동,경상사고,0,0,1,0,차대차 - 추돌 - 진행중,안전운전불이행,건조,맑음,단일로 - 기타,원동기,남,35세,상해없음,승용,남,38세,상해없음
2012103100100577,2012년 10월 31일 21시,수요일,강원도 춘천시 퇴계동,경상사고,0,0,2,1,차대차 - 추돌 - 주정차중,안전거리미확보,건조,맑음,단일로 - 기타,승용,남,41세,상해없음,승용,남,40세,경상
2012103100100578,2012년 10월 31일 21시,수요일,강원도 춘천시 석사동,중상사고,0,1,0,0,차대사람 - 기타,보행자보호의무위반,건조,맑음,단일로 - 기타,승용,여,49세,상해없음,보행자,여,23세,중상
2012103100100615,2012년 10월 31일 22시,수요일,강원도 원주시 단구동,경상사고,0,0,1,1,차대차 - 기타,안전운전불이행,건조,맑음,단일로 - 기타,이륜,남,16세,부상신고,승용,여,43세,상해없음
2012103100100616,2012년 10월 31일 22시,수요일,강원도 원주시 우산동,경상사고,0,0,1,0,차량단독 - 기타,기타,건조,맑음,단일로 - 기타,승용,남,46세,상해없음,,,,
2012110100100067,2012년 11월 1일 04시,목요일,강원도 춘천시 소양로1가,경상사고,0,0,1,0,차대차 - 측면직각충돌,안전운전불이행,건조,맑음,교차로 - 교차로부근,승용,남,48세,상해없음,승용,남,44세,경상
2012110100100145,2012년 11월 1일 08시,목요일,강원도 춘천시 근화동,경상사고,0,0,1,0,차대차 - 기타,안전거리미확보,건조,맑음,단일로 - 기타,승용,여,42세,상해없음,승용,여,26세,경상
2012110100100146,2012년 11월 1일 08시,목요일,강원도 춘천시 후평동,경상사고,0,0,1,0,차대차 - 측면직각충돌,신호위반,건조,맑음,교차로 - 교차로안,승용,남,58세,상해없음,승용,남,73세,경상
2012110100100204,2012년 11월 1일 10시,목요일,강원도 홍천군 두촌면,경상사고,0,0,3,0,차대차 - 기타,안전거리미확보,건조,맑음,교차로 - 교차로부근,승용,남,43세,상해없음,승용,남,37세,경상
2012110100100205,2012년 11월 1일 10시,목요일,강원도 동해시 천곡동,중상사고,0,1,0,0,차대차 - 추돌 - 주정차중,안전운전불이행,건조,맑음,교차로 - 교차로부근,승용,여,46세,상해없음,승용,남,53세,중상
2012110100100238,2012년 11월 1일 11시,목요일,강원도 양양군 강현면,중상사고,0,2,1,0,차대차 - 측면직각충돌,교차로운행방법위반,건조,맑음,교차로 - 교차로안,승용,남,37세,상해없음,화물,남,44세,중상
2012110100100239,2012년 11월 1일 11시,목요일,강원도 태백시 황지동,경상사고,0,0,1,0,차대차 - 측면직각충돌,교차로운행방법위반,건조,맑음,단일로 - 기타,화물,남,46세,상해없음,승용,남,26세,경상
2012110100100273,2012년 11월 1일 12시,목요일,강원도 원주시 행구동,부상신고사고,0,0,0,1,차대차 - 기타,중앙선침범,건조,맑음,단일로 - 기타,승용,남,59세,상해없음,승용,남,47세,부상신고
2012110100100274,2012년 11월 1일 12시,목요일,강원도 삼척시 도계읍,경상사고,0,0,3,0,차대차 - 추돌 - 주정차중,안전운전불이행,건조,맑음,단일로 - 기타,건설기계,남,51세,상해없음,화물,남,60세,경상
2012110100100299,2012년 11월 1일 13시,목요일,강원도 인제군 인제읍,중상사고,0,1,0,0,차대차 - 추돌 - 진행중,안전운전불이행,건조,맑음,단일로 - 기타,승용,남,54세,상해없음,승용,여,44세,중상
2012110100100321,2012년 11월 1일 14시,목요일,강원도 춘천시 남산면,중상사고,0,1,1,0,차대차 - 측면직각충돌,중앙선침범,건조,맑음,단일로 - 기타,승용,남,70세,상해없음,승용,남,37세,경상
2012110100100322,2012년 11월 1일 14시,목요일,강원도 원주시 개운동,중상사고,0,2,0,0,차대차 - 추돌 - 진행중,안전거리미확보,건조,맑음,단일로 - 기타,승용,남,65세,상해없음,승용,여,57세,중상
2012110100100323,2012년 11월 1일 14시,목요일,강원도 동해시 이도동,경상사고,0,0,1,0,차대차 - 기타,안전운전불이행,건조,맑음,단일로 - 기타,승합,남,48세,상해없음,농기계,남,78세,경상
2012110100100415,2012년 11월 1일 17시,목요일,강원도 원주시 일산동,경상사고,0,0,1,0,차대사람 - 보도통행중,기타,건조,맑음,단일로 - 기타,원동기,남,58세,상해없음,보행자,남,13세,경상
2012110100100416,2012년 11월 1일 17시,목요일,강원도 평창군 평창읍,경상사고,0,0,1,0,차대차 - 측면직각충돌,안전운전불이행,건조,맑음,교차로 - 교차로안,승용,남,52세,상해없음,특수,남,50세,경상
2012110100100417,2012년 11월 1일 17시,목요일,강원도 동해시 송정동,중상사고,0,1,4,0,차대차 - 추돌 - 주정차중,안전거리미확보,건조,맑음,단일로 - 기타,승용,남,49세,상해없음,승용,남,59세,중상
2012110100100468,2012년 11월 1일 18시,목요일,강원도 원주시 중앙동,중상사고,0,1,0,0,차대사람 - 차도통행중,안전운전불이행,건조,맑음,교차로 - 교차로부근,승용,남,47세,상해없음,보행자,남,78세,중상
2012110100100530,2012년 11월 1일 19시,목요일,강원도 춘천시 운교동,중상사고,0,1,0,0,차대사람 - 기타,안전운전불이행,건조,맑음,단일로 - 기타,승용,여,26세,상해없음,보행자,남,61세,중상
2012110100100531,2012년 11월 1일 19시,목요일,강원도 원주시 태장동,경상사고,0,0,1,0,차대차 - 기타,직진우회전진행방해,건조,맑음,교차로 - 교차로안,승용,여,51세,기타불명,승용,남,28세,경상
2012110100100532,2012년 11월 1일 19시,목요일,강원도 원주시 명륜동,경상사고,0,0,4,0,차량단독 - 기타,기타,건조,맑음,단일로 - 기타,승합,남,43세,상해없음,,,,
2012110100100533,2012년 11월 1일 19시,목요일,강원도 삼척시 정상동,경상사고,0,0,1,0,차대차 - 측면직각충돌,안전운전불이행,건조,맑음,단일로 - 기타,건설기계,남,48세,상해없음,승용,여,39세,경상
2012110100100572,2012년 11월 1일 20시,목요일,강원도 강릉시 입암동,경상사고,0,0,2,0,차대차 - 측면직각충돌,신호위반,건조,맑음,교차로 - 교차로안,승용,남,30세,상해없음,승용,여,41세,경상
2012110100100635,2012년 11월 1일 22시,목요일,강원도 춘천시 효자동,부상신고사고,0,0,0,1,차대사람 - 횡단중,보행자보호의무위반,건조,맑음,교차로 - 교차로부근,원동기,남,23세,상해없음,보행자,남,25세,부상신고
2012110100100671,2012년 11월 1일 23시,목요일,강원도 춘천시 퇴계동,중상사고,0,2,0,0,차대차 - 추돌 - 주정차중,안전운전불이행,건조,맑음,교차로 - 교차로부근,승용,남,30세,기타불명,승용,여,42세,중상
2012110100100672,2012년 11월 1일 23시,목요일,강원도 원주시 단구동,경상사고,0,0,5,0,차대차 - 추돌 - 진행중,안전운전불이행,건조,맑음,단일로 - 기타,승용,남,47세,기타불명,승용,여,35세,경상
2012110200100010,2012년 11월 2일 00시,금요일,강원도 춘천시 온의동,중상사고,0,1,0,0,차대사람 - 기타,안전운전불이행,건조,맑음,단일로 - 기타,승용,남,22세,상해없음,보행자,남,66세,중상
2012110200100039,2012년 11월 2일 02시,금요일,강원도 평창군 봉평면,사망사고,1,0,0,0,차량단독 - 공작물충돌,안전운전불이행,건조,맑음,단일로 - 기타,승용,남,31세,사망,,,,
2012110200100096,2012년 11월 2일 07시,금요일,강원도 화천군 사내면,중상사고,0,2,0,0,차량단독 - 공작물충돌,안전운전불이행,결빙,맑음,단일로 - 기타,승용,남,54세,중상,,,,
2012110200100097,2012년 11월 2일 07시,금요일,강원도 철원군 철원읍,중상사고,0,1,0,0,차대차 - 정면충돌,중앙선침범,건조,맑음,단일로 - 기타,화물,남,26세,상해없음,화물,남,42세,중상
2012110200100132,2012년 11월 2일 08시,금요일,강원도 춘천시 석사동,경상사고,0,0,2,0,차대사람 - 기타,안전운전불이행,건조,맑음,단일로 - 기타,승용,여,37세,상해없음,보행자,여,50세,경상
2012110200100133,2012년 11월 2일 08시,금요일,강원도 홍천군 홍천읍,중상사고,0,1,0,0,차대사람 - 기타,보행자보호의무위반,건조,맑음,단일로 - 횡단보도상,승용,여,45세,상해없음,보행자,남,12세,중상
2012110200100173,2012년 11월 2일 09시,금요일,강원도 춘천시 후평동,경상사고,0,0,1,0,차대차 - 기타,안전운전불이행,건조,맑음,단일로 - 기타,승용,남,61세,상해없음,승용,남,49세,경상
2012110200100198,2012년 11월 2일 10시,금요일,강원도 태백시 황지동,경상사고,0,0,1,0,차대차 - 측면직각충돌,교차로운행방법위반,건조,맑음,교차로 - 교차로안,승용,여,35세,상해없음,승용,남,71세,상해없음
2012110200100230,2012년 11월 2일 11시,금요일,강원도 강릉시 죽헌동,경상사고,0,0,1,0,차대차 - 측면직각충돌,중앙선침범,건조,맑음,단일로 - 교량,화물,남,44세,상해없음,화물,남,35세,경상
2012110200100231,2012년 11월 2일 11시,금요일,강원도 홍천군 화촌면,경상사고,0,0,2,0,차대차 - 측면직각충돌,신호위반,건조,맑음,교차로 - 교차로안,승용,남,24세,상해없음,승용,남,59세,경상
2012110200100266,2012년 11월 2일 12시,금요일,강원도 춘천시 퇴계동,경상사고,0,0,1,0,차대차 - 측면직각충돌,안전운전불이행,건조,맑음,교차로 - 교차로안,승용,여,21세,상해없음,이륜,남,36세,경상
2012110200100267,2012년 11월 2일 12시,금요일,강원도 원주시 일산동,경상사고,0,0,1,0,차대차 - 측면직각충돌,직진우회전진행방해,건조,맑음,교차로 - 교차로안,승용,남,59세,상해없음,이륜,남,32세,경상
2012110200100268,2012년 11월 2일 12시,금요일,강원도 속초시 조양동,경상사고,0,0,4,0,차대차 - 추돌 - 진행중,안전운전불이행,건조,맑음,교차로 - 교차로부근,승용,남,40세,상해없음,승용,남,37세,경상
2012110200100269,2012년 11월 2일 12시,금요일,강원도 철원군 동송읍,경상사고,0,0,12,0,차대차 - 측면직각충돌,교차로운행방법위반,건조,맑음,교차로 - 교차로안,화물,남,47세,상해없음,특수,남,21세,경상
2012110200100300,2012년 11월 2일 13시,금요일,강원도 원주시 문막읍,경상사고,0,0,2,0,차대차 - 측면직각충돌,교차로운행방법위반,건조,맑음,교차로 - 교차로안,승용,여,62세,경상,승용,남,34세,상해없음
2012110200100330,2012년 11월 2일 14시,금요일,강원도 춘천시 석사동,경상사고,0,0,1,0,차대차 - 추돌 - 진행중,안전운전불이행,건조,맑음,단일로 - 기타,승용,남,60세,상해없음,승용,남,40세,경상