사고번호,사고일시,요일,시군구,사고내용,사망자수,중상자수,경상자수,부상신고자수,사고유형,법규위반,노면상태,기상상태,도로형태,가해운전자 차종,가해운전자 성별,가해운전자 연령,가해운전자 상해정도,피해운전자 차종,피해운전자 성별,피해운전자 연령,피해운전자 상해정도
2012110200100366,2012년 11월 2일 15시,금요일,강원도 춘천시 후평동,중상사고,0,1,0,0,차대차 - 측면직각충돌,직진우회전진행방해,건조,맑음,교차로 - 교차로안,승용,남,50세,상해없음,이륜,남,27세,중상
2012110200100367,2012년 11월 2일 15시,금요일,강원도 강릉시 난곡동,중상사고,0,2,0,0,차대차 - 측면직각충돌,기타,건조,맑음,단일로 - 기타,건설기계,남,41세,상해없음,승용,여,54세,중상
2012110200100368,2012년 11월 2일 15시,금요일,강원도 홍천군 북방면,경상사고,0,0,3,0,차대차 - 측면직각충돌,안전운전불이행,건조,맑음,단일로 - 기타,화물,남,71세,상해없음,승용,남,60세,경상
2012110200100396,2012년 11월 2일 16시,금요일,강원도 양구군 양구읍,중상사고,0,1,0,0,차대사람 - 차도통행중,안전운전불이행,건조,맑음,교차로 - 교차로안,승용,여,22세,상해없음,보행자,여,59세,중상
2012110200100428,2012년 11월 2일 17시,금요일,강원도 춘천시 석사동,중상사고,0,1,0,0,차량단독 - 공작물충돌,안전운전불이행,건조,맑음,단일로 - 기타,승용,남,68세,상해없음,,,,
2012110200100429,2012년 11월 2일 17시,금요일,강원도 원주시 단계동,경상사고,0,0,2,2,차대차 - 추돌 - 진행중,안전거리미확보,건조,맑음,단일로 - 기타,승용,남,30세,상해없음,승용,여,23세,경상
2012110200100430,2012년 11월 2일 17시,금요일,강원도 원주시 명륜동,경상사고,0,0,1,0,차대차 - 측면직각충돌,교차로운행방법위반,건조,맑음,교차로 - 교차로안,화물,남,39세,상해없음,이륜,남,16세,경상
2012110200100431,2012년 11월 2일 17시,금요일,강원도 원주시 명륜동,경상사고,0,0,2,0,차대차 - 측면직각충돌,신호위반,건조,맑음,교차로 - 교차로안,승용,여,29세,경상,이륜,남,60세,경상
2012110200100484,2012년 11월 2일 18시,금요일,강원도 춘천시 석사동,중상사고,0,1,0,0,차대차 - 정면충돌,중앙선침범,건조,맑음,단일로 - 기타,승용,여,53세,상해없음,이륜,남,37세,중상
2012110200100539,2012년 11월 2일 19시,금요일,강원도 홍천군 홍천읍,경상사고,0,0,1,0,차대차 - 기타,안전운전불이행,건조,맑음,기타 - 기타,원동기,남,48세,상해없음,승합,남,20세,경상
2012110200100540,2012년 11월 2일 19시,금요일,강원도 고성군 죽왕면,중상사고,0,2,0,0,차대차 - 추돌 - 주정차중,안전운전불이행,건조,맑음,단일로 - 기타,승용,남,46세,상해없음,승용,여,42세,중상
2012110200100631,2012년 11월 2일 21시,금요일,강원도 춘천시 온의동,경상사고,0,0,1,0,차대사람 - 길가장자리구역통행중,안전운전불이행,기타,기타,기타 - 기타,승합,남,56세,상해없음,보행자,여,52세,경상
2012110200100632,2012년 11월 2일 21시,금요일,강원도 홍천군 서면,경상사고,0,0,1,0,차대사람 - 기타,안전운전불이행,건조,맑음,단일로 - 기타,승용,남,38세,상해없음,보행자,여,33세,경상
2012110300100112,2012년 11월 3일 05시,토요일,강원도 원주시 무실동,중상사고,0,2,1,0,차대차 - 측면직각충돌,안전운전불이행,건조,맑음,교차로 - 교차로안,승용,여,38세,상해없음,승용,남,40세,경상
2012110300100125,2012년 11월 3일 06시,토요일,강원도 평창군 봉평면,중상사고,0,2,0,0,차량단독 - 기타,안전운전불이행,건조,맑음,단일로 - 기타,승합,여,32세,상해없음,,,,
2012110300100142,2012년 11월 3일 07시,토요일,강원도 고성군 죽왕면,중상사고,0,1,1,0,차대차 - 추돌 - 진행중,안전운전불이행,건조,맑음,단일로 - 기타,화물,여,46세,상해없음,원동기,남,75세,중상
2012110300100176,2012년 11월 3일 08시,토요일,강원도 춘천시 석사동,부상신고사고,0,0,0,2,차대차 - 추돌 - 진행중,안전운전불이행,건조,맑음,단일로 - 교량,승용,남,29세,상해없음,승용,남,69세,부상신고
2012110300100177,2012년 11월 3일 08시,토요일,강원도 속초시 교동,경상사고,0,0,1,0,차대사람 - 보도통행중,안전운전불이행,건조,맑음,단일로 - 횡단보도상,이륜,남,28세,상해없음,보행자,여,54세,경상
2012110300100178,2012년 11월 3일 08시,토요일,강원도 태백시 황지동,중상사고,0,2,3,0,차대차 - 측면직각충돌,신호위반,건조,맑음,교차로 - 교차로안,화물,남,62세,상해없음,승용,남,68세,경상
2012110300100201,2012년 11월 3일 09시,토요일,강원도 영월군 김삿갓면,경상사고,0,0,2,0,차대차 - 측면직각충돌,안전운전불이행,건조,맑음,단일로 - 기타,화물,여,36세,상해없음,승용,남,42세,경상
2012110300100236,2012년 11월 3일 10시,토요일,강원도 원주시 단계동,경상사고,0,0,2,0,차대차 - 추돌 - 진행중,안전거리미확보,건조,맑음,단일로 - 기타,승용,남,24세,상해없음,화물,남,43세,경상
2012110300100237,2012년 11월 3일 10시,토요일,강원도 동해시 천곡동,중상사고,0,1,0,0,차대차 - 기타,안전운전불이행,건조,맑음,교차로 - 교차로부근,승용,여,41세,상해없음,이륜,남,73세,중상
2012110300100275,2012년 11월 3일 11시,토요일,강원도 홍천군 홍천읍,경상사고,0,0,1,0,차대사람 - 기타,안전운전불이행,건조,맑음,단일로 - 기타,승용,여,57세,상해없음,보행자,남,13세,경상
2012110300100276,2012년 11월 3일 11시,토요일,강원도 홍천군 홍천읍,경상사고,0,0,4,0,차대차 - 기타,교차로운행방법위반,건조,맑음,교차로 - 교차로안,승합,남,45세,상해없음,승합,남,40세,경상
2012110300100316,2012년 11월 3일 12시,토요일,강원도 원주시 판부면,경상사고,0,0,3,0,차대차 - 추돌 - 진행중,안전거리미확보,건조,맑음,단일로 - 기타,승용,여,44세,상해없음,승용,여,39세,경상
2012110300100317,2012년 11월 3일 12시,토요일,강원도 홍천군 홍천읍,경상사고,0,0,1,0,차대차 - 기타,교차로운행방법위반,건조,맑음,교차로 - 교차로안,승용,여,40세,상해없음,승용,남,39세,경상
2012110300100395,2012년 11월 3일 14시,토요일,강원도 춘천시 서면,경상사고,0,0,2,0,차대차 - 추돌 - 진행중,안전운전불이행,건조,맑음,교차로 - 교차로부근,화물,남,44세,상해없음,화물,남,46세,경상
2012110300100396,2012년 11월 3일 14시,토요일,강원도 강릉시 성남동,경상사고,0,0,1,0,차대차 - 추돌 - 주정차중,안전운전불이행,건조,맑음,교차로 - 교차로안,승용,여,37세,상해없음,승용,여,32세,경상
2012110300100397,2012년 11월 3일 14시,토요일,강원도 원주시 호저면,경상사고,0,0,2,0,차대차 - 추돌 - 진행중,안전운전불이행,건조,맑음,단일로 - 기타,승용,남,43세,상해없음,승용,여,51세,경상
2012110300100439,2012년 11월 3일 15시,토요일,강원도 원주시 문막읍,경상사고,0,0,2,0,차대차 - 추돌 - 주정차중,안전거리미확보,건조,맑음,단일로 - 기타,승합,남,52세,상해없음,화물,남,69세,경상
2012110300100478,2012년 11월 3일 16시,토요일,강원도 원주시 단계동,경상사고,0,0,3,0,차대차 - 측면직각충돌,교차로운행방법위반,건조,맑음,교차로 - 교차로안,승용,남,23세,상해없음,승용,남,51세,경상
2012110300100479,2012년 11월 3일 16시,토요일,강원도 원주시 호저면,중상사고,0,1,1,0,차대차 - 측면직각충돌,신호위반,건조,맑음,단일로 - 기타,승용,여,27세,상해없음,승용,남,66세,중상
2012110300100516,2012년 11월 3일 17시,토요일,강원도 춘천시 교동,경상사고,0,0,1,0,차대차 - 측면직각충돌,차로위반,건조,맑음,단일로 - 기타,승용,여,43세,상해없음,이륜,남,26세,경상
2012110300100517,2012년 11월 3일 17시,토요일,강원도 강릉시 교동,사망사고,1,0,0,0,차대사람 - 횡단중,안전운전불이행,건조,맑음,단일로 - 기타,이륜,남,21세,상해없음,보행자,여,73세,사망
2012110300100518,2012년 11월 3일 17시,토요일,강원도 홍천군 홍천읍,경상사고,0,0,1,0,차대사람 - 횡단중,신호위반,건조,맑음,교차로 - 교차로부근,승용,남,73세,상해없음,보행자,남,76세,경상
2012110300100566,2012년 11월 3일 18시,토요일,강원도 강릉시 포남동,중상사고,0,3,1,0,차대차 - 측면직각충돌,교차로운행방법위반,건조,맑음,교차로 - 교차로안,승용,남,67세,상해없음,승용,남,53세,중상
2012110300100567,2012년 11월 3일 18시,토요일,강원도 원주시 단계동,경상사고,0,0,1,0,차대차 - 추돌 - 주정차중,안전운전불이행,건조,맑음,단일로 - 기타,승용,남,53세,상해없음,승용,남,18세,경상
2012110300100568,2012년 11월 3일 18시,토요일,강원도 철원군 김화읍,경상사고,0,0,1,0,차대차 - 측면직각충돌,중앙선침범,건조,맑음,단일로 - 기타,농기계,남,52세,상해없음,승용,남,26세,경상
2012110300100623,2012년 11월 3일 19시,토요일,강원도 평창군 진부면,중상사고,0,1,0,0,차대차 - 측면직각충돌,안전운전불이행,건조,맑음,교차로 - 교차로부근,원동기,남,53세,중상,화물,남,44세,상해없음
2012110300100698,2012년 11월 3일 21시,토요일,강원도 춘천시 효자동,경상사고,0,0,1,0,차대사람 - 횡단중,보행자보호의무위반,건조,맑음,단일로 - 횡단보도상,이륜,남,30세,상해없음,보행자,여,53세,경상
2012110300100699,2012년 11월 3일 21시,토요일,강원도 원주시 태장동,중상사고,0,1,0,0,차대차 - 측면직각충돌,안전운전불이행,건조,맑음,단일로 - 기타,승용,남,43세,상해없음,이륜,남,64세,중상
2012110300100740,2012년 11월 3일 22시,토요일,강원도 춘천시 효자동,경상사고,0,0,1,0,차대차 - 측면직각충돌,신호위반,건조,맑음,교차로 - 교차로안,승용,남,58세,상해없음,승용,남,51세,경상
2012110300100741,2012년 11월 3일 22시,토요일,강원도 춘천시 동산면,부상신고사고,0,0,0,1,차량단독 - 전도전복,안전운전불이행,건조,맑음,단일로 - 기타,이륜,남,15세,상해없음,,,,
2012110300100742,2012년 11월 3일 22시,토요일,강원도 횡성군 횡성읍,경상사고,0,0,1,0,차대차 - 측면직각충돌,직진우회전진행방해,건조,맑음,교차로 - 교차로안,승용,남,33세,상해없음,이륜,남,16세,경상
2012110300100775,2012년 11월 3일 23시,토요일,강원도 동해시 평릉동,중상사고,0,1,0,0,차대사람 - 기타,안전운전불이행,건조,맑음,단일로 - 기타,승용,남,52세,상해없음,보행자,남,27세,중상
2012110400100012,2012년 11월 4일 00시,일요일,강원도 원주시 봉산동,경상사고,0,0,1,0,차대차 - 추돌 - 진행중,안전거리미확보,건조,맑음,교차로 - 교차로부근,승용,남,35세,상해없음,승용,남,34세,경상
2012110400100013,2012년 11월 4일 00시,일요일,강원도 동해시 송정동,중상사고,0,2,0,0,차대차 - 추돌 - 진행중,안전거리미확보,건조,맑음,단일로 - 기타,승용,남,51세,상해없음,승용,남,51세,중상
2012110400100052,2012년 11월 4일 02시,일요일,강원도 강릉시 교동,경상사고,0,0,1,0,차대차 - 기타,안전운전불이행,건조,맑음,교차로 - 교차로부근,기타불명,기타불명,기타불명,기타불명,자전거,남,23세,경상
2012110400100106,2012년 11월 4일 06시,일요일,강원도 속초시 노학동,경상사고,0,0,1,0,차대차 - 측면직각충돌,불법유턴,건조,맑음,교차로 - 교차로안,승용,남,39세,상해없음,승용,여,66세,경상
2012110400100118,2012년 11월 4일 07시,일요일,강원도 정선군 화암면,중상사고,0,1,0,0,차량단독 - 전도전복,안전운전불이행,습기,비,단일로 - 기타,승합,남,54세,상해없음,,,,
2012110400100125,2012년 11월 4일 08시,일요일,강원도 춘천시 약사동,경상사고,0,0,1,0,차대차 - 기타,신호위반,건조,맑음,교차로 - 교차로안,승용,여,55세,상해없음,승용,남,57세,경상
2012110400100175,2012년 11월 4일 11시,일요일,강원도 삼척시 교동,중상사고,0,1,0,0,차대사람 - 횡단중,보행자보호의무위반,건조,맑음,단일로 - 횡단보도상,승용,여,36세,상해없음,보행자,여,17세,중상
2012110400100191,2012년 11월 4일 12시,일요일,강원도 횡성군 청일면,경상사고,0,0,1,0,차대차 - 기타,기타,건조,기타,교차로 - 교차로안,승용,남,50세,상해없음,화물,여,58세,경상
2012110400100238,2012년 11월 4일 14시,일요일,강원도 춘천시 남산면,경상사고,0,0,2,0,차대차 - 측면직각충돌,중앙선침범,건조,맑음,단일로 - 기타,원동기,여,19세,상해없음,원동기,여,38세,경상
2012110400100239,2012년 11월 4일 14시,일요일,강원도 평창군 봉평면,중상사고,0,2,7,0,차대차 - 추돌 - 진행중,안전거리미확보,건조,맑음,단일로 - 터널,승용,남,35세,상해없음,승용,여,28세,중상
2012110400100240,2012년 11월 4일 14시,일요일,강원도 춘천시 남면,중상사고,0,2,0,0,차대차 - 추돌 - 진행중,안전거리미확보,건조,맑음,단일로 - 기타,승용,남,43세,상해없음,승용,남,39세,중상
2012110400100278,2012년 11월 4일 15시,일요일,강원도 화천군 간동면,중상사고,0,1,1,0,차대사람 - 기타,과속,건조,맑음,단일로 - 기타,건설기계,남,55세,중상,보행자,남,40세,경상
2012110400100401,2012년 11월 4일 18시,일요일,강원도 춘천시 퇴계동,경상사고,0,0,1,0,차대차 - 기타,중앙선침범,습기,비,교차로 - 교차로부근,승용,남,54세,상해없음,이륜,남,48세,경상
2012110400100472,2012년 11월 4일 19시,일요일,강원도 춘천시 후평동,경상사고,0,0,1,0,차대사람 - 횡단중,안전운전불이행,습기,비,단일로 - 기타,이륜,남,30세,상해없음,보행자,여,73세,경상
2012110400100473,2012년 11월 4일 19시,일요일,강원도 춘천시 우두동,경상사고,0,0,1,0,차대차 - 기타,안전운전불이행,건조,맑음,단일로 - 기타,승용,남,40세,상해없음,승용,남,39세,경상
2012110400100547,2012년 11월 4일 20시,일요일,강원도 홍천군 홍천읍,경상사고,0,0,5,0,차대차 - 기타,안전운전불이행,습기,비,교차로 - 교차로부근,승용,남,37세,상해없음,화물,남,54세,경상
2012110400100548,2012년 11월 4일 20시,일요일,강원도 동해시 발한동,중상사고,0,1,0,0,차대사람 - 기타,안전운전불이행,건조,맑음,단일로 - 기타,승용,남,48세,상해없음,보행자,남,47세,중상
2012110400100591,2012년 11월 4일 21시,일요일,강원도 춘천시 퇴계동,중상사고,0,1,1,0,차대차 - 기타,안전운전불이행,건조,맑음,교차로 - 교차로부근,승용,남,25세,상해없음,승용,남,38세,중상
2012110400100592,2012년 11월 4일 21시,일요일,강원도 춘천시 근화동,경상사고,0,0,1,0,차대차 - 추돌 - 진행중,안전운전불이행,건조,맑음,단일로 - 기타,승용,여,22세,상해없음,화물,남,37세,경상
2012110400100593,2012년 11월 4일 21시,일요일,강원도 강릉시 입암동,경상사고,0,0,1,0,차대차 - 측면직각충돌,안전운전불이행,건조,맑음,기타 - 기타,승용,여,49세,상해없음,승용,남,22세,경상
2012110400100663,2012년 11월 4일 23시,일요일,강원도 춘천시 후평동,경상사고,0,0,3,0,차대차 - 측면직각충돌,안전운전불이행,건조,맑음,교차로 - 교차로부근,승용,남,49세,상해없음,승용,남,63세,상해없음
2012110400100664,2012년 11월 4일 23시,일요일,강원도 원주시 우산동,경상사고,0,0,2,0,차대차 - 추돌 - 진행중,기타,습기,비,단일로 - 기타,승용,남,19세,상해없음,승용,남,20세,경상
2012110400100665,2012년 11월 4일 23시,일요일,강원도 동해시 나안동,중상사고,0,2,1,0,차대차 - 기타,신호위반,습기,비,교차로 - 교차로안,화물,남,50세,상해없음,화물,남,42세,중상
2012110500100019,2012년 11월 5일 01시,월요일,강원도 동해시 천곡동,경상사고,0,0,2,0,차대차 - 측면직각충돌,안전운전불이행,습기,비,교차로 - 교차로안,승용,남,33세,상해없음,화물,남,47세,경상
2012110500100023,2012년 11월 5일 02시,월요일,강원도 강릉시 유천동,경상사고,0,0,1,0,차대차 - 측면직각충돌,안전운전불이행,습기,비,교차로 - 교차로안,승용,남,26세,상해없음,승용,남,27세,경상
2012110500100024,2012년 11월 5일 02시,월요일,강원도 동해시 송정동,사망사고,1,0,0,0,차량단독 - 공작물충돌,안전운전불이행,습기,비,단일로 - 기타,승용,남,41세,사망,,,,
2012110500100040,2012년 11월 5일 04시,월요일,강원도 삼척시 교동,중상사고,0,1,0,0,차대차 - 정면충돌,안전운전불이행,습기,비,단일로 - 기타,승용,남,31세,중상,승합,남,59세,상해없음
2012110500100064,2012년 11월 5일 06시,월요일,강원도 홍천군 서면,경상사고,0,0,1,0,차대차 - 기타,안전거리미확보,습기,안개,단일로 - 기타,승용,여,38세,상해없음,화물,남,49세,경상
2012110500100091,2012년 11월 5일 07시,월요일,강원도 원주시 지정면,경상사고,0,0,3,0,차대차 - 측면직각충돌,중앙선침범,건조,맑음,단일로 - 기타,화물,남,46세,상해없음,승용,여,41세,경상
2012110500100134,2012년 11월 5일 08시,월요일,강원도 춘천시 효자동,경상사고,0,0,2,0,차대차 - 추돌 - 주정차중,안전운전불이행,건조,맑음,단일로 - 기타,승용,여,32세,상해없음,승용,남,55세,경상
2012110500100135,2012년 11월 5일 08시,월요일,강원도 홍천군 홍천읍,중상사고,0,4,8,0,차대차 - 기타,안전운전불이행,습기,흐림,교차로 - 교차로안,승용,여,32세,상해없음,승합,남,34세,경상
2012110500100177,2012년 11월 5일 09시,월요일,강원도 춘천시 퇴계동,중상사고,0,1,0,0,차대사람 - 기타,기타,건조,맑음,단일로 - 기타,승용,남,45세,상해없음,보행자,여,54세,중상
2012110500100178,2012년 11월 5일 09시,월요일,강원도 원주시 문막읍,경상사고,0,0,1,0,차대차 - 추돌 - 진행중,교차로운행방법위반,건조,맑음,교차로 - 교차로안,승합,남,36세,상해없음,승용,남,67세,경상
2012110500100179,2012년 11월 5일 09시,월요일,강원도 원주시 태장동,경상사고,0,0,1,0,차대차 - 측면직각충돌,안전운전불이행,건조,흐림,교차로 - 교차로부근,승용,여,49세,상해없음,승용,남,28세,경상
2012110500100229,2012년 11월 5일 11시,월요일,강원도 춘천시 석사동,중상사고,0,1,1,0,차대차 - 측면직각충돌,안전운전불이행,건조,맑음,단일로 - 기타,화물,남,46세,상해없음,승용,남,40세,경상
2012110500100230,2012년 11월 5일 11시,월요일,강원도 홍천군 두촌면,중상사고,0,2,0,0,차대차 - 추돌 - 진행중,안전운전불이행,습기,비,단일로 - 기타,화물,남,58세,상해없음,승용,여,52세,중상
2012110500100231,2012년 11월 5일 11시,월요일,강원도 철원군 김화읍,경상사고,0,0,1,0,차대차 - 추돌 - 진행중,안전운전불이행,습기,비,교차로 - 교차로안,건설기계,남,55세,상해없음,화물,남,64세,경상
2012110500100251,2012년 11월 5일 12시,월요일,강원도 강릉시 강문동,경상사고,0,0,1,0,차대차 - 측면직각충돌,신호위반,건조,맑음,교차로 - 교차로안,승용,여,57세,상해없음,승합,여,35세,경상
2012110500100252,2012년 11월 5일 12시,월요일,강원도 강릉시 유산동,경상사고,0,0,2,0,차대차 - 추돌 - 주정차중,안전거리미확보,건조,맑음,단일로 - 기타,승용,남,57세,상해없음,승용,남,32세,경상
2012110500100253,2012년 11월 5일 12시,월요일,강원도 원주시 단계동,중상사고,0,1,0,0,차대사람 - 차도통행중,안전운전불이행,건조,맑음,교차로 - 교차로부근,화물,남,77세,상해없음,보행자,여,77세,중상
2012110500100254,2012년 11월 5일 12시,월요일,강원도 홍천군 화촌면,사망사고,1,3,1,0,차대차 - 기타,중앙선침범,건조,흐림,단일로 - 기타,승용,여,55세,사망,화물,남,46세,중상
2012110500100284,2012년 11월 5일 13시,월요일,강원도 속초시 중앙동,경상사고,0,0,2,0,차대차 - 추돌 - 주정차중,안전운전불이행,건조,맑음,교차로 - 교차로부근,이륜,남,70세,상해없음,승용,여,51세,경상
2012110500100311,2012년 11월 5일 14시,월요일,강원도 원주시 태장동,중상사고,0,1,0,0,차대사람 - 횡단중,안전운전불이행,습기,비,교차로 - 교차로안,화물,남,59세,상해없음,보행자,여,69세,중상
2012110500100312,2012년 11월 5일 14시,월요일,강원도 홍천군 홍천읍,경상사고,0,0,1,0,차대차 - 기타,교차로운행방법위반,습기,비,교차로 - 교차로안,승용,여,48세,상해없음,승용,여,28세,경상
2012110500100313,2012년 11월 5일 14시,월요일,강원도 정선군 정선읍,경상사고,0,0,2,0,차대차 - 측면직각충돌,안전운전불이행,습기,흐림,기타 - 기타,승용,남,38세,상해없음,승합,여,46세,경상
2012110500100314,2012년 11월 5일 14시,월요일,강원도 횡성군 우천면,중상사고,0,1,0,0,차대차 - 측면직각충돌,직진우회전진행방해,습기,비,교차로 - 교차로안,승용,남,64세,상해없음,이륜,남,51세,중상
2012110500100315,2012년 11월 5일 14시,월요일,강원도 고성군 토성면,중상사고,0,4,1,0,차대차 - 추돌 - 진행중,안전운전불이행,건조,맑음,단일로 - 기타,화물,남,39세,상해없음,화물,남,43세,중상
2012110500100383,2012년 11월 5일 16시,월요일,강원도 춘천시 운교동,중상사고,0,1,0,0,차대차 - 측면직각충돌,안전운전불이행,습기,흐림,교차로 - 교차로부근,특수,남,37세,상해없음,승용,여,54세,중상
2012110500100384,2012년 11월 5일 16시,월요일,강원도 홍천군 홍천읍,경상사고,0,0,1,0,차대차 - 기타,신호위반,습기,맑음,교차로 - 교차로안,승용,남,41세,상해없음,승용,여,45세,경상
2012110500100422,2012년 11월 5일 17시,월요일,강원도 춘천시 효자동,중상사고,0,1,0,0,차대차 - 추돌 - 주정차중,안전운전불이행,습기,비,교차로 - 교차로부근,승용,남,68세,상해없음,화물,남,27세,중상
2012110500100423,2012년 11월 5일 17시,월요일,강원도 강릉시 교동,중상사고,0,1,0,0,차대차 - 측면직각충돌,안전운전불이행,건조,맑음,교차로 - 교차로안,승용,여,42세,상해없음,이륜,남,44세,중상
2012110500100424,2012년 11월 5일 17시,월요일,강원도 속초시 영랑동,경상사고,0,0,1,0,차대차 - 기타,교차로운행방법위반,건조,맑음,교차로 - 교차로안,승용,남,44세,상해없음,승용,남,57세,상해없음
2012110500100425,2012년 11월 5일 17시,월요일,강원도 평창군 진부면,경상사고,0,0,2,0,차대차 - 측면직각충돌,안전운전불이행,습기,흐림,교차로 - 교차로부근,승용,남,63세,상해없음,승용,남,53세,기타불명
2012110500100472,2012년 11월 5일 18시,월요일,강원도 춘천시 후평동,중상사고,0,1,0,0,차대사람 - 기타,안전운전불이행,건조,맑음,단일로 - 횡단보도상,화물,기타불명,기타불명,기타불명,보행자,여,29세,중상
2012110500100473,2012년 11월 5일 18시,월요일,강원도 속초시 조양동,경상사고,0,0,1,0,차대차 - 측면직각충돌,안전운전불이행,건조,맑음,교차로 - 교차로안,승용,남,41세,상해없음,승용,남,43세,상해없음
2012110500100474,2012년 11월 5일 18시,월요일,강원도 철원군 동송읍,중상사고,0,1,0,0,차대사람 - 횡단중,안전운전불이행,건조,맑음,교차로 - 교차로안,승용,여,52세,상해없음,보행자,여,53세,중상
2012110500100561,2012년 11월 5일 20시,월요일,강원도 춘천시 후평동,경상사고,0,0,2,0,차대차 - 추돌 - 주정차중,안전운전불이행,습기,흐림,단일로 - 기타,승용,남,47세,상해없음,승용,여,57세,경상
2012110500100562,2012년 11월 5일 20시,월요일,강원도 속초시 장사동,중상사고,0,1,0,0,차대사람 - 차도통행중,안전운전불이행,건조,맑음,단일로 - 기타,승용,남,55세,상해없음,보행자,여,66세,중상
2012110500100563,2012년 11월 5일 20시,월요일,강원도 동해시 발한동,경상사고,0,0,1,0,차대사람 - 보도통행중,기타,건조,맑음,단일로 - 기타,승용,남,43세,상해없음,보행자,여,58세,경상
2012110500100594,2012년 11월 5일 21시,월요일,강원도 원주시 태장동,경상사고,0,0,1,0,차대사람 - 기타,안전운전불이행,건조,맑음,교차로 - 교차로안,승용,남,34세,상해없음,보행자,여,18세,경상
2012110500100595,2012년 11월 5일 21시,월요일,강원도 인제군 인제읍,중상사고,0,1,0,0,차대차 - 추돌 - 주정차중,안전운전불이행,건조,맑음,단일로 - 기타,승용,남,70세,상해없음,승용,남,30세,기타불명
2012110500100629,2012년 11월 5일 22시,월요일,강원도 춘천시 중앙로1가,경상사고,0,0,1,0,차대사람 - 기타,안전운전불이행,건조,맑음,단일로 - 기타,기타불명,기타불명,기타불명,기타불명,보행자,남,15세,경상
2012110500100669,2012년 11월 5일 23시,월요일,강원도 원주시 판부면,경상사고,0,0,1,0,차대사람 - 횡단중,교차로운행방법위반,건조,흐림,단일로 - 기타,승용,남,48세,상해없음,보행자,남,44세,경상
2012110600100068,2012년 11월 6일 02시,화요일,강원도 강릉시 송정동,중상사고,0,1,0,0,차대차 - 추돌 - 진행중,안전운전불이행,건조,맑음,교차로 - 교차로안,승용,남,58세,상해없음,원동기,남,22세,중상
2012110600100142,2012년 11월 6일 07시,화요일,강원도 춘천시 약사동,부상신고사고,0,0,0,1,차대차 - 측면직각충돌,안전운전불이행,건조,맑음,단일로 - 기타,화물,남,33세,상해없음,승용,여,48세,부상신고
2012110600100178,2012년 11월 6일 08시,화요일,강원도 춘천시 효자동,경상사고,0,0,2,0,차대차 - 추돌 - 주정차중,안전운전불이행,건조,맑음,단일로 - 기타,승용,여,25세,상해없음,승용,남,46세,경상
2012110600100179,2012년 11월 6일 08시,화요일,강원도 춘천시 석사동,중상사고,0,1,0,0,차대사람 - 기타,안전운전불이행,건조,맑음,단일로 - 기타,승용,여,37세,상해없음,보행자,여,72세,중상
2012110600100180,2012년 11월 6일 08시,화요일,강원도 강릉시 포남동,경상사고,0,0,1,0,차대차 - 측면직각충돌,안전운전불이행,건조,맑음,교차로 - 교차로안,화물,남,40세,상해없음,자전거,여,49세,경상
2012110600100210,2012년 11월 6일 09시,화요일,강원도 춘천시 교동,중상사고,0,1,0,0,차대사람 - 기타,안전거리미확보,건조,맑음,교차로 - 교차로부근,화물,남,34세,상해없음,보행자,여,72세,중상
2012110600100211,2012년 11월 6일 09시,화요일,강원도 원주시 우산동,경상사고,0,0,1,0,차대차 - 추돌 - 진행중,안전거리미확보,건조,흐림,단일로 - 기타,승용,남,38세,상해없음,승용,여,50세,경상
2012110600100212,2012년 11월 6일 09시,화요일,강원도 삼척시 갈천동,경상사고,0,0,2,0,차대차 - 추돌 - 주정차중,안전운전불이행,건조,맑음,단일로 - 기타,승용,남,43세,상해없음,승용,여,38세,경상
2012110600100237,2012년 11월 6일 10시,화요일,강원도 홍천군 홍천읍,중상사고,0,1,0,0,차대차 - 기타,안전운전불이행,건조,흐림,단일로 - 기타,승용,남,21세,상해없음,자전거,남,80세,중상
2012110600100299,2012년 11월 6일 13시,화요일,강원도 춘천시 동내면,경상사고,0,0,1,0,차대사람 - 기타,안전운전불이행,습기,비,단일로 - 기타,승용,여,52세,상해없음,보행자,남,54세,경상
2012110600100366,2012년 11월 6일 15시,화요일,강원도 춘천시 후평동,중상사고,0,1,0,0,차대사람 - 기타,안전운전불이행,건조,맑음,단일로 - 기타,기타불명,기타불명,기타불명,기타불명,보행자,남,12세,중상
2012110600100368,2012년 11월 6일 15시,화요일,강원도 고성군 간성읍,경상사고,0,0,1,0,차대차 - 기타,안전운전불이행,건조,맑음,단일로 - 기타,승용,남,54세,상해없음,승용,남,49세,경상
2012110600100369,2012년 11월 6일 15시,화요일,강원도 양구군 방산면,중상사고,0,1,0,0,차대차 - 정면충돌,중앙선침범,습기,비,단일로 - 기타,화물,남,66세,상해없음,승용,남,49세,중상
2012110600100400,2012년 11월 6일 16시,화요일,강원도 춘천시 후평동,중상사고,0,1,1,0,차대사람 - 기타,안전운전불이행,습기,비,단일로 - 기타,승용,남,55세,상해없음,보행자,여,13세,경상
2012110600100424,2012년 11월 6일 17시,화요일,강원도 춘천시 석사동,경상사고,0,0,1,0,차대차 - 기타,교차로운행방법위반,습기,비,교차로 - 교차로안,승용,남,73세,상해없음,원동기,남,22세,경상