사고번호,사고일시,요일,시군구,사고내용,사망자수,중상자수,경상자수,부상신고자수,사고유형,법규위반,노면상태,기상상태,도로형태,가해운전자 차종,가해운전자 성별,가해운전자 연령,가해운전자 상해정도,피해운전자 차종,피해운전자 성별,피해운전자 연령,피해운전자 상해정도
2012110600100470,2012년 11월 6일 18시,화요일,강원도 춘천시 후평동,경상사고,0,0,1,0,차대차 - 추돌 - 주정차중,안전거리미확보,건조,맑음,단일로 - 기타,승용,여,46세,상해없음,승용,남,40세,경상
2012110600100471,2012년 11월 6일 18시,화요일,강원도 강릉시 포남동,경상사고,0,0,1,0,차대사람 - 횡단중,안전운전불이행,습기,비,단일로 - 기타,승용,남,60세,상해없음,보행자,남,45세,경상
2012110600100472,2012년 11월 6일 18시,화요일,강원도 원주시 문막읍,중상사고,0,1,0,0,차대사람 - 횡단중,신호위반,건조,맑음,교차로 - 교차로안,승용,남,52세,상해없음,보행자,남,50세,중상
2012110600100473,2012년 11월 6일 18시,화요일,강원도 평창군 대관령면,중상사고,0,1,0,0,차대차 - 측면직각충돌,안전운전불이행,습기,비,교차로 - 교차로안,승용,여,45세,상해없음,원동기,남,66세,중상
2012110600100474,2012년 11월 6일 18시,화요일,강원도 정선군 신동읍,경상사고,0,0,1,0,차대차 - 측면직각충돌,안전운전불이행,습기,비,기타 - 기타,기타불명,기타불명,기타불명,기타불명,화물,여,47세,경상
2012110600100475,2012년 11월 6일 18시,화요일,강원도 정선군 정선읍,중상사고,0,1,0,0,차대사람 - 차도통행중,안전운전불이행,습기,비,단일로 - 기타,승용,남,56세,상해없음,보행자,남,73세,중상
2012110600100476,2012년 11월 6일 18시,화요일,강원도 횡성군 횡성읍,중상사고,0,3,0,0,차대차 - 추돌 - 진행중,안전운전불이행,습기,맑음,단일로 - 기타,승용,남,33세,상해없음,농기계,남,78세,중상
2012110600100561,2012년 11월 6일 20시,화요일,강원도 속초시 노학동,중상사고,0,1,0,0,차대사람 - 보도통행중,신호위반,건조,맑음,단일로 - 횡단보도상,화물,남,70세,상해없음,보행자,여,14세,중상
2012110600100591,2012년 11월 6일 21시,화요일,강원도 강릉시 초당동,경상사고,0,0,1,0,차대사람 - 기타,안전운전불이행,건조,흐림,단일로 - 기타,화물,남,50세,상해없음,보행자,여,21세,경상
2012110600100647,2012년 11월 6일 23시,화요일,강원도 원주시 명륜동,중상사고,0,1,0,0,차대사람 - 길가장자리구역통행중,안전운전불이행,건조,맑음,단일로 - 기타,기타불명,기타불명,기타불명,기타불명,보행자,남,44세,중상
2012110700100108,2012년 11월 7일 07시,수요일,강원도 춘천시 삼천동,중상사고,0,1,3,0,차대차 - 측면직각충돌,신호위반,건조,맑음,교차로 - 교차로안,승용,여,45세,상해없음,승용,남,52세,경상
2012110700100143,2012년 11월 7일 08시,수요일,강원도 정선군 고한읍,중상사고,0,4,13,0,차대차 - 측면직각충돌,중앙선침범,건조,맑음,기타 - 기타,승용,여,37세,상해없음,승합,남,55세,경상
2012110700100170,2012년 11월 7일 09시,수요일,강원도 춘천시 동면,경상사고,0,0,1,0,차대차 - 정면충돌,안전운전불이행,건조,맑음,단일로 - 기타,농기계,남,53세,경상,승합,남,59세,상해없음
2012110700100171,2012년 11월 7일 09시,수요일,강원도 원주시 단구동,사망사고,1,0,0,0,차대사람 - 횡단중,과속,건조,맑음,단일로 - 기타,승용,남,60세,상해없음,보행자,남,81세,사망
2012110700100172,2012년 11월 7일 09시,수요일,강원도 원주시 흥업면,중상사고,0,1,0,0,차대사람 - 횡단중,안전운전불이행,건조,맑음,단일로 - 기타,승용,남,28세,상해없음,보행자,여,18세,중상
2012110700100199,2012년 11월 7일 10시,수요일,강원도 원주시 판부면,경상사고,0,0,1,0,차대차 - 정면충돌,안전운전불이행,건조,맑음,교차로 - 교차로안,승용,남,52세,상해없음,건설기계,남,44세,경상
2012110700100200,2012년 11월 7일 10시,수요일,강원도 삼척시 가곡면,중상사고,0,1,0,0,차대사람 - 횡단중,안전운전불이행,건조,맑음,단일로 - 기타,화물,남,34세,상해없음,보행자,여,82세,중상
2012110700100226,2012년 11월 7일 11시,수요일,강원도 강릉시 금학동,사망사고,1,0,0,0,차대사람 - 기타,안전운전불이행,건조,맑음,교차로 - 교차로부근,승합,여,58세,상해없음,보행자,여,76세,사망
2012110700100255,2012년 11월 7일 12시,수요일,강원도 춘천시 효자동,중상사고,0,1,0,0,차대차 - 측면직각충돌,교차로운행방법위반,건조,맑음,교차로 - 교차로안,승용,여,70세,상해없음,원동기,남,36세,중상
2012110700100279,2012년 11월 7일 13시,수요일,강원도 춘천시 동내면,경상사고,0,0,2,0,차대차 - 기타,안전거리미확보,건조,맑음,교차로 - 교차로부근,승용,남,74세,상해없음,승용,여,54세,경상
2012110700100296,2012년 11월 7일 14시,수요일,강원도 춘천시 퇴계동,경상사고,0,0,1,0,차대차 - 추돌 - 진행중,안전거리미확보,건조,맑음,단일로 - 기타,화물,남,53세,상해없음,이륜,남,38세,경상
2012110700100351,2012년 11월 7일 16시,수요일,강원도 춘천시 남산면,중상사고,0,2,0,0,차대차 - 기타,차로위반,건조,맑음,단일로 - 기타,승용,기타불명,기타불명,기타불명,승용,남,29세,중상
2012110700100384,2012년 11월 7일 17시,수요일,강원도 홍천군 화촌면,사망사고,1,0,0,0,차량단독 - 공작물충돌,안전운전불이행,건조,맑음,기타 - 기타,승합,여,42세,사망,,,,
2012110700100385,2012년 11월 7일 17시,수요일,강원도 평창군 봉평면,중상사고,0,2,0,0,차대차 - 측면직각충돌,안전운전불이행,건조,맑음,단일로 - 기타,농기계,남,48세,상해없음,농기계,남,71세,중상
2012110700100444,2012년 11월 7일 18시,수요일,강원도 원주시 신림면,중상사고,0,1,0,0,차대사람 - 차도통행중,안전운전불이행,건조,흐림,단일로 - 기타,승용,남,70세,상해없음,보행자,여,88세,중상
2012110700100445,2012년 11월 7일 18시,수요일,강원도 삼척시 오분동,경상사고,0,0,1,0,차량단독 - 공작물충돌,안전운전불이행,건조,맑음,교차로 - 교차로부근,화물,남,38세,상해없음,,,,
2012110700100500,2012년 11월 7일 19시,수요일,강원도 춘천시 퇴계동,경상사고,0,0,1,0,차대사람 - 기타,안전운전불이행,건조,맑음,단일로 - 기타,승용,여,33세,상해없음,보행자,여,21세,경상
2012110700100501,2012년 11월 7일 19시,수요일,강원도 원주시 명륜동,경상사고,0,0,7,0,차대차 - 추돌 - 진행중,안전운전불이행,건조,맑음,교차로 - 교차로부근,승용,남,63세,상해없음,승용,여,46세,경상
2012110700100502,2012년 11월 7일 19시,수요일,강원도 원주시 명륜동,경상사고,0,0,1,0,차대사람 - 횡단중,신호위반,건조,맑음,단일로 - 횡단보도상,화물,남,56세,상해없음,보행자,여,45세,경상
2012110700100572,2012년 11월 7일 21시,수요일,강원도 원주시 단계동,경상사고,0,0,3,0,차대차 - 추돌 - 주정차중,안전운전불이행,건조,맑음,교차로 - 교차로부근,승용,여,35세,상해없음,승용,남,44세,경상
2012110700100573,2012년 11월 7일 21시,수요일,강원도 원주시 문막읍,경상사고,0,0,1,0,차대차 - 측면직각충돌,불법유턴,건조,맑음,단일로 - 기타,승용,여,50세,경상,화물,남,46세,상해없음
2012110700100600,2012년 11월 7일 22시,수요일,강원도 속초시 영랑동,사망사고,1,0,0,0,차량단독 - 공작물충돌,안전운전불이행,건조,맑음,단일로 - 기타,이륜,남,33세,사망,,,,
2012110800100012,2012년 11월 8일 00시,목요일,강원도 춘천시 퇴계동,경상사고,0,0,1,0,차대차 - 추돌 - 주정차중,안전운전불이행,건조,맑음,단일로 - 기타,승용,남,44세,상해없음,승용,남,30세,상해없음
2012110800100013,2012년 11월 8일 00시,목요일,강원도 춘천시 석사동,경상사고,0,0,2,0,차대차 - 추돌 - 주정차중,안전운전불이행,건조,맑음,교차로 - 교차로부근,승용,남,32세,상해없음,승용,남,52세,경상
2012110800100014,2012년 11월 8일 00시,목요일,강원도 강릉시 금학동,경상사고,0,0,1,0,차대차 - 추돌 - 주정차중,안전운전불이행,건조,맑음,단일로 - 기타,승용,여,20세,상해없음,승용,남,20세,상해없음
2012110800100015,2012년 11월 8일 00시,목요일,강원도 원주시 단구동,중상사고,0,2,1,0,차대차 - 추돌 - 주정차중,안전거리미확보,건조,맑음,교차로 - 교차로부근,화물,남,29세,상해없음,승용,남,45세,중상
2012110800100036,2012년 11월 8일 01시,목요일,강원도 강릉시 입암동,중상사고,0,1,0,0,차량단독 - 기타,기타,건조,맑음,교차로 - 교차로부근,승용,남,19세,상해없음,,,,
2012110800100083,2012년 11월 8일 05시,목요일,강원도 동해시 망상동,중상사고,0,2,0,0,차량단독 - 전도전복,안전운전불이행,건조,맑음,단일로 - 기타,승용,남,21세,상해없음,,,,
2012110800100093,2012년 11월 8일 06시,목요일,강원도 춘천시 효자동,중상사고,0,1,0,0,차대차 - 기타,안전운전불이행,건조,흐림,교차로 - 교차로안,자전거,남,21세,중상,승용,남,71세,상해없음
2012110800100132,2012년 11월 8일 08시,목요일,강원도 양구군 양구읍,중상사고,0,1,4,0,차대차 - 추돌 - 주정차중,안전운전불이행,건조,흐림,교차로 - 교차로안,승용,남,45세,상해없음,승용,여,37세,경상
2012110800100204,2012년 11월 8일 11시,목요일,강원도 강릉시 금학동,경상사고,0,0,1,0,차대사람 - 기타,안전운전불이행,건조,맑음,단일로 - 기타,승용,남,49세,상해없음,보행자,여,22세,경상
2012110800100245,2012년 11월 8일 13시,목요일,강원도 삼척시 남양동,경상사고,0,0,1,0,차대차 - 측면직각충돌,안전운전불이행,건조,맑음,단일로 - 기타,승용,남,35세,상해없음,자전거,남,72세,경상
2012110800100279,2012년 11월 8일 14시,목요일,강원도 평창군 평창읍,사망사고,1,0,0,0,차대차 - 측면직각충돌,안전운전불이행,건조,맑음,교차로 - 교차로안,농기계,남,73세,사망,화물,남,60세,상해없음
2012110800100303,2012년 11월 8일 15시,목요일,강원도 동해시 북평동,경상사고,0,0,1,0,차대차 - 추돌 - 진행중,안전운전불이행,건조,맑음,교차로 - 교차로부근,기타불명,기타불명,기타불명,기타불명,승용,남,64세,경상
2012110800100457,2012년 11월 8일 19시,목요일,강원도 원주시 명륜동,중상사고,0,1,0,0,차대사람 - 기타,안전운전불이행,건조,맑음,교차로 - 교차로안,승용,여,49세,상해없음,보행자,여,49세,중상
2012110800100458,2012년 11월 8일 19시,목요일,강원도 속초시 노학동,경상사고,0,0,1,0,차대차 - 추돌 - 주정차중,안전운전불이행,건조,맑음,단일로 - 기타,승용,남,43세,상해없음,승용,여,40세,경상
2012110800100490,2012년 11월 8일 20시,목요일,강원도 원주시 무실동,경상사고,0,0,3,0,차대차 - 추돌 - 진행중,안전운전불이행,건조,맑음,단일로 - 기타,승용,남,58세,경상,승용,여,52세,경상
2012110800100572,2012년 11월 8일 23시,목요일,강원도 속초시 조양동,경상사고,0,0,1,0,차대차 - 측면직각충돌,안전운전불이행,건조,맑음,단일로 - 기타,승용,남,64세,상해없음,승용,남,22세,경상
2012110900100137,2012년 11월 9일 08시,금요일,강원도 속초시 금호동,경상사고,0,0,2,0,차대차 - 추돌 - 진행중,중앙선침범,건조,맑음,단일로 - 기타,승용,남,22세,상해없음,화물,남,57세,경상
2012110900100178,2012년 11월 9일 09시,금요일,강원도 원주시 무실동,경상사고,0,0,1,0,차대차 - 추돌 - 주정차중,안전거리미확보,건조,맑음,단일로 - 기타,승용,남,27세,상해없음,승용,남,43세,경상
2012110900100179,2012년 11월 9일 09시,금요일,강원도 양양군 양양읍,중상사고,0,1,1,0,차대차 - 추돌 - 진행중,신호위반,건조,맑음,교차로 - 교차로안,화물,남,69세,상해없음,승용,남,56세,경상
2012110900100203,2012년 11월 9일 10시,금요일,강원도 속초시 교동,경상사고,0,0,2,0,차대차 - 측면직각충돌,교차로운행방법위반,건조,맑음,교차로 - 교차로안,승용,남,51세,상해없음,승용,남,58세,경상
2012110900100204,2012년 11월 9일 10시,금요일,강원도 화천군 하남면,경상사고,0,0,2,0,차대차 - 정면충돌,중앙선침범,건조,맑음,단일로 - 기타,승용,남,52세,상해없음,승용,남,38세,경상
2012110900100247,2012년 11월 9일 12시,금요일,강원도 춘천시 남산면,경상사고,0,0,1,0,차대차 - 측면직각충돌,안전거리미확보,건조,맑음,단일로 - 기타,이륜,남,45세,기타불명,화물,남,44세,경상
2012110900100264,2012년 11월 9일 13시,금요일,강원도 속초시 교동,중상사고,0,1,2,0,차대차 - 추돌 - 진행중,안전운전불이행,건조,맑음,단일로 - 기타,승용,남,53세,상해없음,승용,여,60세,경상
2012110900100265,2012년 11월 9일 13시,금요일,강원도 태백시 황지동,경상사고,0,0,1,0,차대사람 - 횡단중,보행자보호의무위반,건조,맑음,교차로 - 교차로부근,승용,남,62세,상해없음,보행자,남,7세,경상
2012110900100266,2012년 11월 9일 13시,금요일,강원도 동해시 천곡동,경상사고,0,0,1,0,차대차 - 기타,교차로운행방법위반,건조,맑음,교차로 - 교차로안,승용,여,51세,상해없음,승용,남,59세,경상
2012110900100338,2012년 11월 9일 15시,금요일,강원도 원주시 흥업면,경상사고,0,0,1,0,차대차 - 추돌 - 주정차중,불법유턴,건조,맑음,교차로 - 교차로부근,승용,여,63세,상해없음,승용,남,45세,경상
2012110900100339,2012년 11월 9일 15시,금요일,강원도 홍천군 홍천읍,경상사고,0,0,1,0,차대사람 - 기타,기타,건조,맑음,기타 - 기타,승합,남,60세,상해없음,보행자,남,33세,경상
2012110900100340,2012년 11월 9일 15시,금요일,강원도 홍천군 홍천읍,중상사고,0,1,0,0,차량단독 - 공작물충돌,안전운전불이행,건조,맑음,단일로 - 기타,승용,남,62세,상해없음,,,,
2012110900100381,2012년 11월 9일 16시,금요일,강원도 춘천시 조양동,경상사고,0,0,1,0,차대사람 - 차도통행중,안전운전불이행,건조,맑음,단일로 - 기타,승용,남,25세,상해없음,보행자,여,20세,경상
2012110900100382,2012년 11월 9일 16시,금요일,강원도 강릉시 성남동,경상사고,0,0,1,0,차대차 - 추돌 - 진행중,안전운전불이행,건조,맑음,단일로 - 기타,승용,남,47세,상해없음,원동기,남,42세,경상
2012110900100422,2012년 11월 9일 17시,금요일,강원도 강릉시 옥계면,중상사고,0,2,0,0,차대차 - 정면충돌,중앙선침범,건조,맑음,교차로 - 교차로부근,승용,남,48세,상해없음,승용,남,76세,중상
2012110900100423,2012년 11월 9일 17시,금요일,강원도 속초시 동명동,경상사고,0,0,1,0,차대차 - 측면직각충돌,교차로운행방법위반,건조,맑음,교차로 - 교차로안,승용,남,35세,상해없음,승용,남,54세,경상
2012110900100424,2012년 11월 9일 17시,금요일,강원도 정선군 정선읍,경상사고,0,0,3,0,차대차 - 측면직각충돌,중앙선침범,건조,맑음,단일로 - 기타,화물,남,53세,상해없음,화물,남,36세,경상
2012110900100477,2012년 11월 9일 18시,금요일,강원도 춘천시 동내면,중상사고,0,6,15,0,차량단독 - 공작물충돌,안전운전불이행,건조,맑음,단일로 - 기타,승합,남,60세,상해없음,,,,
2012110900100478,2012년 11월 9일 18시,금요일,강원도 원주시 무실동,경상사고,0,0,4,0,차대차 - 추돌 - 진행중,안전운전불이행,건조,맑음,단일로 - 기타,승용,여,36세,상해없음,승용,남,46세,경상
2012110900100479,2012년 11월 9일 18시,금요일,강원도 속초시 교동,경상사고,0,0,1,0,차대차 - 측면직각충돌,교차로운행방법위반,건조,맑음,교차로 - 교차로안,승용,여,53세,상해없음,승용,여,19세,경상
2012110900100480,2012년 11월 9일 18시,금요일,강원도 태백시 화전동,사망사고,1,0,0,0,차대사람 - 횡단중,중앙선침범,건조,맑음,교차로 - 교차로안,승용,남,57세,상해없음,보행자,여,40세,사망
2012110900100530,2012년 11월 9일 19시,금요일,강원도 원주시 흥업면,중상사고,0,1,0,0,차량단독 - 전도전복,안전운전불이행,건조,맑음,단일로 - 기타,승용,여,57세,상해없음,,,,
2012110900100574,2012년 11월 9일 20시,금요일,강원도 춘천시 남산면,중상사고,0,1,2,0,차대차 - 정면충돌,안전운전불이행,건조,맑음,단일로 - 기타,승용,여,35세,중상,승합,남,60세,경상
2012110900100600,2012년 11월 9일 21시,금요일,강원도 양양군 강현면,중상사고,0,3,0,0,차량단독 - 도로외이탈 - 추락,안전운전불이행,건조,맑음,단일로 - 기타,승용,여,21세,상해없음,,,,
2012110900100638,2012년 11월 9일 22시,금요일,강원도 춘천시 석사동,경상사고,0,0,1,0,차대사람 - 길가장자리구역통행중,안전운전불이행,건조,맑음,단일로 - 기타,승용,남,26세,상해없음,보행자,남,26세,경상
2012110900100639,2012년 11월 9일 22시,금요일,강원도 삼척시 남양동,경상사고,0,0,2,0,차대차 - 측면직각충돌,안전운전불이행,건조,맑음,교차로 - 교차로안,승용,남,41세,경상,승용,여,52세,경상
2012110900100640,2012년 11월 9일 22시,금요일,강원도 평창군 대관령면,경상사고,0,0,1,0,차대차 - 추돌 - 주정차중,안전운전불이행,습기,흐림,교차로 - 교차로부근,승용,남,31세,상해없음,승용,여,40세,경상
2012110900100641,2012년 11월 9일 22시,금요일,강원도 철원군 동송읍,중상사고,0,1,0,0,차대차 - 정면충돌,교차로운행방법위반,건조,맑음,교차로 - 교차로안,승용,남,54세,상해없음,원동기,남,33세,중상
2012110900100677,2012년 11월 9일 23시,금요일,강원도 춘천시 석사동,경상사고,0,0,2,0,차대차 - 측면직각충돌,신호위반,건조,맑음,교차로 - 교차로안,승용,남,27세,상해없음,승용,여,38세,경상
2012110900100678,2012년 11월 9일 23시,금요일,강원도 원주시 단구동,경상사고,0,0,1,0,차대차 - 추돌 - 주정차중,불법유턴,건조,맑음,단일로 - 기타,승용,여,52세,상해없음,승용,남,30세,경상
2012111000100017,2012년 11월 10일 00시,토요일,강원도 원주시 무실동,중상사고,0,1,0,0,차대차 - 추돌 - 주정차중,안전운전불이행,건조,맑음,교차로 - 교차로부근,화물,남,46세,기타불명,승용,여,28세,중상
2012111000100018,2012년 11월 10일 00시,토요일,강원도 원주시 단구동,중상사고,0,1,0,0,차대차 - 측면직각충돌,차로위반,건조,맑음,단일로 - 기타,승용,남,19세,상해없음,원동기,남,17세,중상
2012111000100019,2012년 11월 10일 00시,토요일,강원도 원주시 소초면,경상사고,0,0,2,0,차대차 - 기타,차로위반,건조,맑음,단일로 - 기타,승용,여,41세,상해없음,승용,여,25세,경상
2012111000100089,2012년 11월 10일 03시,토요일,강원도 원주시 무실동,중상사고,0,3,0,0,차대차 - 측면직각충돌,신호위반,건조,맑음,교차로 - 교차로안,승용,남,26세,중상,승용,남,31세,중상
2012111000100124,2012년 11월 10일 05시,토요일,강원도 춘천시 운교동,중상사고,0,4,3,0,차대차 - 측면직각충돌,중앙선침범,건조,맑음,교차로 - 교차로부근,승용,남,29세,상해없음,승용,남,51세,중상
2012111000100160,2012년 11월 10일 07시,토요일,강원도 춘천시 동면,부상신고사고,0,0,0,2,차대차 - 측면직각충돌,교차로운행방법위반,건조,맑음,교차로 - 교차로안,승용,남,43세,상해없음,화물,남,71세,부상신고
2012111000100185,2012년 11월 10일 08시,토요일,강원도 원주시 평원동,중상사고,0,1,0,0,차대사람 - 기타,안전운전불이행,건조,맑음,기타 - 기타,화물,남,53세,상해없음,보행자,여,53세,중상
2012111000100237,2012년 11월 10일 10시,토요일,강원도 춘천시 신북읍,중상사고,0,1,0,0,차량단독 - 전도전복,안전운전불이행,건조,맑음,단일로 - 기타,승용,남,66세,중상,,,,
2012111000100282,2012년 11월 10일 11시,토요일,강원도 강릉시 옥천동,경상사고,0,0,1,0,차대차 - 추돌 - 진행중,안전운전불이행,건조,맑음,단일로 - 기타,승용,남,90세 이상,상해없음,승용,여,90세 이상,경상
2012111000100283,2012년 11월 10일 11시,토요일,강원도 원주시 개운동,경상사고,0,0,1,0,차대차 - 측면직각충돌,직진우회전진행방해,건조,맑음,교차로 - 교차로안,승용,남,67세,상해없음,승용,여,41세,경상
2012111000100284,2012년 11월 10일 11시,토요일,강원도 고성군 토성면,경상사고,0,0,2,0,차대차 - 기타,안전운전불이행,건조,맑음,단일로 - 기타,승용,여,44세,상해없음,승용,남,32세,상해없음
2012111000100285,2012년 11월 10일 11시,토요일,강원도 원주시 호저면,중상사고,0,2,3,0,차대차 - 추돌 - 주정차중,안전거리미확보,건조,맑음,단일로 - 기타,승용,남,45세,상해없음,승용,남,66세,상해없음
2012111000100324,2012년 11월 10일 12시,토요일,강원도 춘천시 서면,중상사고,0,1,0,0,차대사람 - 길가장자리구역통행중,보행자보호의무위반,건조,맑음,단일로 - 횡단보도상,승용,여,56세,상해없음,보행자,남,6세,중상
2012111000100325,2012년 11월 10일 12시,토요일,강원도 춘천시 신동면,경상사고,0,0,2,0,차대차 - 추돌 - 진행중,교차로운행방법위반,건조,맑음,교차로 - 교차로안,화물,남,50세,상해없음,승용,남,30세,경상
2012111000100326,2012년 11월 10일 12시,토요일,강원도 춘천시 서면,중상사고,0,2,0,0,차대사람 - 기타,안전운전불이행,건조,맑음,단일로 - 기타,승용,남,57세,상해없음,보행자,남,50세,중상
2012111000100327,2012년 11월 10일 12시,토요일,강원도 강릉시 포남동,중상사고,0,1,2,0,차대차 - 추돌 - 진행중,안전거리미확보,건조,맑음,단일로 - 기타,승합,남,58세,상해없음,화물,남,44세,경상
2012111000100328,2012년 11월 10일 12시,토요일,강원도 원주시 문막읍,중상사고,0,1,0,0,차대차 - 측면직각충돌,교차로운행방법위반,건조,맑음,교차로 - 교차로안,승용,남,60세,상해없음,건설기계,남,42세,중상
2012111000100368,2012년 11월 10일 13시,토요일,강원도 강릉시 입암동,경상사고,0,0,1,0,차대사람 - 횡단중,신호위반,건조,맑음,단일로 - 횡단보도상,승용,여,55세,상해없음,보행자,여,7세,경상
2012111000100369,2012년 11월 10일 13시,토요일,강원도 원주시 단구동,경상사고,0,0,3,0,차대차 - 추돌 - 주정차중,안전거리미확보,건조,맑음,교차로 - 교차로부근,승용,남,22세,상해없음,승용,여,32세,경상
2012111000100370,2012년 11월 10일 13시,토요일,강원도 원주시 신림면,중상사고,0,1,0,0,차대차 - 추돌 - 진행중,안전운전불이행,건조,맑음,단일로 - 터널,건설기계,남,43세,상해없음,자전거,남,55세,중상
2012111000100399,2012년 11월 10일 14시,토요일,강원도 횡성군 횡성읍,경상사고,0,0,2,0,차대차 - 기타,안전운전불이행,건조,맑음,단일로 - 기타,승용,남,70세,상해없음,승용,남,35세,경상
2012111000100431,2012년 11월 10일 15시,토요일,강원도 춘천시 동면,부상신고사고,0,0,0,1,차대차 - 추돌 - 주정차중,안전운전불이행,건조,맑음,교차로 - 교차로안,승용,여,38세,상해없음,승용,여,46세,부상신고
2012111000100463,2012년 11월 10일 16시,토요일,강원도 강릉시 홍제동,경상사고,0,0,1,0,차대차 - 측면직각충돌,안전운전불이행,습기,비,교차로 - 교차로부근,승용,여,35세,상해없음,원동기,남,18세,경상
2012111000100464,2012년 11월 10일 16시,토요일,강원도 원주시 판부면,경상사고,0,0,1,0,차대차 - 추돌 - 진행중,안전거리미확보,건조,맑음,교차로 - 교차로부근,승용,남,64세,상해없음,이륜,남,46세,경상
2012111000100497,2012년 11월 10일 17시,토요일,강원도 강릉시 죽헌동,중상사고,0,1,0,0,차대사람 - 횡단중,안전운전불이행,습기,비,교차로 - 교차로부근,승용,여,38세,상해없음,보행자,남,24세,중상
2012111000100547,2012년 11월 10일 18시,토요일,강원도 태백시 황지동,경상사고,0,0,1,0,차대차 - 측면직각충돌,교차로운행방법위반,습기,비,교차로 - 교차로안,승용,남,50세,상해없음,승용,남,42세,경상
2012111000100609,2012년 11월 10일 19시,토요일,강원도 강릉시 운산동,중상사고,0,2,3,0,차대차 - 측면직각충돌,안전거리미확보,습기,비,단일로 - 기타,화물,남,42세,상해없음,승용,남,42세,중상
2012111000100610,2012년 11월 10일 19시,토요일,강원도 원주시 문막읍,경상사고,0,0,1,0,차대차 - 측면직각충돌,교차로운행방법위반,건조,맑음,교차로 - 교차로안,승용,여,38세,상해없음,승용,남,29세,상해없음
2012111000100659,2012년 11월 10일 20시,토요일,강원도 원주시 단구동,경상사고,0,0,1,0,차대차 - 측면직각충돌,직진우회전진행방해,건조,맑음,교차로 - 교차로안,승용,남,64세,상해없음,이륜,남,70세,경상
2012111000100660,2012년 11월 10일 20시,토요일,강원도 동해시 단봉동,중상사고,0,3,2,0,차대차 - 추돌 - 주정차중,안전거리미확보,습기,흐림,교차로 - 교차로부근,승용,남,47세,상해없음,승용,남,40세,중상
2012111000100702,2012년 11월 10일 21시,토요일,강원도 원주시 문막읍,경상사고,0,0,1,0,차대차 - 추돌 - 주정차중,안전운전불이행,건조,맑음,단일로 - 기타,기타불명,기타불명,기타불명,기타불명,승용,여,51세,경상
2012111000100703,2012년 11월 10일 21시,토요일,강원도 양양군 강현면,경상사고,0,0,2,0,차대차 - 추돌 - 진행중,안전운전불이행,습기,비,교차로 - 교차로부근,승용,남,22세,상해없음,승용,남,26세,경상
2012111000100740,2012년 11월 10일 22시,토요일,강원도 태백시 화전동,경상사고,0,0,3,0,차대차 - 측면직각충돌,안전운전불이행,습기,비,단일로 - 기타,승용,남,32세,상해없음,승용,여,41세,경상
2012111000100779,2012년 11월 10일 23시,토요일,강원도 춘천시 동내면,경상사고,0,0,2,0,차대차 - 추돌 - 주정차중,안전운전불이행,건조,맑음,기타 - 기타,승용,남,21세,상해없음,승용,남,53세,경상
2012111100100012,2012년 11월 11일 00시,일요일,강원도 강릉시 강문동,경상사고,0,0,1,0,차대사람 - 길가장자리구역통행중,안전운전불이행,습기,흐림,단일로 - 기타,승용,남,27세,상해없음,보행자,남,45세,경상
2012111100100098,2012년 11월 11일 02시,일요일,강원도 춘천시 후평동,경상사고,0,0,2,0,차대차 - 측면직각충돌,신호위반,습기,비,교차로 - 교차로안,승용,남,42세,상해없음,승용,남,30세,경상
2012111100100099,2012년 11월 11일 02시,일요일,강원도 원주시 행구동,중상사고,0,1,0,0,차대차 - 추돌 - 진행중,안전거리미확보,습기,비,단일로 - 기타,화물,남,43세,상해없음,승용,남,28세,중상
2012111100100172,2012년 11월 11일 04시,일요일,강원도 동해시 묵호진동,중상사고,0,3,0,0,차대차 - 기타,안전운전불이행,습기,비,단일로 - 기타,화물,남,62세,상해없음,승용,남,32세,중상
2012111100100215,2012년 11월 11일 06시,일요일,강원도 춘천시 남산면,경상사고,0,0,1,0,차대차 - 측면직각충돌,안전운전불이행,건조,맑음,단일로 - 터널,승용,남,48세,상해없음,승용,여,38세,경상
2012111100100216,2012년 11월 11일 06시,일요일,강원도 춘천시 후평동,경상사고,0,0,2,0,차대차 - 측면직각충돌,신호위반,습기,비,교차로 - 교차로안,승용,남,31세,상해없음,승용,남,37세,경상
2012111100100217,2012년 11월 11일 06시,일요일,강원도 원주시 일산동,중상사고,0,1,0,0,차대사람 - 기타,보행자보호의무위반,습기,비,교차로 - 교차로부근,승합,남,41세,상해없음,보행자,남,75세,중상
2012111100100218,2012년 11월 11일 06시,일요일,강원도 속초시 노학동,경상사고,0,0,1,0,차량단독 - 공작물충돌,안전운전불이행,습기,비,단일로 - 기타,승용,남,40세,상해없음,,,,
2012111100100266,2012년 11월 11일 09시,일요일,강원도 강릉시 교동,중상사고,0,2,2,0,차대차 - 추돌 - 진행중,안전운전불이행,건조,맑음,단일로 - 기타,화물,남,23세,기타불명,승용,남,49세,중상
2012111100100288,2012년 11월 11일 10시,일요일,강원도 원주시 귀래면,경상사고,0,0,1,0,차대사람 - 기타,안전운전불이행,습기,비,단일로 - 기타,화물,남,60세,상해없음,보행자,남,19세,경상