사고번호,사고일시,요일,시군구,사고내용,사망자수,중상자수,경상자수,부상신고자수,사고유형,법규위반,노면상태,기상상태,도로형태,가해운전자 차종,가해운전자 성별,가해운전자 연령,가해운전자 상해정도,피해운전자 차종,피해운전자 성별,피해운전자 연령,피해운전자 상해정도
2012111600100386,2012년 11월 16일 17시,금요일,강원도 속초시 대포동,경상사고,0,0,1,0,차대차 - 측면직각충돌,교차로운행방법위반,건조,맑음,교차로 - 교차로안,승용,남,38세,상해없음,원동기,남,54세,경상
2012111600100387,2012년 11월 16일 17시,금요일,강원도 삼척시 마달동,경상사고,0,0,1,0,차대차 - 측면직각충돌,안전운전불이행,건조,맑음,교차로 - 교차로안,이륜,남,19세,상해없음,승용,여,34세,상해없음
2012111600100388,2012년 11월 16일 17시,금요일,강원도 동해시 용정동,경상사고,0,0,2,0,차대차 - 측면직각충돌,안전운전불이행,건조,맑음,교차로 - 교차로안,승용,남,51세,상해없음,승용,남,27세,경상
2012111600100464,2012년 11월 16일 18시,금요일,강원도 춘천시 석사동,경상사고,0,0,4,0,차대차 - 측면직각충돌,안전운전불이행,건조,맑음,교차로 - 교차로부근,승용,남,68세,상해없음,승용,남,54세,경상
2012111600100465,2012년 11월 16일 18시,금요일,강원도 강릉시 주문진읍,경상사고,0,0,1,0,차대차 - 정면충돌,중앙선침범,건조,맑음,단일로 - 기타,승용,남,43세,상해없음,승용,여,41세,경상
2012111600100466,2012년 11월 16일 18시,금요일,강원도 원주시 개운동,경상사고,0,0,1,0,차대차 - 측면직각충돌,안전운전불이행,건조,맑음,교차로 - 교차로부근,승용,여,43세,상해없음,자전거,남,61세,경상
2012111600100467,2012년 11월 16일 18시,금요일,강원도 태백시 화전동,경상사고,0,0,1,0,차대차 - 기타,신호위반,건조,맑음,교차로 - 교차로안,화물,여,61세,상해없음,이륜,남,71세,경상
2012111600100545,2012년 11월 16일 19시,금요일,강원도 강릉시 교동,경상사고,0,0,1,0,차대차 - 측면직각충돌,안전운전불이행,건조,맑음,단일로 - 기타,승용,남,40세,상해없음,이륜,남,20세,경상
2012111600100546,2012년 11월 16일 19시,금요일,강원도 원주시 문막읍,중상사고,0,1,0,0,차대차 - 정면충돌,중앙선침범,습기,비,단일로 - 기타,승용,남,31세,상해없음,화물,남,48세,중상
2012111600100603,2012년 11월 16일 20시,금요일,강원도 원주시 단계동,경상사고,0,0,1,0,차대차 - 측면직각충돌,교차로운행방법위반,습기,비,교차로 - 교차로부근,승용,남,28세,상해없음,승용,여,53세,경상
2012111600100604,2012년 11월 16일 20시,금요일,강원도 원주시 학성동,중상사고,0,1,0,0,차대사람 - 횡단중,안전운전불이행,습기,비,단일로 - 기타,승합,남,46세,상해없음,보행자,여,31세,중상
2012111600100605,2012년 11월 16일 20시,금요일,강원도 속초시 교동,경상사고,0,0,1,0,차대차 - 측면직각충돌,직진우회전진행방해,습기,비,교차로 - 교차로안,승용,남,39세,상해없음,이륜,남,18세,경상
2012111600100672,2012년 11월 16일 21시,금요일,강원도 삼척시 신기면,부상신고사고,0,0,0,1,차량단독 - 도로외이탈 - 추락,안전운전불이행,건조,맑음,교차로 - 교차로부근,승용,남,49세,상해없음,,,,
2012111600100737,2012년 11월 16일 22시,금요일,강원도 원주시 태장동,경상사고,0,0,3,0,차대차 - 측면직각충돌,안전운전불이행,습기,비,단일로 - 기타,승용,남,51세,상해없음,승용,남,51세,경상
2012111600100738,2012년 11월 16일 22시,금요일,강원도 원주시 단구동,중상사고,0,1,0,0,차대사람 - 기타,안전운전불이행,습기,비,단일로 - 기타,승용,여,50세,상해없음,보행자,남,45세,중상
2012111600100739,2012년 11월 16일 22시,금요일,강원도 원주시 단구동,중상사고,0,1,0,0,차대사람 - 횡단중,신호위반,건조,맑음,교차로 - 교차로안,승용,남,38세,상해없음,보행자,여,7세,중상
2012111600100740,2012년 11월 16일 22시,금요일,강원도 평창군 평창읍,중상사고,0,3,1,0,차대차 - 측면직각충돌,안전운전불이행,습기,비,교차로 - 교차로안,승용,여,25세,상해없음,승용,남,34세,상해없음
2012111600100813,2012년 11월 16일 23시,금요일,강원도 원주시 개운동,경상사고,0,0,2,0,차대차 - 측면직각충돌,직진우회전진행방해,건조,맑음,교차로 - 교차로안,승용,여,50세,경상,승용,남,57세,경상
2012111700100035,2012년 11월 17일 00시,토요일,강원도 삼척시 남양동,경상사고,0,0,1,0,차대차 - 측면직각충돌,직진우회전진행방해,건조,맑음,교차로 - 교차로안,승용,남,53세,경상,승합,남,32세,상해없음
2012111700100136,2012년 11월 17일 02시,토요일,강원도 태백시 황지동,경상사고,0,0,3,0,차대차 - 추돌 - 진행중,안전거리미확보,건조,맑음,단일로 - 기타,승용,남,32세,상해없음,승용,남,60세,상해없음
2012111700100137,2012년 11월 17일 02시,토요일,강원도 원주시 지정면,경상사고,0,0,5,0,차대차 - 추돌 - 진행중,안전운전불이행,습기,비,단일로 - 기타,승용,남,34세,상해없음,승용,남,39세,경상
2012111700100173,2012년 11월 17일 03시,토요일,강원도 원주시 소초면,경상사고,0,0,1,0,차대사람 - 차도통행중,안전운전불이행,습기,비,단일로 - 기타,승용,남,42세,상해없음,보행자,남,51세,경상
2012111700100221,2012년 11월 17일 05시,토요일,강원도 춘천시 운교동,경상사고,0,0,2,0,차대차 - 추돌 - 진행중,안전운전불이행,습기,비,교차로 - 교차로부근,승용,남,24세,기타불명,승용,남,60세,경상
2012111700100222,2012년 11월 17일 05시,토요일,강원도 춘천시 효자동,경상사고,0,0,1,0,차대차 - 측면직각충돌,중앙선침범,건조,맑음,단일로 - 기타,기타불명,기타불명,기타불명,기타불명,승용,남,39세,경상
2012111700100305,2012년 11월 17일 09시,토요일,강원도 강릉시 주문진읍,경상사고,0,0,1,0,차대차 - 측면직각충돌,안전운전불이행,건조,맑음,교차로 - 교차로안,승용,남,66세,상해없음,자전거,여,63세,경상
2012111700100320,2012년 11월 17일 10시,토요일,강원도 홍천군 남면,경상사고,0,0,1,0,차대차 - 기타,안전운전불이행,건조,맑음,교차로 - 교차로안,승용,남,29세,상해없음,화물,남,48세,경상
2012111700100321,2012년 11월 17일 10시,토요일,강원도 평창군 용평면,경상사고,0,0,1,0,차대차 - 측면직각충돌,안전운전불이행,건조,맑음,단일로 - 기타,화물,남,59세,상해없음,승용,남,64세,경상
2012111700100322,2012년 11월 17일 10시,토요일,강원도 고성군 토성면,중상사고,0,1,5,1,차량단독 - 공작물충돌,안전운전불이행,건조,맑음,단일로 - 기타,승합,남,48세,상해없음,,,,
2012111700100381,2012년 11월 17일 12시,토요일,강원도 춘천시 퇴계동,경상사고,0,0,1,0,차대차 - 정면충돌,중앙선침범,건조,맑음,단일로 - 기타,화물,여,54세,상해없음,이륜,남,66세,경상
2012111700100382,2012년 11월 17일 12시,토요일,강원도 춘천시 우두동,중상사고,0,1,0,0,차대차 - 측면직각충돌,안전거리미확보,건조,맑음,단일로 - 기타,화물,남,45세,상해없음,원동기,남,18세,중상
2012111700100383,2012년 11월 17일 12시,토요일,강원도 춘천시 후평동,경상사고,0,0,1,0,차대사람 - 차도통행중,안전운전불이행,건조,맑음,단일로 - 기타,승용,남,27세,상해없음,보행자,남,45세,경상
2012111700100384,2012년 11월 17일 12시,토요일,강원도 화천군 화천읍,경상사고,0,0,1,0,차대차 - 측면직각충돌,교차로운행방법위반,건조,맑음,교차로 - 교차로안,승용,남,46세,상해없음,원동기,남,73세,경상
2012111700100472,2012년 11월 17일 14시,토요일,강원도 속초시 조양동,경상사고,0,0,1,0,차대사람 - 횡단중,안전운전불이행,건조,맑음,단일로 - 기타,승용,여,35세,상해없음,보행자,남,4세,경상
2012111700100473,2012년 11월 17일 14시,토요일,강원도 고성군 죽왕면,중상사고,0,1,0,0,차대사람 - 횡단중,안전운전불이행,건조,맑음,단일로 - 횡단보도부근,승합,남,61세,상해없음,보행자,여,82세,중상
2012111700100502,2012년 11월 17일 15시,토요일,강원도 양구군 양구읍,경상사고,0,0,1,0,차대사람 - 기타,안전운전불이행,건조,맑음,기타 - 기타,기타불명,기타불명,기타불명,기타불명,보행자,남,11세,경상
2012111700100532,2012년 11월 17일 16시,토요일,강원도 강릉시 입암동,중상사고,0,1,0,0,차대차 - 측면직각충돌,교차로운행방법위반,건조,맑음,교차로 - 교차로안,화물,남,58세,상해없음,화물,여,47세,중상
2012111700100576,2012년 11월 17일 17시,토요일,강원도 원주시 문막읍,중상사고,0,1,0,1,차대차 - 측면직각충돌,교차로운행방법위반,건조,맑음,교차로 - 교차로안,승용,여,55세,부상신고,원동기,남,16세,중상
2012111700100577,2012년 11월 17일 17시,토요일,강원도 원주시 문막읍,경상사고,0,0,1,0,차대사람 - 차도통행중,안전운전불이행,건조,맑음,단일로 - 기타,기타불명,기타불명,기타불명,기타불명,보행자,남,14세,경상
2012111700100624,2012년 11월 17일 18시,토요일,강원도 춘천시 효자동,경상사고,0,0,1,0,차대사람 - 기타,보행자보호의무위반,건조,맑음,교차로 - 교차로부근,승용,남,54세,상해없음,보행자,여,15세,경상
2012111700100625,2012년 11월 17일 18시,토요일,강원도 강릉시 교동,경상사고,0,0,5,0,차대차 - 추돌 - 주정차중,안전운전불이행,건조,맑음,단일로 - 기타,승용,여,40세,상해없음,승용,여,43세,경상
2012111700100626,2012년 11월 17일 18시,토요일,강원도 원주시 명륜동,경상사고,0,0,1,0,차대차 - 추돌 - 진행중,안전거리미확보,건조,맑음,단일로 - 기타,원동기,남,17세,상해없음,승용,남,34세,경상
2012111700100627,2012년 11월 17일 18시,토요일,강원도 정선군 임계면,사망사고,1,1,0,0,차대차 - 추돌 - 주정차중,안전운전불이행,건조,맑음,단일로 - 기타,화물,남,53세,중상,건설기계,남,48세,기타불명
2012111700100628,2012년 11월 17일 18시,토요일,강원도 동해시 천곡동,경상사고,0,0,1,0,차대차 - 기타,안전운전불이행,건조,맑음,교차로 - 교차로부근,화물,남,67세,상해없음,승용,여,47세,경상
2012111700100679,2012년 11월 17일 19시,토요일,강원도 강릉시 성내동,경상사고,0,0,1,0,차대사람 - 횡단중,보행자보호의무위반,건조,맑음,단일로 - 횡단보도상,승용,남,40세,상해없음,보행자,남,17세,경상
2012111700100680,2012년 11월 17일 19시,토요일,강원도 평창군 대관령면,경상사고,0,0,5,0,차대차 - 측면직각충돌,안전운전불이행,건조,맑음,교차로 - 교차로안,승용,남,33세,경상,승용,여,46세,경상
2012111700100769,2012년 11월 17일 22시,토요일,강원도 동해시 송정동,경상사고,0,0,1,0,차대차 - 측면직각충돌,불법유턴,건조,맑음,교차로 - 교차로부근,승용,남,57세,상해없음,승용,남,18세,경상
2012111700100794,2012년 11월 17일 23시,토요일,강원도 춘천시 남산면,경상사고,0,0,1,0,차대차 - 추돌 - 진행중,안전운전불이행,건조,맑음,단일로 - 기타,승용,남,53세,상해없음,승용,남,39세,경상
2012111700100795,2012년 11월 17일 23시,토요일,강원도 양구군 남면,경상사고,0,0,1,0,차량단독 - 기타,안전운전불이행,건조,맑음,단일로 - 기타,승용,남,34세,경상,,,,
2012111800100017,2012년 11월 18일 00시,일요일,강원도 원주시 단계동,경상사고,0,0,1,0,차대차 - 측면직각충돌,안전운전불이행,건조,맑음,교차로 - 교차로부근,승용,남,30세,상해없음,승용,여,50세,경상
2012111800100038,2012년 11월 18일 01시,일요일,강원도 속초시 동명동,경상사고,0,0,1,0,차대차 - 측면직각충돌,신호위반,건조,맑음,교차로 - 교차로안,승용,남,42세,상해없음,자전거,남,45세,경상
2012111800100219,2012년 11월 18일 12시,일요일,강원도 강릉시 사천면,경상사고,0,0,2,0,차대차 - 측면직각충돌,중앙선침범,건조,맑음,단일로 - 기타,화물,남,49세,상해없음,승용,남,28세,경상
2012111800100220,2012년 11월 18일 12시,일요일,강원도 원주시 단계동,중상사고,0,1,3,0,차대차 - 측면직각충돌,직진우회전진행방해,건조,맑음,교차로 - 교차로안,승용,남,55세,상해없음,승용,남,56세,경상
2012111800100242,2012년 11월 18일 13시,일요일,강원도 춘천시 석사동,중상사고,0,1,0,0,차대사람 - 횡단중,보행자보호의무위반,건조,맑음,단일로 - 기타,이륜,남,17세,상해없음,보행자,여,8세,중상
2012111800100243,2012년 11월 18일 13시,일요일,강원도 원주시 원동,경상사고,0,0,1,0,차대차 - 추돌 - 진행중,안전운전불이행,건조,맑음,단일로 - 기타,승합,남,58세,상해없음,승용,여,35세,경상
2012111800100244,2012년 11월 18일 13시,일요일,강원도 화천군 하남면,중상사고,0,1,5,1,차대차 - 정면충돌,중앙선침범,건조,맑음,단일로 - 기타,승용,남,65세,상해없음,승합,남,50세,경상
2012111800100274,2012년 11월 18일 14시,일요일,강원도 춘천시 후평동,중상사고,0,1,1,0,차대차 - 측면직각충돌,교차로운행방법위반,건조,맑음,교차로 - 교차로안,승용,여,54세,상해없음,승용,남,56세,중상
2012111800100275,2012년 11월 18일 14시,일요일,강원도 강릉시 포남동,경상사고,0,0,1,0,차대차 - 추돌 - 진행중,중앙선침범,건조,맑음,교차로 - 교차로부근,승용,남,66세,상해없음,승용,남,39세,경상
2012111800100276,2012년 11월 18일 14시,일요일,강원도 원주시 단구동,경상사고,0,0,1,0,차대차 - 추돌 - 주정차중,교차로운행방법위반,건조,흐림,교차로 - 교차로안,승용,여,42세,상해없음,승용,남,42세,경상
2012111800100277,2012년 11월 18일 14시,일요일,강원도 양양군 강현면,중상사고,0,1,0,0,차대사람 - 길가장자리구역통행중,안전운전불이행,건조,맑음,단일로 - 기타,자전거,남,53세,상해없음,보행자,여,54세,중상
2012111800100278,2012년 11월 18일 14시,일요일,강원도 정선군 사북읍,경상사고,0,0,1,0,차대차 - 추돌 - 주정차중,안전거리미확보,기타,기타,단일로 - 기타,승용,여,51세,상해없음,승용,남,59세,경상
2012111800100279,2012년 11월 18일 14시,일요일,강원도 홍천군 북방면,경상사고,0,0,2,0,차대차 - 측면직각충돌,차로위반,건조,맑음,단일로 - 기타,승용,남,53세,상해없음,승용,남,53세,경상
2012111800100308,2012년 11월 18일 15시,일요일,강원도 춘천시 온의동,중상사고,0,1,0,0,차대차 - 측면직각충돌,안전거리미확보,건조,맑음,단일로 - 기타,승용,여,54세,상해없음,자전거,남,56세,중상
2012111800100309,2012년 11월 18일 15시,일요일,강원도 강릉시 입암동,경상사고,0,0,2,0,차대차 - 측면직각충돌,안전운전불이행,건조,맑음,단일로 - 기타,화물,남,68세,상해없음,승용,여,28세,경상
2012111800100340,2012년 11월 18일 16시,일요일,강원도 춘천시 동면,부상신고사고,0,0,0,2,차대차 - 추돌 - 주정차중,기타,건조,맑음,단일로 - 기타,승합,남,42세,상해없음,화물,남,55세,상해없음
2012111800100367,2012년 11월 18일 17시,일요일,강원도 춘천시 남산면,중상사고,0,1,0,0,차대차 - 정면충돌,중앙선침범,건조,맑음,단일로 - 기타,화물,남,60세,상해없음,승용,남,56세,중상
2012111800100368,2012년 11월 18일 17시,일요일,강원도 강릉시 교동,경상사고,0,0,1,0,차대차 - 측면직각충돌,안전운전불이행,건조,맑음,교차로 - 교차로부근,승용,남,35세,상해없음,자전거,남,49세,경상
2012111800100369,2012년 11월 18일 17시,일요일,강원도 원주시 흥업면,경상사고,0,0,1,0,차대차 - 측면직각충돌,안전거리미확보,건조,맑음,단일로 - 기타,승용,남,28세,상해없음,승용,남,28세,경상
2012111800100408,2012년 11월 18일 18시,일요일,강원도 춘천시 효자동,경상사고,0,0,1,0,차대사람 - 횡단중,신호위반,건조,맑음,교차로 - 교차로안,승용,남,23세,상해없음,보행자,여,10세,경상
2012111800100436,2012년 11월 18일 19시,일요일,강원도 동해시 천곡동,중상사고,0,1,0,0,차대사람 - 기타,안전운전불이행,건조,맑음,교차로 - 교차로부근,승용,남,67세,상해없음,보행자,여,17세,중상
2012111800100504,2012년 11월 18일 21시,일요일,강원도 춘천시 조양동,경상사고,0,0,2,0,차대차 - 정면충돌,중앙선침범,건조,맑음,단일로 - 기타,승용,남,57세,상해없음,승용,남,38세,경상
2012111800100505,2012년 11월 18일 21시,일요일,강원도 강릉시 포남동,경상사고,0,0,3,0,차대차 - 측면직각충돌,안전운전불이행,건조,맑음,교차로 - 교차로안,승용,여,54세,상해없음,승용,남,45세,경상
2012111800100523,2012년 11월 18일 22시,일요일,강원도 춘천시 후평동,중상사고,0,2,0,0,차대사람 - 횡단중,보행자보호의무위반,건조,맑음,단일로 - 횡단보도상,승용,남,52세,상해없음,보행자,남,49세,중상
2012111900100082,2012년 11월 19일 06시,월요일,강원도 춘천시 온의동,경상사고,0,0,1,0,차대차 - 기타,중앙선침범,적설,눈,단일로 - 기타,승용,남,67세,상해없음,승용,남,68세,경상
2012111900100083,2012년 11월 19일 06시,월요일,강원도 춘천시 소양로1가,경상사고,0,0,1,0,차대차 - 기타,안전거리미확보,적설,눈,교차로 - 교차로부근,화물,남,56세,상해없음,승용,여,52세,경상
2012111900100084,2012년 11월 19일 06시,월요일,강원도 속초시 조양동,경상사고,0,0,1,0,차량단독 - 공작물충돌,안전운전불이행,건조,맑음,단일로 - 기타,승용,남,46세,상해없음,,,,
2012111900100103,2012년 11월 19일 07시,월요일,강원도 원주시 지정면,경상사고,0,0,1,0,차대차 - 측면직각충돌,중앙선침범,적설,눈,단일로 - 기타,화물,남,52세,상해없음,승용,남,32세,경상
2012111900100104,2012년 11월 19일 07시,월요일,강원도 원주시 지정면,중상사고,0,1,1,0,차대차 - 정면충돌,중앙선침범,적설,눈,단일로 - 기타,승용,남,29세,중상,승합,남,53세,경상
2012111900100105,2012년 11월 19일 07시,월요일,강원도 원주시 흥업면,중상사고,0,1,1,0,차대차 - 추돌 - 주정차중,안전운전불이행,적설,눈,단일로 - 기타,승용,남,50세,상해없음,화물,남,40세,경상
2012111900100106,2012년 11월 19일 07시,월요일,강원도 평창군 진부면,중상사고,0,1,0,0,차대사람 - 기타,안전운전불이행,습기,비,단일로 - 교량,화물,남,49세,상해없음,보행자,남,52세,중상
2012111900100107,2012년 11월 19일 07시,월요일,강원도 횡성군 공근면,중상사고,0,1,1,0,차대차 - 측면직각충돌,안전운전불이행,적설,눈,단일로 - 기타,승용,남,27세,상해없음,승용,남,40세,중상
2012111900100108,2012년 11월 19일 07시,월요일,강원도 횡성군 우천면,중상사고,0,2,6,0,차대차 - 추돌 - 주정차중,안전운전불이행,적설,눈,단일로 - 교량,승용,남,30세,상해없음,승용,남,71세,중상
2012111900100152,2012년 11월 19일 08시,월요일,강원도 영월군 한반도면,경상사고,0,0,1,0,차대차 - 측면직각충돌,교차로운행방법위반,결빙,눈,교차로 - 교차로안,승용,여,52세,상해없음,승용,여,30세,경상
2012111900100153,2012년 11월 19일 08시,월요일,강원도 평창군 진부면,경상사고,0,0,3,0,차대차 - 측면직각충돌,안전운전불이행,적설,눈,교차로 - 교차로안,승용,남,26세,상해없음,승용,남,54세,경상
2012111900100154,2012년 11월 19일 08시,월요일,강원도 정선군 정선읍,경상사고,0,0,1,0,차대차 - 추돌 - 진행중,안전운전불이행,적설,눈,단일로 - 기타,승용,여,34세,상해없음,승용,여,32세,경상
2012111900100155,2012년 11월 19일 08시,월요일,강원도 정선군 정선읍,중상사고,0,1,0,0,차대차 - 측면직각충돌,안전운전불이행,적설,눈,단일로 - 기타,승용,여,46세,상해없음,승용,여,56세,상해없음
2012111900100156,2012년 11월 19일 08시,월요일,강원도 횡성군 공근면,중상사고,0,24,7,0,차대차 - 추돌 - 진행중,안전운전불이행,결빙,눈,단일로 - 기타,승용,여,22세,상해없음,승합,남,50세,중상
2012111900100225,2012년 11월 19일 10시,월요일,강원도 춘천시 신동면,중상사고,0,2,0,0,차대차 - 기타,중앙선침범,습기,맑음,단일로 - 기타,승용,여,23세,상해없음,승용,남,49세,중상
2012111900100226,2012년 11월 19일 10시,월요일,강원도 원주시 단계동,경상사고,0,0,1,0,차대사람 - 기타,보행자보호의무위반,건조,맑음,단일로 - 기타,승용,남,54세,상해없음,보행자,남,31세,경상
2012111900100227,2012년 11월 19일 10시,월요일,강원도 원주시 귀래면,중상사고,0,1,1,0,차대차 - 측면직각충돌,안전운전불이행,습기,비,단일로 - 기타,승용,남,59세,상해없음,농기계,남,76세,중상
2012111900100257,2012년 11월 19일 11시,월요일,강원도 강릉시 옥천동,경상사고,0,0,1,0,차대차 - 측면직각충돌,안전운전불이행,건조,맑음,단일로 - 기타,승합,남,70세,상해없음,승용,여,56세,경상
2012111900100328,2012년 11월 19일 14시,월요일,강원도 춘천시 근화동,중상사고,0,1,0,0,차대차 - 측면직각충돌,교차로운행방법위반,건조,맑음,교차로 - 교차로안,승용,남,75세,기타불명,승용,여,51세,중상
2012111900100329,2012년 11월 19일 14시,월요일,강원도 춘천시 교동,중상사고,0,1,0,0,차대차 - 기타,교차로운행방법위반,건조,맑음,교차로 - 교차로안,승용,남,24세,상해없음,승용,남,40세,중상
2012111900100330,2012년 11월 19일 14시,월요일,강원도 원주시 일산동,중상사고,0,2,1,0,차대차 - 측면직각충돌,직진우회전진행방해,건조,맑음,교차로 - 교차로안,승용,남,71세,상해없음,승용,여,35세,경상
2012111900100365,2012년 11월 19일 15시,월요일,강원도 춘천시 퇴계동,경상사고,0,0,1,0,차대사람 - 횡단중,보행자보호의무위반,건조,맑음,교차로 - 교차로부근,승합,남,60세,상해없음,보행자,남,59세,경상
2012111900100366,2012년 11월 19일 15시,월요일,강원도 원주시 명륜동,중상사고,0,1,0,0,차대차 - 추돌 - 진행중,차로위반,건조,맑음,단일로 - 기타,승용,여,61세,상해없음,이륜,남,74세,중상
2012111900100398,2012년 11월 19일 16시,월요일,강원도 고성군 토성면,중상사고,0,1,0,0,차대사람 - 횡단중,안전운전불이행,건조,맑음,단일로 - 기타,화물,남,45세,상해없음,보행자,여,70세,중상
2012111900100420,2012년 11월 19일 17시,월요일,강원도 강릉시 임당동,경상사고,0,0,1,0,차대사람 - 기타,안전운전불이행,건조,맑음,단일로 - 기타,승용,남,38세,상해없음,보행자,여,60세,경상
2012111900100421,2012년 11월 19일 17시,월요일,강원도 원주시 명륜동,중상사고,0,1,1,0,차대차 - 추돌 - 주정차중,안전운전불이행,건조,맑음,단일로 - 기타,승용,남,34세,상해없음,승용,남,63세,경상
2012111900100422,2012년 11월 19일 17시,월요일,강원도 횡성군 서원면,사망사고,1,0,0,0,차대사람 - 횡단중,안전운전불이행,습기,흐림,단일로 - 기타,화물,남,47세,상해없음,보행자,남,63세,사망
2012111900100464,2012년 11월 19일 18시,월요일,강원도 원주시 태장동,중상사고,0,1,0,0,차대차 - 측면직각충돌,교차로운행방법위반,건조,맑음,교차로 - 교차로안,승용,남,66세,상해없음,이륜,남,39세,중상
2012111900100523,2012년 11월 19일 19시,월요일,강원도 강릉시 성남동,경상사고,0,0,1,0,차대차 - 측면직각충돌,안전운전불이행,건조,맑음,교차로 - 교차로안,화물,여,49세,상해없음,자전거,남,43세,경상
2012111900100524,2012년 11월 19일 19시,월요일,강원도 원주시 반곡동,중상사고,0,1,1,0,차대차 - 추돌 - 진행중,안전거리미확보,건조,맑음,단일로 - 기타,승용,남,73세,상해없음,승용,남,37세,중상
2012111900100544,2012년 11월 19일 20시,월요일,강원도 강릉시 견소동,경상사고,0,0,2,1,차대차 - 측면직각충돌,기타,건조,맑음,단일로 - 기타,승용,여,31세,상해없음,승용,남,31세,경상
2012111900100604,2012년 11월 19일 22시,월요일,강원도 원주시 판부면,경상사고,0,0,1,0,차대차 - 추돌 - 진행중,안전운전불이행,건조,맑음,교차로 - 교차로안,승용,남,54세,상해없음,승용,남,38세,경상
2012112000100112,2012년 11월 20일 08시,화요일,강원도 춘천시 후평동,경상사고,0,0,2,0,차대차 - 측면직각충돌,안전운전불이행,건조,맑음,교차로 - 교차로부근,승용,남,49세,상해없음,승용,남,34세,경상
2012112000100113,2012년 11월 20일 08시,화요일,강원도 춘천시 근화동,경상사고,0,0,1,0,차대차 - 측면직각충돌,안전운전불이행,건조,맑음,단일로 - 기타,승용,남,50세,상해없음,자전거,남,80세,경상
2012112000100114,2012년 11월 20일 08시,화요일,강원도 춘천시 삼천동,경상사고,0,0,1,0,차대차 - 측면직각충돌,신호위반,건조,맑음,교차로 - 교차로안,승합,남,54세,상해없음,화물,남,38세,경상
2012112000100115,2012년 11월 20일 08시,화요일,강원도 양구군 양구읍,중상사고,0,1,0,0,차대차 - 측면직각충돌,안전운전불이행,건조,맑음,교차로 - 교차로안,승용,여,32세,상해없음,원동기,남,68세,중상
2012112000100170,2012년 11월 20일 10시,화요일,강원도 춘천시 우두동,부상신고사고,0,0,0,1,차대차 - 추돌 - 진행중,안전운전불이행,건조,맑음,교차로 - 교차로부근,승용,남,57세,상해없음,승용,남,51세,부상신고
2012112000100192,2012년 11월 20일 11시,화요일,강원도 홍천군 홍천읍,경상사고,0,0,1,0,차대사람 - 기타,안전운전불이행,건조,맑음,교차로 - 교차로부근,화물,여,40세,상해없음,보행자,여,70세,경상
2012112000100211,2012년 11월 20일 12시,화요일,강원도 원주시 원동,경상사고,0,0,1,1,차대차 - 기타,신호위반,건조,맑음,교차로 - 교차로안,이륜,남,62세,부상신고,승용,남,55세,상해없음
2012112000100264,2012년 11월 20일 14시,화요일,강원도 춘천시 온의동,경상사고,0,0,1,0,차대차 - 측면직각충돌,신호위반,건조,맑음,교차로 - 교차로안,승합,남,44세,상해없음,승용,남,46세,경상
2012112000100265,2012년 11월 20일 14시,화요일,강원도 춘천시 석사동,경상사고,0,0,1,0,차대차 - 측면직각충돌,안전운전불이행,건조,맑음,교차로 - 교차로부근,승용,남,71세,상해없음,이륜,남,56세,경상
2012112000100266,2012년 11월 20일 14시,화요일,강원도 고성군 죽왕면,경상사고,0,0,1,1,차대차 - 추돌 - 진행중,안전운전불이행,건조,맑음,교차로 - 교차로부근,승용,남,77세,상해없음,승용,여,35세,경상
2012112000100334,2012년 11월 20일 16시,화요일,강원도 원주시 반곡동,경상사고,0,0,1,0,차대차 - 측면직각충돌,안전운전불이행,기타,기타,단일로 - 기타,승용,남,36세,상해없음,자전거,남,13세,경상
2012112000100335,2012년 11월 20일 16시,화요일,강원도 삼척시 사직동,경상사고,0,0,1,0,차대차 - 측면직각충돌,신호위반,건조,맑음,교차로 - 교차로안,건설기계,남,44세,상해없음,승용,남,68세,경상
2012112000100336,2012년 11월 20일 16시,화요일,강원도 평창군 평창읍,경상사고,0,0,2,0,차대차 - 측면직각충돌,안전운전불이행,건조,맑음,교차로 - 교차로안,화물,남,62세,상해없음,승용,여,42세,경상
2012112000100369,2012년 11월 20일 17시,화요일,강원도 태백시 황지동,경상사고,0,0,1,0,차대차 - 기타,안전운전불이행,건조,맑음,단일로 - 기타,승용,남,47세,상해없음,자전거,남,63세,경상
2012112000100370,2012년 11월 20일 17시,화요일,강원도 고성군 거진읍,경상사고,0,0,3,0,차대차 - 측면직각충돌,안전운전불이행,건조,맑음,단일로 - 기타,승용,남,46세,상해없음,화물,남,49세,경상
2012112000100421,2012년 11월 20일 18시,화요일,강원도 원주시 무실동,경상사고,0,0,3,0,차대차 - 기타,안전운전불이행,건조,맑음,단일로 - 기타,승용,남,27세,상해없음,승용,남,44세,경상
2012112000100422,2012년 11월 20일 18시,화요일,강원도 양구군 양구읍,사망사고,1,0,0,0,차대사람 - 횡단중,안전운전불이행,건조,맑음,단일로 - 기타,건설기계,남,38세,상해없음,보행자,남,47세,사망
2012112000100460,2012년 11월 20일 19시,화요일,강원도 강릉시 강동면,사망사고,1,0,0,0,차량단독 - 공작물충돌,안전운전불이행,건조,맑음,단일로 - 기타,승용,남,67세,사망,,,,