사고번호,사고일시,요일,시군구,사고내용,사망자수,중상자수,경상자수,부상신고자수,사고유형,법규위반,노면상태,기상상태,도로형태,가해운전자 차종,가해운전자 성별,가해운전자 연령,가해운전자 상해정도,피해운전자 차종,피해운전자 성별,피해운전자 연령,피해운전자 상해정도
2012112000100461,2012년 11월 20일 19시,화요일,강원도 속초시 조양동,경상사고,0,0,1,0,차대사람 - 차도통행중,안전운전불이행,건조,맑음,단일로 - 기타,승용,여,47세,상해없음,보행자,여,15세,경상
2012112000100575,2012년 11월 20일 23시,화요일,강원도 강릉시 포남동,경상사고,0,0,1,0,차대차 - 추돌 - 주정차중,안전운전불이행,건조,맑음,교차로 - 교차로부근,승용,남,50세,상해없음,승용,남,40세,경상
2012112000100576,2012년 11월 20일 23시,화요일,강원도 고성군 토성면,경상사고,0,0,1,0,차대사람 - 기타,안전운전불이행,건조,맑음,단일로 - 기타,이륜,남,18세,상해없음,보행자,남,49세,경상
2012112000100577,2012년 11월 20일 23시,화요일,강원도 철원군 서면,경상사고,0,0,2,0,차대차 - 측면직각충돌,안전운전불이행,건조,맑음,교차로 - 교차로부근,승용,남,32세,상해없음,승용,여,45세,경상
2012112100100034,2012년 11월 21일 02시,수요일,강원도 춘천시 효자동,경상사고,0,0,2,0,차대차 - 기타,안전운전불이행,건조,흐림,단일로 - 기타,승용,여,62세,상해없음,승용,남,27세,경상
2012112100100035,2012년 11월 21일 02시,수요일,강원도 원주시 단계동,경상사고,0,0,1,0,차대사람 - 기타,안전운전불이행,건조,맑음,교차로 - 교차로안,승용,남,58세,기타불명,보행자,여,23세,경상
2012112100100063,2012년 11월 21일 05시,수요일,강원도 춘천시 소양로1가,중상사고,0,1,0,0,차대사람 - 기타,신호위반,건조,맑음,교차로 - 교차로안,승용,여,48세,상해없음,보행자,여,46세,중상
2012112100100126,2012년 11월 21일 08시,수요일,강원도 원주시 관설동,경상사고,0,0,1,0,차대사람 - 차도통행중,안전운전불이행,건조,맑음,교차로 - 교차로부근,승용,남,67세,상해없음,보행자,여,16세,경상
2012112100100157,2012년 11월 21일 09시,수요일,강원도 철원군 근남면,중상사고,0,1,1,0,차대차 - 측면직각충돌,과속,건조,맑음,단일로 - 기타,화물,남,33세,경상,화물,남,59세,중상
2012112100100205,2012년 11월 21일 11시,수요일,강원도 춘천시 남산면,중상사고,0,1,1,0,차대사람 - 기타,안전운전불이행,건조,맑음,단일로 - 교량,승용,여,33세,상해없음,보행자,남,58세,중상
2012112100100221,2012년 11월 21일 12시,수요일,강원도 강릉시 송정동,중상사고,0,2,1,0,차대차 - 측면직각충돌,안전운전불이행,건조,맑음,교차로 - 교차로안,화물,남,44세,상해없음,승용,여,51세,경상
2012112100100244,2012년 11월 21일 13시,수요일,강원도 태백시 황지동,경상사고,0,0,1,0,차대차 - 추돌 - 진행중,교차로운행방법위반,건조,맑음,교차로 - 교차로안,승용,남,61세,상해없음,승용,남,40세,상해없음
2012112100100270,2012년 11월 21일 14시,수요일,강원도 춘천시 사농동,중상사고,0,4,2,0,차대차 - 추돌 - 주정차중,안전거리미확보,건조,맑음,단일로 - 기타,화물,남,61세,상해없음,승용,남,47세,중상
2012112100100298,2012년 11월 21일 15시,수요일,강원도 양양군 손양면,경상사고,0,0,1,0,차대사람 - 기타,안전운전불이행,건조,맑음,단일로 - 기타,화물,남,52세,상해없음,보행자,여,58세,경상
2012112100100325,2012년 11월 21일 16시,수요일,강원도 강릉시 성남동,중상사고,0,1,0,0,차대사람 - 횡단중,안전운전불이행,건조,맑음,단일로 - 기타,승용,여,45세,상해없음,보행자,남,13세,중상
2012112100100326,2012년 11월 21일 16시,수요일,강원도 강릉시 유산동,경상사고,0,0,1,0,차대사람 - 기타,안전운전불이행,건조,맑음,단일로 - 기타,화물,남,58세,상해없음,보행자,남,43세,경상
2012112100100327,2012년 11월 21일 16시,수요일,강원도 정선군 정선읍,경상사고,0,0,2,0,차대차 - 측면직각충돌,안전운전불이행,건조,맑음,교차로 - 교차로안,승용,남,46세,상해없음,승용,남,63세,상해없음
2012112100100358,2012년 11월 21일 17시,수요일,강원도 영월군 영월읍,중상사고,0,1,0,1,차대차 - 측면직각충돌,교차로운행방법위반,건조,맑음,교차로 - 교차로안,승용,여,51세,부상신고,화물,남,39세,중상
2012112100100359,2012년 11월 21일 17시,수요일,강원도 동해시 천곡동,중상사고,0,1,1,0,차대차 - 측면직각충돌,직진우회전진행방해,건조,맑음,교차로 - 교차로안,승용,남,29세,상해없음,화물,남,28세,중상
2012112100100404,2012년 11월 21일 18시,수요일,강원도 춘천시 중앙로1가,경상사고,0,0,1,0,차대사람 - 기타,보행자보호의무위반,건조,맑음,단일로 - 횡단보도부근,기타불명,기타불명,기타불명,기타불명,보행자,남,15세,경상
2012112100100405,2012년 11월 21일 18시,수요일,강원도 양양군 현남면,경상사고,0,0,2,0,차대차 - 측면직각충돌,교차로운행방법위반,건조,맑음,교차로 - 교차로안,승용,여,56세,상해없음,화물,남,65세,경상
2012112100100406,2012년 11월 21일 18시,수요일,강원도 평창군 봉평면,경상사고,0,0,1,0,차대차 - 측면직각충돌,안전운전불이행,건조,맑음,단일로 - 기타,승용,여,38세,상해없음,승용,남,53세,경상
2012112100100504,2012년 11월 21일 20시,수요일,강원도 춘천시 중앙로2가,경상사고,0,0,1,0,차대차 - 측면직각충돌,교차로운행방법위반,건조,맑음,교차로 - 교차로안,승용,여,24세,상해없음,원동기,남,18세,경상
2012112100100534,2012년 11월 21일 21시,수요일,강원도 강릉시 교동,경상사고,0,0,1,0,차대차 - 정면충돌,중앙선침범,건조,맑음,단일로 - 기타,원동기,남,20세,상해없음,승용,여,39세,경상
2012112200100016,2012년 11월 22일 00시,목요일,강원도 인제군 북면,중상사고,0,3,4,0,차대차 - 측면직각충돌,안전운전불이행,건조,맑음,교차로 - 교차로안,승용,여,36세,상해없음,승용,남,47세,경상
2012112200100098,2012년 11월 22일 07시,목요일,강원도 화천군 화천읍,경상사고,0,0,3,0,차대차 - 측면직각충돌,직진우회전진행방해,건조,맑음,교차로 - 교차로안,화물,남,57세,경상,승용,남,76세,경상
2012112200100139,2012년 11월 22일 08시,목요일,강원도 원주시 명륜동,경상사고,0,0,2,0,차대차 - 측면직각충돌,신호위반,건조,맑음,교차로 - 교차로안,승합,남,55세,상해없음,승용,여,50세,상해없음
2012112200100140,2012년 11월 22일 08시,목요일,강원도 철원군 동송읍,경상사고,0,0,2,0,차대차 - 측면직각충돌,교차로운행방법위반,건조,맑음,교차로 - 교차로안,승용,남,64세,상해없음,화물,남,72세,경상
2012112200100187,2012년 11월 22일 09시,목요일,강원도 동해시 어달동,중상사고,0,1,0,0,차대차 - 추돌 - 진행중,안전거리미확보,건조,맑음,단일로 - 기타,화물,남,61세,상해없음,화물,남,60세,상해없음
2012112200100208,2012년 11월 22일 10시,목요일,강원도 춘천시 신동면,경상사고,0,0,2,0,차대차 - 측면직각충돌,신호위반,건조,맑음,교차로 - 교차로안,승합,남,30세,상해없음,화물,남,66세,경상
2012112200100229,2012년 11월 22일 11시,목요일,강원도 원주시 태장동,경상사고,0,0,1,0,차대차 - 측면직각충돌,안전거리미확보,건조,맑음,교차로 - 교차로부근,화물,남,36세,상해없음,이륜,남,36세,경상
2012112200100251,2012년 11월 22일 12시,목요일,강원도 춘천시 온의동,경상사고,0,0,2,0,차대차 - 추돌 - 진행중,안전운전불이행,건조,맑음,단일로 - 기타,승용,남,30세,상해없음,승용,여,58세,경상
2012112200100252,2012년 11월 22일 12시,목요일,강원도 원주시 단구동,경상사고,0,0,3,0,차대차 - 측면직각충돌,교차로운행방법위반,건조,흐림,교차로 - 교차로안,승용,남,47세,경상,승용,남,59세,경상
2012112200100273,2012년 11월 22일 13시,목요일,강원도 원주시 신림면,경상사고,0,0,2,0,차대차 - 추돌 - 진행중,안전운전불이행,건조,맑음,단일로 - 기타,승용,남,29세,상해없음,승용,남,49세,경상
2012112200100293,2012년 11월 22일 14시,목요일,강원도 삼척시 당저동,경상사고,0,0,1,0,차대차 - 측면직각충돌,교차로운행방법위반,건조,맑음,교차로 - 교차로안,원동기,남,17세,경상,승합,남,58세,상해없음
2012112200100310,2012년 11월 22일 15시,목요일,강원도 춘천시 석사동,경상사고,0,0,1,0,차대사람 - 횡단중,보행자보호의무위반,건조,맑음,단일로 - 횡단보도상,승용,여,46세,상해없음,보행자,여,58세,경상
2012112200100311,2012년 11월 22일 15시,목요일,강원도 양구군 남면,중상사고,0,2,0,0,차량단독 - 도로외이탈 - 추락,과속,건조,흐림,단일로 - 기타,승용,남,24세,상해없음,,,,
2012112200100372,2012년 11월 22일 17시,목요일,강원도 강릉시 홍제동,경상사고,0,0,3,0,차대차 - 측면직각충돌,안전운전불이행,건조,맑음,교차로 - 교차로부근,승용,남,62세,상해없음,승용,남,53세,경상
2012112200100402,2012년 11월 22일 18시,목요일,강원도 강릉시 내곡동,경상사고,0,0,1,0,차대사람 - 기타,기타,건조,맑음,단일로 - 기타,승합,남,68세,상해없음,보행자,여,38세,경상
2012112200100403,2012년 11월 22일 18시,목요일,강원도 강릉시 강동면,경상사고,0,0,1,0,차대차 - 측면직각충돌,안전운전불이행,건조,맑음,교차로 - 교차로안,승용,여,21세,상해없음,승용,남,26세,경상
2012112200100404,2012년 11월 22일 18시,목요일,강원도 원주시 태장동,경상사고,0,0,6,0,차대차 - 추돌 - 진행중,안전거리미확보,건조,맑음,단일로 - 기타,승용,여,40세,경상,승용,여,38세,상해없음
2012112200100405,2012년 11월 22일 18시,목요일,강원도 원주시 태장동,경상사고,0,0,1,0,차대차 - 측면직각충돌,안전운전불이행,건조,맑음,교차로 - 교차로안,승용,남,68세,상해없음,이륜,남,44세,경상
2012112200100450,2012년 11월 22일 19시,목요일,강원도 평창군 봉평면,경상사고,0,0,2,0,차대차 - 측면직각충돌,신호위반,건조,흐림,교차로 - 교차로안,승합,남,57세,상해없음,승용,남,48세,경상
2012112200100483,2012년 11월 22일 20시,목요일,강원도 원주시 단구동,경상사고,0,0,1,0,차대차 - 정면충돌,직진우회전진행방해,건조,맑음,교차로 - 교차로안,승용,남,36세,상해없음,승용,남,32세,경상
2012112200100484,2012년 11월 22일 20시,목요일,강원도 동해시 대구동,중상사고,0,1,0,0,차대차 - 추돌 - 진행중,안전거리미확보,건조,맑음,단일로 - 기타,화물,남,40세,상해없음,승용,여,52세,중상
2012112200100563,2012년 11월 22일 22시,목요일,강원도 춘천시 후평동,부상신고사고,0,0,0,1,차대사람 - 길가장자리구역통행중,안전운전불이행,건조,맑음,단일로 - 기타,기타불명,기타불명,기타불명,기타불명,보행자,여,4세,부상신고
2012112200100591,2012년 11월 22일 23시,목요일,강원도 원주시 단구동,중상사고,0,1,0,0,차대차 - 측면직각충돌,안전거리미확보,건조,맑음,교차로 - 교차로부근,승용,여,32세,상해없음,승용,여,49세,중상
2012112300100045,2012년 11월 23일 02시,금요일,강원도 원주시 단계동,경상사고,0,0,1,0,차대사람 - 길가장자리구역통행중,안전운전불이행,건조,맑음,단일로 - 기타,승용,남,60세,상해없음,보행자,남,26세,경상
2012112300100126,2012년 11월 23일 07시,금요일,강원도 태백시 황지동,부상신고사고,0,0,0,1,차대차 - 측면직각충돌,교차로운행방법위반,건조,맑음,교차로 - 교차로안,승용,남,54세,상해없음,승용,여,42세,부상신고
2012112300100127,2012년 11월 23일 07시,금요일,강원도 동해시 나안동,경상사고,0,0,1,0,차대차 - 추돌 - 주정차중,안전거리미확보,건조,맑음,단일로 - 기타,화물,남,50세,상해없음,승용,남,38세,경상
2012112300100162,2012년 11월 23일 08시,금요일,강원도 강릉시 월호평동,중상사고,0,2,0,0,차대차 - 측면직각충돌,직진우회전진행방해,건조,맑음,교차로 - 교차로안,승용,남,69세,기타불명,화물,남,64세,중상
2012112300100163,2012년 11월 23일 08시,금요일,강원도 원주시 개운동,경상사고,0,0,1,0,차대사람 - 기타,안전운전불이행,건조,맑음,교차로 - 교차로부근,승용,여,52세,상해없음,보행자,여,17세,경상
2012112300100188,2012년 11월 23일 09시,금요일,강원도 강릉시 옥천동,경상사고,0,0,2,0,차대차 - 측면직각충돌,안전운전불이행,습기,비,단일로 - 교량,승용,남,32세,상해없음,화물,남,41세,경상
2012112300100189,2012년 11월 23일 09시,금요일,강원도 원주시 태장동,중상사고,0,1,0,0,차대차 - 추돌 - 진행중,안전운전불이행,건조,맑음,교차로 - 교차로안,화물,남,33세,상해없음,승용,남,51세,중상
2012112300100207,2012년 11월 23일 10시,금요일,강원도 강릉시 교동,경상사고,0,0,1,0,차대사람 - 횡단중,안전운전불이행,습기,비,단일로 - 기타,이륜,남,69세,상해없음,보행자,여,72세,경상
2012112300100208,2012년 11월 23일 10시,금요일,강원도 삼척시 정상동,경상사고,0,0,1,0,차대차 - 추돌 - 진행중,안전거리미확보,건조,흐림,교차로 - 교차로부근,화물,남,46세,상해없음,화물,여,50세,경상
2012112300100264,2012년 11월 23일 12시,금요일,강원도 원주시 단계동,경상사고,0,0,1,0,차대차 - 추돌 - 진행중,불법유턴,건조,맑음,교차로 - 교차로안,승합,남,51세,상해없음,승용,여,50세,경상
2012112300100265,2012년 11월 23일 12시,금요일,강원도 속초시 조양동,경상사고,0,0,1,0,차대차 - 측면직각충돌,교차로운행방법위반,건조,맑음,교차로 - 교차로안,승용,여,54세,상해없음,화물,남,57세,경상
2012112300100288,2012년 11월 23일 13시,금요일,강원도 춘천시 퇴계동,경상사고,0,0,2,0,차대차 - 측면직각충돌,신호위반,건조,맑음,교차로 - 교차로안,승용,남,57세,상해없음,승용,남,62세,경상
2012112300100289,2012년 11월 23일 13시,금요일,강원도 춘천시 중앙로1가,경상사고,0,0,1,0,차대사람 - 기타,보행자보호의무위반,건조,맑음,단일로 - 기타,기타불명,기타불명,기타불명,기타불명,보행자,여,20세,경상
2012112300100324,2012년 11월 23일 14시,금요일,강원도 양양군 양양읍,경상사고,0,0,1,0,차대사람 - 길가장자리구역통행중,기타,습기,비,단일로 - 기타,승용,남,67세,상해없음,보행자,여,64세,경상
2012112300100353,2012년 11월 23일 15시,금요일,강원도 삼척시 남양동,중상사고,0,1,0,0,차대사람 - 차도통행중,안전운전불이행,건조,맑음,기타 - 기타,승용,남,67세,상해없음,보행자,남,66세,중상
2012112300100385,2012년 11월 23일 16시,금요일,강원도 원주시 평원동,경상사고,0,0,1,0,차대사람 - 보도통행중,보행자보호의무위반,건조,맑음,단일로 - 기타,승용,남,70세,상해없음,보행자,여,72세,경상
2012112300100386,2012년 11월 23일 16시,금요일,강원도 속초시 청호동,경상사고,0,0,1,0,차대사람 - 길가장자리구역통행중,안전운전불이행,습기,비,교차로 - 교차로안,승용,남,43세,상해없음,보행자,남,69세,경상
2012112300100417,2012년 11월 23일 17시,금요일,강원도 양양군 현북면,경상사고,0,0,1,0,차대차 - 측면직각충돌,안전운전불이행,습기,비,단일로 - 기타,화물,남,59세,기타불명,승용,남,26세,경상
2012112300100473,2012년 11월 23일 18시,금요일,강원도 원주시 단구동,경상사고,0,0,1,0,차대사람 - 길가장자리구역통행중,보행자보호의무위반,건조,맑음,단일로 - 기타,승용,여,57세,상해없음,보행자,여,15세,경상
2012112300100474,2012년 11월 23일 18시,금요일,강원도 삼척시 정상동,중상사고,0,1,0,0,차대차 - 측면직각충돌,안전운전불이행,습기,비,교차로 - 교차로안,승합,남,42세,상해없음,원동기,남,52세,중상
2012112300100475,2012년 11월 23일 18시,금요일,강원도 영월군 주천면,중상사고,0,1,0,0,차대사람 - 기타,안전운전불이행,건조,맑음,단일로 - 기타,승용,남,54세,상해없음,보행자,여,71세,중상
2012112300100531,2012년 11월 23일 19시,금요일,강원도 강릉시 교동,경상사고,0,0,3,0,차대차 - 추돌 - 진행중,안전운전불이행,습기,비,교차로 - 교차로부근,승용,남,35세,상해없음,승용,남,36세,경상
2012112300100570,2012년 11월 23일 20시,금요일,강원도 춘천시 효자동,경상사고,0,0,1,0,차대차 - 측면직각충돌,안전운전불이행,건조,맑음,단일로 - 기타,승용,남,32세,상해없음,승용,남,46세,경상
2012112300100571,2012년 11월 23일 20시,금요일,강원도 삼척시 남양동,경상사고,0,0,2,0,차대차 - 측면직각충돌,신호위반,습기,비,교차로 - 교차로부근,승용,남,54세,상해없음,승용,남,40세,경상
2012112300100612,2012년 11월 23일 21시,금요일,강원도 강릉시 노암동,중상사고,0,1,0,0,차대차 - 측면직각충돌,신호위반,습기,비,교차로 - 교차로안,이륜,남,41세,상해없음,승용,여,29세,중상
2012112300100613,2012년 11월 23일 21시,금요일,강원도 원주시 태장동,경상사고,0,0,1,0,차대차 - 추돌 - 주정차중,안전운전불이행,건조,맑음,교차로 - 교차로부근,승용,남,43세,상해없음,승용,남,36세,경상
2012112300100614,2012년 11월 23일 21시,금요일,강원도 속초시 교동,경상사고,0,0,1,0,차대차 - 추돌 - 진행중,불법유턴,습기,비,단일로 - 기타,승용,남,47세,상해없음,이륜,남,17세,경상
2012112300100615,2012년 11월 23일 21시,금요일,강원도 횡성군 횡성읍,경상사고,0,0,3,0,차대차 - 추돌 - 주정차중,안전운전불이행,건조,맑음,교차로 - 교차로부근,승용,남,44세,상해없음,승용,여,48세,경상
2012112300100660,2012년 11월 23일 22시,금요일,강원도 춘천시 석사동,중상사고,0,2,0,0,차대사람 - 길가장자리구역통행중,안전운전불이행,건조,맑음,교차로 - 교차로안,승용,남,24세,상해없음,보행자,남,32세,중상
2012112400100016,2012년 11월 24일 00시,토요일,강원도 춘천시 후평동,중상사고,0,1,3,0,차대차 - 측면직각충돌,안전운전불이행,건조,맑음,교차로 - 교차로안,승합,남,29세,상해없음,화물,남,51세,경상
2012112400100069,2012년 11월 24일 02시,토요일,강원도 원주시 단계동,중상사고,0,1,2,0,차대사람 - 차도통행중,안전운전불이행,건조,맑음,교차로 - 교차로부근,승용,남,60세,상해없음,보행자,남,33세,경상
2012112400100112,2012년 11월 24일 05시,토요일,강원도 춘천시 효자동,중상사고,0,3,1,0,차대차 - 기타,안전운전불이행,건조,맑음,교차로 - 교차로안,승용,남,21세,상해없음,승합,남,57세,경상
2012112400100128,2012년 11월 24일 06시,토요일,강원도 춘천시 동면,경상사고,0,0,1,0,차대차 - 기타,교차로운행방법위반,건조,맑음,교차로 - 교차로안,승용,남,55세,상해없음,승용,남,42세,상해없음
2012112400100129,2012년 11월 24일 06시,토요일,강원도 원주시 지정면,중상사고,0,1,0,0,차대차 - 추돌 - 진행중,안전거리미확보,건조,맑음,단일로 - 기타,승용,여,53세,상해없음,이륜,남,68세,중상
2012112400100145,2012년 11월 24일 07시,토요일,강원도 원주시 단계동,경상사고,0,0,2,0,차대차 - 추돌 - 진행중,안전운전불이행,건조,맑음,교차로 - 교차로부근,승용,남,29세,상해없음,화물,남,44세,경상
2012112400100146,2012년 11월 24일 07시,토요일,강원도 고성군 죽왕면,부상신고사고,0,0,0,2,차량단독 - 도로외이탈 - 기타,안전운전불이행,결빙,맑음,단일로 - 기타,화물,남,59세,상해없음,,,,
2012112400100167,2012년 11월 24일 08시,토요일,강원도 춘천시 효자동,경상사고,0,0,1,0,차대차 - 측면직각충돌,안전운전불이행,건조,맑음,교차로 - 교차로안,승용,남,75세,상해없음,승용,남,66세,경상
2012112400100168,2012년 11월 24일 08시,토요일,강원도 강릉시 노암동,경상사고,0,0,1,0,차대차 - 정면충돌,중앙선침범,건조,맑음,교차로 - 교차로안,승용,여,23세,상해없음,승용,여,41세,경상
2012112400100221,2012년 11월 24일 10시,토요일,강원도 강릉시 옥천동,경상사고,0,0,1,0,차대차 - 추돌 - 진행중,안전운전불이행,건조,맑음,교차로 - 교차로부근,승용,여,42세,상해없음,승용,여,58세,경상
2012112400100259,2012년 11월 24일 11시,토요일,강원도 강릉시 노암동,중상사고,0,1,2,0,차대차 - 측면직각충돌,신호위반,건조,맑음,교차로 - 교차로안,승용,여,47세,상해없음,승용,여,43세,경상
2012112400100317,2012년 11월 24일 13시,토요일,강원도 평창군 진부면,중상사고,0,4,0,1,차대차 - 측면직각충돌,중앙선침범,건조,맑음,단일로 - 교량,화물,남,51세,중상,승용,남,50세,중상
2012112400100318,2012년 11월 24일 13시,토요일,강원도 동해시 망상동,중상사고,0,3,0,0,차대차 - 기타,직진우회전진행방해,건조,맑음,교차로 - 교차로안,승용,여,53세,상해없음,승용,남,29세,중상
2012112400100319,2012년 11월 24일 13시,토요일,강원도 동해시 단봉동,중상사고,0,1,0,0,차대차 - 기타,안전운전불이행,건조,맑음,단일로 - 기타,승용,여,47세,상해없음,원동기,남,52세,중상
2012112400100386,2012년 11월 24일 15시,토요일,강원도 강릉시 포남동,경상사고,0,0,1,0,차대사람 - 횡단중,보행자보호의무위반,건조,맑음,단일로 - 기타,승용,남,57세,상해없음,보행자,남,15세,경상
2012112400100387,2012년 11월 24일 15시,토요일,강원도 평창군 대관령면,중상사고,0,1,0,0,차대차 - 측면직각충돌,안전운전불이행,건조,맑음,교차로 - 교차로안,승용,남,40세,상해없음,승용,남,45세,중상
2012112400100388,2012년 11월 24일 15시,토요일,강원도 평창군 용평면,중상사고,0,2,0,0,차대차 - 측면직각충돌,안전운전불이행,건조,맑음,단일로 - 기타,승용,남,22세,상해없음,승용,남,31세,중상
2012112400100450,2012년 11월 24일 17시,토요일,강원도 평창군 진부면,중상사고,0,1,0,0,차대차 - 측면직각충돌,안전운전불이행,건조,흐림,교차로 - 교차로안,승용,여,54세,중상,승용,여,47세,상해없음
2012112400100486,2012년 11월 24일 18시,토요일,강원도 춘천시 석사동,중상사고,0,1,0,0,차대차 - 추돌 - 진행중,안전거리미확보,건조,맑음,단일로 - 기타,화물,남,39세,상해없음,승용,남,60세,상해없음
2012112400100487,2012년 11월 24일 18시,토요일,강원도 강릉시 교동,경상사고,0,0,1,0,차대사람 - 기타,안전운전불이행,건조,맑음,단일로 - 기타,승용,남,62세,상해없음,보행자,남,37세,경상
2012112400100528,2012년 11월 24일 19시,토요일,강원도 원주시 단계동,중상사고,0,1,0,0,차대차 - 기타,안전운전불이행,건조,맑음,단일로 - 기타,승용,남,52세,상해없음,이륜,남,17세,중상
2012112400100558,2012년 11월 24일 20시,토요일,강원도 원주시 단구동,경상사고,0,0,3,0,차대차 - 측면직각충돌,신호위반,습기,맑음,교차로 - 교차로안,승용,남,42세,상해없음,승용,남,38세,경상
2012112400100595,2012년 11월 24일 21시,토요일,강원도 춘천시 조양동,중상사고,0,1,0,0,차대차 - 기타,안전운전불이행,건조,맑음,교차로 - 교차로안,승용,남,59세,상해없음,자전거,남,26세,중상
2012112500100022,2012년 11월 25일 00시,일요일,강원도 삼척시 남양동,중상사고,0,1,0,0,차대차 - 측면직각충돌,보행자보호의무위반,건조,맑음,단일로 - 기타,승용,남,36세,상해없음,화물,남,51세,상해없음
2012112500100073,2012년 11월 25일 03시,일요일,강원도 철원군 동송읍,중상사고,0,1,0,0,차대사람 - 차도통행중,안전운전불이행,건조,맑음,단일로 - 기타,승용,남,26세,상해없음,보행자,남,58세,중상
2012112500100104,2012년 11월 25일 06시,일요일,강원도 정선군 신동읍,중상사고,0,3,0,1,차대차 - 추돌 - 진행중,안전운전불이행,건조,맑음,단일로 - 기타,승용,남,36세,상해없음,승용,남,53세,중상
2012112500100116,2012년 11월 25일 07시,일요일,강원도 춘천시 서면,경상사고,0,0,1,0,차대차 - 추돌 - 진행중,안전거리미확보,건조,맑음,단일로 - 기타,화물,남,37세,상해없음,승용,여,34세,경상
2012112500100147,2012년 11월 25일 09시,일요일,강원도 원주시 명륜동,중상사고,0,4,1,0,차대차 - 측면직각충돌,신호위반,건조,맑음,교차로 - 교차로안,승용,남,46세,상해없음,승용,남,55세,중상
2012112500100148,2012년 11월 25일 09시,일요일,강원도 정선군 남면,중상사고,0,1,1,0,차대차 - 정면충돌,중앙선침범,건조,맑음,기타 - 기타,승용,남,54세,상해없음,승합,남,38세,경상
2012112500100164,2012년 11월 25일 10시,일요일,강원도 강릉시 교동,경상사고,0,0,1,0,차대차 - 측면직각충돌,안전운전불이행,건조,맑음,교차로 - 교차로안,승용,남,49세,상해없음,승용,여,50세,경상
2012112500100165,2012년 11월 25일 10시,일요일,강원도 속초시 청호동,경상사고,0,0,2,0,차대차 - 측면직각충돌,안전운전불이행,건조,맑음,교차로 - 교차로안,승용,남,48세,상해없음,승용,남,42세,경상
2012112500100166,2012년 11월 25일 10시,일요일,강원도 삼척시 오분동,중상사고,0,1,11,0,차대차 - 추돌 - 진행중,안전운전불이행,건조,맑음,교차로 - 교차로부근,화물,남,69세,경상,승합,남,37세,경상
2012112500100167,2012년 11월 25일 10시,일요일,강원도 동해시 천곡동,경상사고,0,0,2,0,차대차 - 기타,안전거리미확보,건조,맑음,교차로 - 교차로부근,화물,남,46세,상해없음,승용,여,60세,경상
2012112500100207,2012년 11월 25일 12시,일요일,강원도 양양군 강현면,경상사고,0,0,2,0,차대차 - 측면직각충돌,교차로운행방법위반,건조,맑음,교차로 - 교차로안,승용,남,49세,상해없음,승용,여,57세,경상
2012112500100208,2012년 11월 25일 12시,일요일,강원도 평창군 평창읍,경상사고,0,0,2,0,차대차 - 측면직각충돌,안전운전불이행,건조,맑음,교차로 - 교차로안,승용,남,37세,상해없음,승용,여,42세,경상
2012112500100233,2012년 11월 25일 13시,일요일,강원도 원주시 개운동,경상사고,0,0,1,0,차대사람 - 길가장자리구역통행중,안전운전불이행,건조,맑음,교차로 - 교차로부근,승용,여,42세,상해없음,보행자,여,46세,경상
2012112500100254,2012년 11월 25일 14시,일요일,강원도 삼척시 원덕읍,중상사고,0,1,0,0,차대차 - 측면직각충돌,안전거리미확보,건조,맑음,단일로 - 기타,특수,남,39세,상해없음,승용,여,32세,중상
2012112500100281,2012년 11월 25일 15시,일요일,강원도 춘천시 석사동,경상사고,0,0,1,0,차대차 - 추돌 - 진행중,안전거리미확보,건조,맑음,단일로 - 기타,승용,남,28세,상해없음,원동기,남,26세,경상
2012112500100282,2012년 11월 25일 15시,일요일,강원도 삼척시 오분동,경상사고,0,0,3,0,차대차 - 측면직각충돌,안전운전불이행,건조,맑음,단일로 - 기타,승용,남,44세,상해없음,승합,남,39세,경상
2012112500100316,2012년 11월 25일 16시,일요일,강원도 영월군 영월읍,중상사고,0,1,0,0,차대차 - 기타,교차로운행방법위반,건조,맑음,교차로 - 교차로안,승합,남,52세,상해없음,승용,남,57세,중상
2012112500100317,2012년 11월 25일 16시,일요일,강원도 춘천시 남면,경상사고,0,0,11,0,차대차 - 추돌 - 주정차중,안전운전불이행,건조,맑음,단일로 - 기타,승용,여,56세,상해없음,승용,남,27세,경상
2012112500100343,2012년 11월 25일 17시,일요일,강원도 강릉시 송정동,경상사고,0,0,2,0,차대차 - 추돌 - 진행중,안전거리미확보,건조,흐림,단일로 - 기타,승용,남,46세,상해없음,승용,남,53세,경상
2012112500100372,2012년 11월 25일 18시,일요일,강원도 강릉시 포남동,경상사고,0,0,1,0,차대차 - 추돌 - 진행중,안전운전불이행,건조,맑음,교차로 - 교차로부근,승용,남,55세,상해없음,승용,남,58세,상해없음
2012112500100402,2012년 11월 25일 19시,일요일,강원도 춘천시 근화동,사망사고,1,0,0,0,차대사람 - 기타,기타,건조,맑음,기타 - 기타,화물,남,24세,상해없음,보행자,남,72세,사망
2012112500100403,2012년 11월 25일 19시,일요일,강원도 원주시 우산동,중상사고,0,1,0,0,차대차 - 측면직각충돌,직진우회전진행방해,건조,맑음,교차로 - 교차로부근,승합,남,57세,상해없음,자전거,남,57세,중상