사고번호,사고일시,요일,시군구,사고내용,사망자수,중상자수,경상자수,부상신고자수,사고유형,법규위반,노면상태,기상상태,도로형태,가해운전자 차종,가해운전자 성별,가해운전자 연령,가해운전자 상해정도,피해운전자 차종,피해운전자 성별,피해운전자 연령,피해운전자 상해정도
2012112500100518,2012년 11월 25일 22시,일요일,강원도 춘천시 석사동,경상사고,0,0,1,0,차대차 - 측면직각충돌,안전거리미확보,건조,맑음,단일로 - 기타,승합,남,42세,상해없음,원동기,남,42세,경상
2012112500100519,2012년 11월 25일 22시,일요일,강원도 원주시 개운동,경상사고,0,0,2,0,차대차 - 추돌 - 주정차중,안전운전불이행,습기,비,교차로 - 교차로안,화물,남,33세,상해없음,승용,남,32세,경상
2012112500100549,2012년 11월 25일 23시,일요일,강원도 춘천시 효자동,중상사고,0,1,0,0,차대차 - 기타,중앙선침범,건조,흐림,단일로 - 기타,승용,남,53세,상해없음,원동기,남,58세,중상
2012112600100078,2012년 11월 26일 06시,월요일,강원도 강릉시 포남동,중상사고,0,1,0,0,차대사람 - 보도통행중,안전운전불이행,건조,흐림,단일로 - 기타,승용,남,52세,상해없음,보행자,여,67세,중상
2012112600100079,2012년 11월 26일 06시,월요일,강원도 양양군 현남면,중상사고,0,3,0,0,차대차 - 측면직각충돌,신호위반,건조,맑음,교차로 - 교차로안,화물,남,46세,중상,화물,남,20세,상해없음
2012112600100100,2012년 11월 26일 07시,월요일,강원도 동해시 부곡동,중상사고,0,1,0,0,차대차 - 측면직각충돌,교차로운행방법위반,건조,맑음,교차로 - 교차로안,승용,남,58세,상해없음,이륜,남,71세,중상
2012112600100132,2012년 11월 26일 08시,월요일,강원도 동해시 효가동,경상사고,0,0,1,0,차대차 - 측면직각충돌,직진우회전진행방해,건조,맑음,교차로 - 교차로안,승합,여,35세,상해없음,승용,여,44세,경상
2012112600100197,2012년 11월 26일 10시,월요일,강원도 춘천시 석사동,중상사고,0,1,1,0,차대차 - 측면직각충돌,안전운전불이행,건조,맑음,교차로 - 교차로안,화물,남,50세,상해없음,승용,남,68세,중상
2012112600100247,2012년 11월 26일 12시,월요일,강원도 원주시 우산동,중상사고,0,4,0,0,차대차 - 측면직각충돌,직진우회전진행방해,건조,맑음,교차로 - 교차로안,승용,여,31세,상해없음,화물,남,53세,중상
2012112600100248,2012년 11월 26일 12시,월요일,강원도 원주시 개운동,중상사고,0,1,0,0,차대차 - 측면직각충돌,신호위반,건조,맑음,교차로 - 교차로안,승용,여,32세,상해없음,이륜,남,28세,중상
2012112600100271,2012년 11월 26일 13시,월요일,강원도 삼척시 원덕읍,경상사고,0,0,1,0,차대차 - 정면충돌,중앙선침범,건조,맑음,단일로 - 기타,화물,남,43세,상해없음,승용,여,52세,경상
2012112600100272,2012년 11월 26일 13시,월요일,강원도 동해시 발한동,중상사고,0,1,0,0,차대사람 - 기타,안전운전불이행,건조,맑음,교차로 - 교차로부근,원동기,남,75세,상해없음,보행자,여,54세,중상
2012112600100303,2012년 11월 26일 14시,월요일,강원도 강릉시 노암동,경상사고,0,0,1,0,차대차 - 측면직각충돌,안전운전불이행,건조,맑음,교차로 - 교차로안,이륜,여,62세,경상,화물,남,71세,상해없음
2012112600100304,2012년 11월 26일 14시,월요일,강원도 영월군 영월읍,경상사고,0,0,2,0,차대차 - 측면직각충돌,직진우회전진행방해,건조,맑음,교차로 - 교차로안,승용,남,58세,상해없음,화물,남,54세,상해없음
2012112600100305,2012년 11월 26일 14시,월요일,강원도 동해시 발한동,경상사고,0,0,2,0,차대차 - 추돌 - 진행중,안전거리미확보,건조,맑음,교차로 - 교차로부근,승용,여,44세,상해없음,승용,여,50세,경상
2012112600100344,2012년 11월 26일 15시,월요일,강원도 평창군 용평면,경상사고,0,0,3,0,차대차 - 측면직각충돌,차로위반,건조,맑음,단일로 - 기타,승용,남,37세,상해없음,승용,남,35세,상해없음
2012112600100377,2012년 11월 26일 16시,월요일,강원도 강릉시 옥계면,경상사고,0,0,1,0,차대차 - 측면직각충돌,안전운전불이행,건조,맑음,단일로 - 기타,화물,남,52세,상해없음,승용,남,62세,경상
2012112600100378,2012년 11월 26일 16시,월요일,강원도 영월군 수주면,경상사고,0,0,1,0,차대차 - 정면충돌,안전운전불이행,건조,맑음,단일로 - 기타,화물,남,76세,상해없음,승용,여,60세,경상
2012112600100415,2012년 11월 26일 17시,월요일,강원도 춘천시 후평동,중상사고,0,1,0,0,차대사람 - 기타,신호위반,건조,맑음,교차로 - 교차로안,승용,여,54세,상해없음,보행자,남,13세,중상
2012112600100416,2012년 11월 26일 17시,월요일,강원도 춘천시 퇴계동,경상사고,0,0,1,0,차대사람 - 기타,보행자보호의무위반,건조,맑음,단일로 - 횡단보도상,기타불명,기타불명,기타불명,기타불명,보행자,여,36세,경상
2012112600100417,2012년 11월 26일 17시,월요일,강원도 동해시 부곡동,경상사고,0,0,1,0,차대사람 - 길가장자리구역통행중,안전운전불이행,건조,맑음,교차로 - 교차로안,승합,여,57세,기타불명,보행자,여,24세,경상
2012112600100459,2012년 11월 26일 18시,월요일,강원도 강릉시 교동,경상사고,0,0,3,0,차대차 - 측면직각충돌,신호위반,건조,맑음,교차로 - 교차로안,승용,여,42세,상해없음,승용,남,30세,경상
2012112600100460,2012년 11월 26일 18시,월요일,강원도 원주시 소초면,경상사고,0,0,1,0,차대차 - 측면직각충돌,교차로운행방법위반,건조,맑음,교차로 - 교차로부근,승용,남,56세,상해없음,승용,여,58세,경상
2012112600100461,2012년 11월 26일 18시,월요일,강원도 원주시 명륜동,사망사고,1,0,0,0,차대사람 - 길가장자리구역통행중,안전운전불이행,건조,맑음,단일로 - 기타,화물,남,54세,상해없음,보행자,남,41세,사망
2012112600100513,2012년 11월 26일 19시,월요일,강원도 원주시 명륜동,경상사고,0,0,1,1,차대차 - 추돌 - 진행중,안전운전불이행,건조,맑음,단일로 - 기타,승합,남,47세,상해없음,승용,여,29세,경상
2012112600100544,2012년 11월 26일 20시,월요일,강원도 강릉시 연곡면,경상사고,0,0,1,0,차량단독 - 공작물충돌,안전운전불이행,건조,맑음,단일로 - 기타,승합,남,50세,상해없음,,,,
2012112600100545,2012년 11월 26일 20시,월요일,강원도 원주시 문막읍,경상사고,0,0,1,0,차대차 - 측면직각충돌,중앙선침범,건조,맑음,교차로 - 교차로안,화물,남,53세,상해없음,승합,남,54세,경상
2012112600100615,2012년 11월 26일 22시,월요일,강원도 강릉시 노암동,중상사고,0,1,0,0,차대사람 - 횡단중,신호위반,건조,맑음,단일로 - 횡단보도상,승용,남,34세,상해없음,보행자,남,38세,중상
2012112700100012,2012년 11월 27일 00시,화요일,강원도 홍천군 남면,중상사고,0,1,0,0,차량단독 - 도로외이탈 - 기타,안전운전불이행,건조,맑음,단일로 - 기타,승용,남,34세,중상,,,,
2012112700100054,2012년 11월 27일 04시,화요일,강원도 태백시 장성동,사망사고,1,0,0,0,차대사람 - 보도통행중,보행자보호의무위반,건조,맑음,단일로 - 기타,승용,남,40세,상해없음,보행자,남,63세,사망
2012112700100080,2012년 11월 27일 06시,화요일,강원도 춘천시 우두동,사망사고,1,0,0,0,차량단독 - 기타,안전운전불이행,건조,맑음,단일로 - 기타,승용,남,61세,사망,,,,
2012112700100152,2012년 11월 27일 08시,화요일,강원도 원주시 학성동,경상사고,0,0,1,0,차대차 - 기타,불법유턴,건조,맑음,교차로 - 교차로부근,승용,남,38세,상해없음,원동기,남,71세,경상
2012112700100153,2012년 11월 27일 08시,화요일,강원도 동해시 효가동,중상사고,0,1,0,0,차대차 - 측면직각충돌,안전거리미확보,건조,맑음,단일로 - 기타,화물,남,49세,상해없음,승용,남,51세,상해없음
2012112700100209,2012년 11월 27일 10시,화요일,강원도 원주시 소초면,중상사고,0,2,1,0,차대차 - 측면직각충돌,안전운전불이행,건조,맑음,교차로 - 교차로안,승합,남,62세,상해없음,승용,남,44세,중상
2012112700100235,2012년 11월 27일 11시,화요일,강원도 영월군 수주면,사망사고,1,0,0,0,차량단독 - 전도전복,안전운전불이행,건조,기타,단일로 - 기타,이륜,남,45세,사망,,,,
2012112700100260,2012년 11월 27일 12시,화요일,강원도 강릉시 옥천동,경상사고,0,0,1,0,차대차 - 추돌 - 진행중,안전운전불이행,건조,맑음,단일로 - 기타,승용,남,53세,상해없음,화물,남,42세,경상
2012112700100261,2012년 11월 27일 12시,화요일,강원도 강릉시 명주동,중상사고,0,1,0,0,차대사람 - 기타,기타,건조,맑음,교차로 - 교차로안,승용,남,54세,상해없음,보행자,여,87세,중상
2012112700100262,2012년 11월 27일 12시,화요일,강원도 원주시 태장동,중상사고,0,1,5,0,차대차 - 측면직각충돌,교차로운행방법위반,건조,맑음,교차로 - 교차로안,승용,남,41세,상해없음,승용,남,27세,경상
2012112700100319,2012년 11월 27일 14시,화요일,강원도 춘천시 퇴계동,경상사고,0,0,1,0,차대차 - 측면직각충돌,신호위반,건조,맑음,교차로 - 교차로안,승용,여,37세,상해없음,원동기,남,41세,경상
2012112700100320,2012년 11월 27일 14시,화요일,강원도 강릉시 포남동,경상사고,0,0,1,0,차대사람 - 횡단중,신호위반,건조,맑음,단일로 - 횡단보도상,원동기,남,48세,상해없음,보행자,여,73세,경상
2012112700100321,2012년 11월 27일 14시,화요일,강원도 강릉시 사천면,중상사고,0,1,0,0,차대사람 - 기타,안전운전불이행,건조,맑음,교차로 - 교차로부근,승용,남,56세,상해없음,보행자,여,77세,중상
2012112700100322,2012년 11월 27일 14시,화요일,강원도 평창군 대관령면,중상사고,0,1,3,0,차대차 - 측면직각충돌,안전운전불이행,건조,맑음,교차로 - 교차로안,승용,남,35세,상해없음,승용,남,51세,경상
2012112700100357,2012년 11월 27일 15시,화요일,강원도 춘천시 남면,경상사고,0,0,2,0,차대차 - 측면직각충돌,안전운전불이행,건조,맑음,단일로 - 기타,승합,남,43세,상해없음,화물,남,53세,경상
2012112700100358,2012년 11월 27일 15시,화요일,강원도 춘천시 동면,경상사고,0,0,1,0,차대차 - 추돌 - 주정차중,안전운전불이행,건조,맑음,단일로 - 기타,승용,남,55세,상해없음,화물,남,51세,경상
2012112700100359,2012년 11월 27일 15시,화요일,강원도 화천군 하남면,중상사고,0,3,0,1,차대차 - 정면충돌,중앙선침범,건조,맑음,단일로 - 터널,화물,남,63세,부상신고,화물,남,47세,중상
2012112700100415,2012년 11월 27일 17시,화요일,강원도 춘천시 석사동,경상사고,0,0,2,0,차대사람 - 횡단중,안전운전불이행,건조,맑음,단일로 - 기타,승용,여,27세,상해없음,보행자,여,14세,경상
2012112700100416,2012년 11월 27일 17시,화요일,강원도 강릉시 옥천동,중상사고,0,1,0,0,차대사람 - 횡단중,안전운전불이행,건조,맑음,단일로 - 기타,화물,남,50세,상해없음,보행자,여,63세,중상
2012112700100460,2012년 11월 27일 18시,화요일,강원도 원주시 단계동,경상사고,0,0,7,0,차대차 - 추돌 - 진행중,안전거리미확보,건조,맑음,단일로 - 기타,승용,남,66세,상해없음,승용,여,48세,경상
2012112700100461,2012년 11월 27일 18시,화요일,강원도 원주시 원동,경상사고,0,0,1,0,차대차 - 기타,안전운전불이행,건조,맑음,단일로 - 기타,승용,남,23세,상해없음,승용,남,37세,경상
2012112700100462,2012년 11월 27일 18시,화요일,강원도 인제군 기린면,중상사고,0,1,0,0,차대사람 - 횡단중,안전운전불이행,건조,맑음,기타 - 기타,화물,남,51세,상해없음,보행자,남,77세,중상
2012112700100463,2012년 11월 27일 18시,화요일,강원도 고성군 거진읍,사망사고,1,0,0,0,차대차 - 추돌 - 진행중,안전운전불이행,건조,맑음,단일로 - 기타,화물,남,71세,상해없음,승용,남,55세,상해없음
2012112700100554,2012년 11월 27일 20시,화요일,강원도 원주시 태장동,경상사고,0,0,1,0,차대차 - 추돌 - 주정차중,안전거리미확보,건조,맑음,단일로 - 기타,승용,남,21세,상해없음,승용,남,49세,경상
2012112700100583,2012년 11월 27일 21시,화요일,강원도 춘천시 온의동,경상사고,0,0,1,0,차대차 - 추돌 - 주정차중,안전운전불이행,건조,맑음,단일로 - 기타,승용,남,51세,상해없음,승용,남,43세,경상
2012112700100637,2012년 11월 27일 23시,화요일,강원도 원주시 원동,중상사고,0,1,0,0,차대사람 - 횡단중,보행자보호의무위반,건조,맑음,단일로 - 횡단보도상,승용,남,46세,상해없음,보행자,남,70세,중상
2012112800100055,2012년 11월 28일 05시,수요일,강원도 춘천시 동면,중상사고,0,2,0,0,차대차 - 측면직각충돌,직진우회전진행방해,건조,맑음,교차로 - 교차로안,화물,남,55세,중상,승용,남,40세,중상
2012112800100069,2012년 11월 28일 06시,수요일,강원도 춘천시 동면,경상사고,0,0,1,0,차대사람 - 기타,안전운전불이행,건조,맑음,단일로 - 기타,승용,남,40세,상해없음,보행자,여,73세,경상
2012112800100123,2012년 11월 28일 08시,수요일,강원도 원주시 부론면,경상사고,0,0,1,0,차량단독 - 공작물충돌,안전운전불이행,건조,맑음,단일로 - 기타,승합,남,51세,상해없음,,,,
2012112800100124,2012년 11월 28일 08시,수요일,강원도 홍천군 홍천읍,경상사고,0,0,1,0,차량단독 - 공작물충돌,안전운전불이행,결빙,흐림,단일로 - 기타,화물,남,60세,상해없음,,,,
2012112800100125,2012년 11월 28일 08시,수요일,강원도 화천군 화천읍,경상사고,0,0,2,0,차대차 - 측면직각충돌,신호위반,습기,비,교차로 - 교차로안,화물,남,52세,상해없음,승용,남,47세,경상
2012112800100187,2012년 11월 28일 10시,수요일,강원도 춘천시 남면,경상사고,0,0,2,0,차대차 - 측면직각충돌,교차로운행방법위반,건조,흐림,교차로 - 교차로안,승용,남,50세,상해없음,승용,남,39세,경상
2012112800100214,2012년 11월 28일 11시,수요일,강원도 강릉시 교동,경상사고,0,0,1,0,차대차 - 측면직각충돌,교차로운행방법위반,건조,맑음,교차로 - 교차로안,승용,남,44세,상해없음,승용,여,38세,경상
2012112800100246,2012년 11월 28일 12시,수요일,강원도 춘천시 효자동,부상신고사고,0,0,0,1,차대차 - 측면직각충돌,안전운전불이행,습기,맑음,교차로 - 교차로안,승용,남,38세,상해없음,승용,남,41세,부상신고
2012112800100247,2012년 11월 28일 12시,수요일,강원도 속초시 노학동,경상사고,0,0,1,0,차대차 - 측면직각충돌,신호위반,건조,맑음,교차로 - 교차로안,승합,남,32세,상해없음,승용,여,56세,경상
2012112800100248,2012년 11월 28일 12시,수요일,강원도 동해시 천곡동,경상사고,0,0,1,0,차대차 - 추돌 - 진행중,안전거리미확보,건조,맑음,단일로 - 기타,승용,남,69세,상해없음,화물,남,63세,상해없음
2012112800100261,2012년 11월 28일 13시,수요일,강원도 강릉시 성남동,경상사고,0,0,1,0,차대사람 - 횡단중,보행자보호의무위반,건조,맑음,교차로 - 교차로부근,승용,남,64세,상해없음,보행자,여,52세,경상
2012112800100262,2012년 11월 28일 13시,수요일,강원도 영월군 주천면,중상사고,0,1,0,0,차량단독 - 도로외이탈 - 추락,안전운전불이행,결빙,비,단일로 - 기타,승용,남,53세,상해없음,,,,
2012112800100387,2012년 11월 28일 17시,수요일,강원도 원주시 단계동,중상사고,0,1,1,0,차대차 - 측면직각충돌,신호위반,건조,흐림,교차로 - 교차로안,이륜,남,40세,중상,승용,여,29세,경상
2012112800100489,2012년 11월 28일 19시,수요일,강원도 춘천시 석사동,중상사고,0,1,0,0,차대차 - 측면직각충돌,신호위반,건조,맑음,교차로 - 교차로안,승용,여,55세,상해없음,승용,여,37세,중상
2012112800100528,2012년 11월 28일 20시,수요일,강원도 춘천시 효자동,중상사고,0,1,1,0,차대차 - 추돌 - 진행중,안전운전불이행,건조,맑음,단일로 - 기타,승용,남,36세,상해없음,승용,남,60세,중상
2012112800100589,2012년 11월 28일 22시,수요일,강원도 철원군 동송읍,중상사고,0,1,0,0,차대사람 - 횡단중,보행자보호의무위반,건조,맑음,단일로 - 기타,승용,남,66세,상해없음,보행자,남,36세,중상
2012112900100080,2012년 11월 29일 06시,목요일,강원도 강릉시 홍제동,경상사고,0,0,1,0,차량단독 - 공작물충돌,안전운전불이행,건조,맑음,단일로 - 기타,승용,남,55세,상해없음,,,,
2012112900100106,2012년 11월 29일 07시,목요일,강원도 춘천시 동내면,사망사고,1,0,0,0,차량단독 - 공작물충돌,안전운전불이행,건조,맑음,단일로 - 기타,승용,남,27세,사망,,,,
2012112900100135,2012년 11월 29일 08시,목요일,강원도 춘천시 근화동,경상사고,0,0,2,0,차대차 - 측면직각충돌,안전운전불이행,건조,맑음,단일로 - 기타,화물,여,41세,상해없음,화물,남,51세,경상
2012112900100136,2012년 11월 29일 08시,목요일,강원도 강릉시 입암동,경상사고,0,0,2,0,차대차 - 측면직각충돌,안전운전불이행,건조,맑음,교차로 - 교차로안,승용,여,60세,경상,승용,여,29세,경상
2012112900100137,2012년 11월 29일 08시,목요일,강원도 원주시 문막읍,중상사고,0,1,1,0,차량단독 - 공작물충돌,안전운전불이행,건조,맑음,단일로 - 기타,승합,남,54세,상해없음,,,,
2012112900100161,2012년 11월 29일 09시,목요일,강원도 고성군 현내면,중상사고,0,1,1,0,차대차 - 기타,안전운전불이행,건조,맑음,단일로 - 기타,건설기계,남,50세,상해없음,승합,남,42세,상해없음
2012112900100212,2012년 11월 29일 11시,목요일,강원도 원주시 관설동,경상사고,0,0,1,0,차대사람 - 기타,안전운전불이행,건조,맑음,단일로 - 기타,승용,남,60세,상해없음,보행자,여,50세,경상
2012112900100213,2012년 11월 29일 11시,목요일,강원도 동해시 천곡동,경상사고,0,0,2,0,차대차 - 기타,신호위반,건조,맑음,교차로 - 교차로안,화물,남,67세,상해없음,승용,남,56세,경상
2012112900100261,2012년 11월 29일 13시,목요일,강원도 철원군 서면,경상사고,0,0,2,0,차대차 - 측면직각충돌,교차로운행방법위반,건조,맑음,교차로 - 교차로안,승용,남,66세,상해없음,승용,여,34세,경상
2012112900100321,2012년 11월 29일 15시,목요일,강원도 강릉시 임당동,중상사고,0,1,0,0,차대사람 - 횡단중,안전운전불이행,건조,맑음,단일로 - 기타,승용,남,41세,상해없음,보행자,여,82세,중상
2012112900100389,2012년 11월 29일 17시,목요일,강원도 강릉시 포남동,사망사고,1,0,0,0,차대사람 - 횡단중,안전운전불이행,건조,맑음,단일로 - 기타,승용,여,65세,상해없음,보행자,여,65세,사망
2012112900100468,2012년 11월 29일 19시,목요일,강원도 강릉시 죽헌동,사망사고,1,0,0,0,차대사람 - 길가장자리구역통행중,안전운전불이행,건조,맑음,단일로 - 기타,화물,남,63세,상해없음,보행자,남,77세,사망
2012112900100469,2012년 11월 29일 19시,목요일,강원도 원주시 명륜동,중상사고,0,1,0,0,차대사람 - 기타,안전운전불이행,건조,기타,교차로 - 교차로안,승합,남,58세,상해없음,보행자,남,52세,중상
2012112900100470,2012년 11월 29일 19시,목요일,강원도 삼척시 성내동,중상사고,0,1,0,0,차대사람 - 횡단중,보행자보호의무위반,건조,맑음,단일로 - 횡단보도상,승용,남,38세,상해없음,보행자,남,75세,중상
2012112900100501,2012년 11월 29일 20시,목요일,강원도 홍천군 화촌면,경상사고,0,0,1,0,차대차 - 기타,안전운전불이행,건조,맑음,교차로 - 교차로부근,승합,남,64세,상해없음,승용,여,31세,경상
2012112900100577,2012년 11월 29일 22시,목요일,강원도 강릉시 금학동,경상사고,0,0,4,0,차대차 - 측면직각충돌,신호위반,건조,맑음,교차로 - 교차로안,승용,여,44세,상해없음,승용,남,57세,경상
2012113000100007,2012년 11월 30일 00시,금요일,강원도 화천군 상서면,중상사고,0,2,0,0,차량단독 - 공작물충돌,안전운전불이행,건조,맑음,단일로 - 기타,승용,남,23세,중상,,,,
2012113000100061,2012년 11월 30일 04시,금요일,강원도 춘천시 근화동,경상사고,0,0,1,0,차대차 - 측면직각충돌,안전운전불이행,건조,맑음,교차로 - 교차로안,승용,남,30세,상해없음,승용,남,35세,경상
2012113000100082,2012년 11월 30일 06시,금요일,강원도 춘천시 후평동,경상사고,0,0,2,0,차대차 - 측면직각충돌,직진우회전진행방해,건조,맑음,교차로 - 교차로안,승용,남,54세,상해없음,승용,여,55세,경상
2012113000100098,2012년 11월 30일 07시,금요일,강원도 삼척시 정상동,경상사고,0,0,1,0,차대사람 - 기타,안전운전불이행,건조,맑음,기타 - 기타,화물,남,46세,상해없음,보행자,남,48세,경상
2012113000100127,2012년 11월 30일 08시,금요일,강원도 춘천시 퇴계동,경상사고,0,0,1,0,차대사람 - 보도통행중,보행자보호의무위반,건조,맑음,단일로 - 기타,승합,남,41세,기타불명,보행자,남,18세,경상
2012113000100168,2012년 11월 30일 10시,금요일,강원도 춘천시 퇴계동,경상사고,0,0,1,0,차대차 - 추돌 - 진행중,안전거리미확보,건조,맑음,단일로 - 기타,승용,남,53세,상해없음,승용,여,44세,경상
2012113000100185,2012년 11월 30일 11시,금요일,강원도 강릉시 교동,중상사고,0,1,0,0,차대차 - 측면직각충돌,기타,건조,맑음,교차로 - 교차로안,화물,남,61세,상해없음,원동기,남,81세,중상
2012113000100210,2012년 11월 30일 12시,금요일,강원도 원주시 우산동,경상사고,0,0,1,0,차대차 - 측면직각충돌,안전운전불이행,건조,맑음,교차로 - 교차로안,화물,남,24세,상해없음,승용,여,56세,경상
2012113000100211,2012년 11월 30일 12시,금요일,강원도 홍천군 홍천읍,경상사고,0,0,1,0,차대차 - 기타,안전운전불이행,건조,맑음,교차로 - 교차로부근,승용,남,20세,상해없음,자전거,여,62세,경상
2012113000100286,2012년 11월 30일 15시,금요일,강원도 원주시 단계동,경상사고,0,0,1,0,차대차 - 측면직각충돌,안전운전불이행,건조,맑음,교차로 - 교차로부근,승용,여,29세,상해없음,자전거,남,42세,경상
2012113000100314,2012년 11월 30일 16시,금요일,강원도 평창군 평창읍,중상사고,0,1,5,0,차대차 - 추돌 - 주정차중,안전운전불이행,건조,맑음,단일로 - 기타,화물,남,41세,상해없음,승용,남,40세,경상
2012113000100351,2012년 11월 30일 17시,금요일,강원도 강릉시 운산동,중상사고,0,1,0,0,차대차 - 추돌 - 진행중,안전운전불이행,건조,맑음,단일로 - 기타,화물,남,66세,상해없음,이륜,남,73세,중상
2012113000100352,2012년 11월 30일 17시,금요일,강원도 원주시 무실동,경상사고,0,0,3,0,차대차 - 추돌 - 진행중,안전거리미확보,건조,맑음,단일로 - 기타,화물,남,54세,경상,승용,남,46세,경상
2012113000100353,2012년 11월 30일 17시,금요일,강원도 삼척시 가곡면,경상사고,0,0,1,0,차대차 - 측면직각충돌,중앙선침범,건조,맑음,단일로 - 기타,화물,남,50세,상해없음,화물,남,55세,경상
2012113000100495,2012년 11월 30일 20시,금요일,강원도 강릉시 교동,중상사고,0,1,1,0,차대사람 - 길가장자리구역통행중,중앙선침범,건조,맑음,단일로 - 기타,원동기,남,18세,상해없음,보행자,여,20세,중상
2012113000100496,2012년 11월 30일 20시,금요일,강원도 정선군 고한읍,중상사고,0,1,0,0,차대사람 - 차도통행중,안전운전불이행,습기,맑음,교차로 - 교차로안,승용,여,30세,상해없음,보행자,여,24세,중상
2012113000100538,2012년 11월 30일 21시,금요일,강원도 춘천시 효자동,경상사고,0,0,3,0,차대차 - 측면직각충돌,안전운전불이행,건조,맑음,교차로 - 교차로안,승용,여,51세,상해없음,승용,남,30세,경상
2012113000100539,2012년 11월 30일 21시,금요일,강원도 춘천시 후평동,경상사고,0,0,2,0,차대차 - 추돌 - 진행중,안전거리미확보,건조,맑음,단일로 - 기타,승용,남,44세,상해없음,승용,남,31세,경상
2012113000100580,2012년 11월 30일 22시,금요일,강원도 춘천시 석사동,경상사고,0,0,1,0,차대차 - 추돌 - 주정차중,안전운전불이행,건조,맑음,교차로 - 교차로부근,승용,여,39세,상해없음,승용,남,27세,경상
2012113000100581,2012년 11월 30일 22시,금요일,강원도 홍천군 홍천읍,경상사고,0,0,2,0,차대차 - 측면직각충돌,안전운전불이행,결빙,눈,단일로 - 기타,승합,남,22세,경상,승합,남,47세,경상
2012113000100622,2012년 11월 30일 23시,금요일,강원도 원주시 단계동,중상사고,0,1,0,0,차대차 - 측면직각충돌,직진우회전진행방해,건조,맑음,교차로 - 교차로안,승용,남,55세,상해없음,이륜,남,19세,중상
2012120100100016,2012년 12월 1일 00시,토요일,강원도 춘천시 온의동,경상사고,0,0,1,0,차대차 - 추돌 - 주정차중,안전거리미확보,건조,맑음,교차로 - 교차로부근,승용,남,26세,상해없음,승용,여,33세,경상
2012120100100051,2012년 12월 1일 01시,토요일,강원도 평창군 평창읍,중상사고,0,1,0,0,차대차 - 측면직각충돌,중앙선침범,건조,맑음,단일로 - 기타,승용,여,35세,상해없음,화물,여,49세,중상
2012120100100098,2012년 12월 1일 03시,토요일,강원도 원주시 무실동,중상사고,0,2,0,0,차대차 - 측면직각충돌,신호위반,건조,맑음,교차로 - 교차로안,승용,남,30세,상해없음,승용,남,30세,중상
2012120100100174,2012년 12월 1일 08시,토요일,강원도 삼척시 교동,중상사고,0,1,0,0,차대차 - 추돌 - 주정차중,안전운전불이행,적설,눈,단일로 - 기타,승용,남,30세,상해없음,승용,남,60세,상해없음
2012120100100175,2012년 12월 1일 08시,토요일,강원도 삼척시 원덕읍,경상사고,0,0,5,0,차대차 - 추돌 - 진행중,안전운전불이행,적설,눈,단일로 - 교량,승용,남,39세,경상,화물,남,47세,경상
2012120100100198,2012년 12월 1일 09시,토요일,강원도 강릉시 옥천동,경상사고,0,0,2,0,차대차 - 측면직각충돌,안전운전불이행,건조,맑음,교차로 - 교차로안,승용,남,47세,상해없음,승용,남,52세,경상
2012120100100199,2012년 12월 1일 09시,토요일,강원도 화천군 상서면,중상사고,0,1,0,1,차량단독 - 전도전복,안전운전불이행,결빙,맑음,단일로 - 기타,승용,남,26세,부상신고,,,,
2012120100100233,2012년 12월 1일 10시,토요일,강원도 동해시 망상동,경상사고,0,0,1,0,차량단독 - 공작물충돌,안전운전불이행,적설,눈,단일로 - 기타,화물,남,67세,상해없음,,,,
2012120100100258,2012년 12월 1일 11시,토요일,강원도 강릉시 입암동,경상사고,0,0,3,0,차대차 - 측면직각충돌,중앙선침범,건조,맑음,단일로 - 기타,승용,남,52세,상해없음,승용,남,29세,경상
2012120100100259,2012년 12월 1일 11시,토요일,강원도 원주시 명륜동,경상사고,0,0,1,0,차대사람 - 횡단중,안전운전불이행,건조,맑음,교차로 - 교차로부근,승용,여,32세,상해없음,보행자,여,8세,경상
2012120100100260,2012년 12월 1일 11시,토요일,강원도 속초시 조양동,경상사고,0,0,2,0,차대차 - 기타,안전운전불이행,건조,맑음,단일로 - 기타,기타불명,기타불명,기타불명,기타불명,이륜,남,54세,경상
2012120100100261,2012년 12월 1일 11시,토요일,강원도 평창군 용평면,경상사고,0,0,2,0,차대차 - 측면직각충돌,안전운전불이행,건조,맑음,교차로 - 교차로안,승용,여,32세,상해없음,승용,여,39세,경상
2012120100100294,2012년 12월 1일 12시,토요일,강원도 영월군 영월읍,중상사고,0,1,0,0,차대사람 - 횡단중,안전운전불이행,건조,맑음,단일로 - 기타,승용,남,29세,상해없음,보행자,남,4세,중상
2012120100100295,2012년 12월 1일 12시,토요일,강원도 강릉시 강동면,중상사고,0,2,0,0,차대차 - 추돌 - 주정차중,안전운전불이행,적설,눈,단일로 - 기타,승용,남,42세,상해없음,승용,남,53세,중상
2012120100100318,2012년 12월 1일 13시,토요일,강원도 태백시 황지동,경상사고,0,0,1,0,차대차 - 측면직각충돌,신호위반,습기,흐림,교차로 - 교차로안,승합,남,72세,상해없음,승용,남,52세,경상