사고번호,사고일시,요일,시군구,사고내용,사망자수,중상자수,경상자수,부상신고자수,사고유형,법규위반,노면상태,기상상태,도로형태,가해운전자 차종,가해운전자 성별,가해운전자 연령,가해운전자 상해정도,피해운전자 차종,피해운전자 성별,피해운전자 연령,피해운전자 상해정도
2012120100100344,2012년 12월 1일 14시,토요일,강원도 원주시 태장동,경상사고,0,0,1,0,차대차 - 추돌 - 진행중,안전거리미확보,건조,맑음,단일로 - 기타,승용,남,64세,상해없음,승용,여,37세,경상
2012120100100381,2012년 12월 1일 15시,토요일,강원도 춘천시 후평동,경상사고,0,0,1,0,차대차 - 측면직각충돌,신호위반,건조,맑음,교차로 - 교차로안,승용,남,43세,상해없음,원동기,남,54세,경상
2012120100100416,2012년 12월 1일 16시,토요일,강원도 강릉시 왕산면,중상사고,0,1,0,0,차량단독 - 공작물충돌,안전운전불이행,습기,눈,단일로 - 기타,화물,남,57세,상해없음,,,,
2012120100100417,2012년 12월 1일 16시,토요일,강원도 평창군 대관령면,경상사고,0,0,2,0,차대차 - 측면직각충돌,안전운전불이행,건조,맑음,단일로 - 기타,승용,남,54세,상해없음,승용,남,60세,경상
2012120100100455,2012년 12월 1일 17시,토요일,강원도 원주시 문막읍,경상사고,0,0,6,0,차대차 - 추돌 - 주정차중,안전거리미확보,건조,맑음,단일로 - 기타,승용,남,47세,상해없음,승용,남,50세,경상
2012120100100456,2012년 12월 1일 17시,토요일,강원도 삼척시 남양동,경상사고,0,0,1,0,차대차 - 측면직각충돌,안전운전불이행,습기,흐림,교차로 - 교차로안,승용,여,39세,상해없음,원동기,남,24세,경상
2012120100100511,2012년 12월 1일 18시,토요일,강원도 강릉시 대전동,중상사고,0,1,3,0,차대차 - 추돌 - 진행중,안전운전불이행,결빙,흐림,단일로 - 기타,승용,남,26세,상해없음,승용,남,48세,경상
2012120100100512,2012년 12월 1일 18시,토요일,강원도 강릉시 운산동,경상사고,0,0,1,0,차대차 - 추돌 - 주정차중,안전거리미확보,결빙,눈,단일로 - 교량,화물,남,55세,상해없음,화물,남,42세,경상
2012120100100513,2012년 12월 1일 18시,토요일,강원도 강릉시 대전동,경상사고,0,0,3,0,차대차 - 측면직각충돌,안전운전불이행,결빙,맑음,단일로 - 교량,화물,남,33세,상해없음,승용,남,58세,경상
2012120100100514,2012년 12월 1일 18시,토요일,강원도 강릉시 운산동,경상사고,0,0,1,0,차대차 - 추돌 - 주정차중,안전운전불이행,건조,맑음,단일로 - 기타,화물,남,52세,상해없음,승합,남,56세,경상
2012120100100515,2012년 12월 1일 18시,토요일,강원도 원주시 명륜동,중상사고,0,1,0,1,차대차 - 추돌 - 진행중,안전거리미확보,건조,맑음,단일로 - 기타,승용,남,37세,상해없음,승합,남,51세,부상신고
2012120100100516,2012년 12월 1일 18시,토요일,강원도 원주시 단구동,경상사고,0,0,1,0,차대사람 - 보도통행중,보행자보호의무위반,건조,맑음,단일로 - 횡단보도상,승용,남,56세,상해없음,보행자,남,33세,경상
2012120100100517,2012년 12월 1일 18시,토요일,강원도 속초시 조양동,경상사고,0,0,1,0,차대차 - 측면직각충돌,교차로운행방법위반,건조,맑음,교차로 - 교차로안,승용,남,50세,상해없음,승용,남,41세,경상
2012120100100518,2012년 12월 1일 18시,토요일,강원도 양양군 현남면,경상사고,0,0,2,0,차대차 - 측면직각충돌,안전운전불이행,결빙,흐림,단일로 - 기타,승용,여,44세,상해없음,승용,남,36세,경상
2012120100100519,2012년 12월 1일 18시,토요일,강원도 삼척시 근덕면,중상사고,0,1,0,0,차대차 - 추돌 - 주정차중,안전운전불이행,결빙,흐림,단일로 - 기타,승용,남,29세,상해없음,승용,남,45세,중상
2012120100100629,2012년 12월 1일 21시,토요일,강원도 삼척시 원덕읍,경상사고,0,0,1,0,차량단독 - 전도전복,안전운전불이행,건조,흐림,단일로 - 기타,승용,남,29세,상해없음,,,,
2012120100100657,2012년 12월 1일 22시,토요일,강원도 강릉시 강문동,경상사고,0,0,2,0,차대차 - 측면직각충돌,안전운전불이행,결빙,맑음,교차로 - 교차로안,승용,남,29세,상해없음,승용,남,26세,경상
2012120100100658,2012년 12월 1일 22시,토요일,강원도 강릉시 강문동,중상사고,0,1,1,0,차대차 - 추돌 - 주정차중,안전운전불이행,결빙,흐림,교차로 - 교차로부근,승용,남,23세,상해없음,승용,남,26세,중상
2012120100100659,2012년 12월 1일 22시,토요일,강원도 원주시 문막읍,사망사고,1,0,0,0,차대차 - 추돌 - 주정차중,안전운전불이행,건조,맑음,교차로 - 교차로부근,원동기,남,16세,사망,화물,남,47세,기타불명
2012120200100011,2012년 12월 2일 00시,일요일,강원도 강릉시 송정동,중상사고,0,2,0,0,차량단독 - 공작물충돌,안전운전불이행,결빙,눈,단일로 - 기타,승용,남,22세,상해없음,,,,
2012120200100059,2012년 12월 2일 02시,일요일,강원도 홍천군 북방면,중상사고,0,2,0,0,차대사람 - 기타,안전운전불이행,건조,흐림,단일로 - 기타,승용,남,17세,상해없음,보행자,남,49세,중상
2012120200100155,2012년 12월 2일 10시,일요일,강원도 원주시 봉산동,경상사고,0,0,1,0,차대차 - 추돌 - 진행중,안전운전불이행,건조,맑음,단일로 - 기타,승용,여,26세,상해없음,승용,남,51세,경상
2012120200100179,2012년 12월 2일 11시,일요일,강원도 속초시 조양동,경상사고,0,0,3,0,차대차 - 추돌 - 주정차중,안전운전불이행,건조,맑음,교차로 - 교차로부근,승용,남,60세,상해없음,승용,남,32세,경상
2012120200100196,2012년 12월 2일 12시,일요일,강원도 강릉시 연곡면,경상사고,0,0,1,0,차대차 - 측면직각충돌,안전운전불이행,건조,맑음,단일로 - 기타,승용,남,55세,상해없음,자전거,남,22세,경상
2012120200100197,2012년 12월 2일 12시,일요일,강원도 원주시 봉산동,경상사고,0,0,1,0,차대차 - 기타,안전운전불이행,건조,흐림,단일로 - 기타,승용,남,51세,상해없음,자전거,여,17세,경상
2012120200100198,2012년 12월 2일 12시,일요일,강원도 홍천군 두촌면,사망사고,2,3,1,0,차대차 - 기타,안전운전불이행,건조,맑음,단일로 - 기타,승합,남,29세,상해없음,승합,남,36세,중상
2012120200100199,2012년 12월 2일 12시,일요일,강원도 원주시 지정면,경상사고,0,0,1,0,차대차 - 추돌 - 주정차중,안전거리미확보,건조,맑음,단일로 - 기타,승용,남,29세,경상,승용,여,42세,상해없음
2012120200100225,2012년 12월 2일 13시,일요일,강원도 인제군 인제읍,중상사고,0,3,0,0,차대차 - 측면직각충돌,안전운전불이행,건조,맑음,교차로 - 교차로안,승용,여,57세,상해없음,특수,남,60세,상해없음
2012120200100246,2012년 12월 2일 14시,일요일,강원도 강릉시 임당동,경상사고,0,0,1,0,차대사람 - 기타,기타,건조,맑음,단일로 - 기타,이륜,남,32세,상해없음,보행자,여,21세,경상
2012120200100290,2012년 12월 2일 16시,일요일,강원도 평창군 봉평면,경상사고,0,0,1,0,차대차 - 추돌 - 진행중,안전거리미확보,건조,흐림,단일로 - 터널,승용,남,48세,상해없음,승용,남,56세,경상
2012120200100320,2012년 12월 2일 17시,일요일,강원도 원주시 무실동,경상사고,0,0,2,0,차대차 - 측면직각충돌,안전운전불이행,건조,흐림,단일로 - 기타,승용,남,47세,상해없음,승용,남,29세,경상
2012120200100342,2012년 12월 2일 18시,일요일,강원도 춘천시 퇴계동,경상사고,0,0,1,0,차대차 - 추돌 - 진행중,안전운전불이행,건조,맑음,교차로 - 교차로안,승용,여,47세,상해없음,승용,남,65세,경상
2012120200100376,2012년 12월 2일 19시,일요일,강원도 춘천시 후평동,경상사고,0,0,3,0,차대차 - 정면충돌,신호위반,건조,맑음,교차로 - 교차로안,승용,남,18세,상해없음,승용,남,51세,경상
2012120200100414,2012년 12월 2일 20시,일요일,강원도 강릉시 임당동,경상사고,0,0,1,0,차대차 - 기타,안전운전불이행,건조,맑음,단일로 - 기타,승용,남,31세,상해없음,자전거,남,68세,경상
2012120200100415,2012년 12월 2일 20시,일요일,강원도 원주시 무실동,중상사고,0,1,0,0,차대사람 - 기타,안전운전불이행,건조,맑음,단일로 - 기타,승용,남,44세,상해없음,보행자,남,59세,중상
2012120200100442,2012년 12월 2일 21시,일요일,강원도 원주시 개운동,경상사고,0,0,2,0,차대차 - 추돌 - 진행중,안전운전불이행,건조,맑음,교차로 - 교차로부근,승용,남,38세,기타불명,승용,남,26세,경상
2012120300100081,2012년 12월 3일 07시,월요일,강원도 영월군 남면,경상사고,0,0,1,0,차대차 - 기타,안전운전불이행,건조,맑음,기타 - 기타,승용,남,57세,상해없음,승용,남,59세,경상
2012120300100138,2012년 12월 3일 09시,월요일,강원도 강릉시 연곡면,중상사고,0,3,0,0,차대차 - 정면충돌,중앙선침범,건조,맑음,교차로 - 교차로부근,승용,남,47세,중상,화물,남,57세,중상
2012120300100162,2012년 12월 3일 10시,월요일,강원도 원주시 단계동,중상사고,0,1,0,0,차대차 - 기타,안전운전불이행,건조,맑음,교차로 - 교차로부근,화물,남,33세,상해없음,자전거,남,89세,중상
2012120300100186,2012년 12월 3일 11시,월요일,강원도 양양군 양양읍,중상사고,0,1,0,0,차대차 - 측면직각충돌,안전운전불이행,건조,맑음,단일로 - 기타,화물,남,51세,상해없음,화물,남,54세,중상
2012120300100208,2012년 12월 3일 12시,월요일,강원도 원주시 학성동,경상사고,0,0,1,0,차대차 - 측면직각충돌,교차로운행방법위반,건조,흐림,교차로 - 교차로안,승용,남,44세,경상,화물,남,72세,상해없음
2012120300100209,2012년 12월 3일 12시,월요일,강원도 원주시 학성동,경상사고,0,0,1,0,차대차 - 측면직각충돌,교차로운행방법위반,건조,맑음,교차로 - 교차로안,승용,남,70세,상해없음,승용,남,51세,경상
2012120300100210,2012년 12월 3일 12시,월요일,강원도 철원군 갈말읍,중상사고,0,2,1,0,차대차 - 측면직각충돌,중앙선침범,적설,눈,단일로 - 기타,승용,남,52세,상해없음,승용,남,43세,중상
2012120300100245,2012년 12월 3일 13시,월요일,강원도 춘천시 북산면,중상사고,0,2,0,0,차대차 - 정면충돌,중앙선침범,기타,눈,단일로 - 기타,승용,남,55세,상해없음,화물,남,59세,중상
2012120300100246,2012년 12월 3일 13시,월요일,강원도 춘천시 신동면,경상사고,0,0,1,0,차대차 - 측면직각충돌,기타,적설,눈,단일로 - 기타,승용,여,44세,상해없음,승용,남,50세,상해없음
2012120300100247,2012년 12월 3일 13시,월요일,강원도 원주시 단계동,경상사고,0,0,3,0,차대차 - 기타,중앙선침범,건조,맑음,단일로 - 기타,원동기,남,65세,경상,승용,남,55세,경상
2012120300100271,2012년 12월 3일 14시,월요일,강원도 춘천시 효자동,경상사고,0,0,2,0,차대차 - 추돌 - 진행중,안전거리미확보,적설,눈,단일로 - 기타,승용,여,46세,상해없음,승용,남,27세,경상
2012120300100272,2012년 12월 3일 14시,월요일,강원도 원주시 우산동,경상사고,0,0,1,0,차대차 - 측면직각충돌,신호위반,습기,비,교차로 - 교차로안,승용,남,57세,상해없음,승용,남,54세,경상
2012120300100273,2012년 12월 3일 14시,월요일,강원도 원주시 일산동,중상사고,0,1,3,0,차대차 - 측면직각충돌,신호위반,건조,흐림,교차로 - 교차로안,승용,여,61세,상해없음,승용,남,56세,중상
2012120300100299,2012년 12월 3일 15시,월요일,강원도 영월군 북면,중상사고,0,1,0,0,차대차 - 정면충돌,중앙선침범,습기,맑음,단일로 - 기타,승용,여,41세,상해없음,화물,남,35세,중상
2012120300100300,2012년 12월 3일 15시,월요일,강원도 동해시 천곡동,중상사고,0,1,0,0,차대차 - 기타,안전운전불이행,건조,맑음,교차로 - 교차로부근,승용,남,40세,상해없음,자전거,남,71세,중상
2012120300100338,2012년 12월 3일 16시,월요일,강원도 정선군 고한읍,중상사고,0,1,0,0,차대사람 - 차도통행중,안전운전불이행,건조,흐림,단일로 - 기타,승용,남,41세,상해없음,보행자,여,76세,중상
2012120300100339,2012년 12월 3일 16시,월요일,강원도 동해시 발한동,경상사고,0,0,1,0,차대차 - 기타,안전운전불이행,건조,맑음,단일로 - 기타,승용,남,59세,상해없음,승용,남,27세,경상
2012120300100374,2012년 12월 3일 17시,월요일,강원도 강릉시 왕산면,중상사고,0,1,3,0,차대차 - 정면충돌,중앙선침범,적설,눈,단일로 - 기타,승용,남,36세,상해없음,화물,남,41세,경상
2012120300100413,2012년 12월 3일 18시,월요일,강원도 춘천시 동면,경상사고,0,0,3,0,차대차 - 추돌 - 진행중,안전운전불이행,습기,눈,단일로 - 기타,승용,남,48세,상해없음,승용,남,47세,경상
2012120300100495,2012년 12월 3일 20시,월요일,강원도 인제군 북면,사망사고,1,0,1,0,차대차 - 측면직각충돌,중앙선침범,결빙,눈,교차로 - 교차로부근,승용,남,53세,기타불명,화물,남,61세,사망
2012120300100540,2012년 12월 3일 21시,월요일,강원도 원주시 단계동,경상사고,0,0,1,0,차대사람 - 차도통행중,교차로운행방법위반,건조,흐림,교차로 - 교차로안,승용,남,41세,상해없음,보행자,여,20세,경상
2012120400100007,2012년 12월 4일 00시,화요일,강원도 인제군 기린면,중상사고,0,1,0,0,차대차 - 측면직각충돌,중앙선침범,결빙,흐림,단일로 - 기타,승용,남,43세,상해없음,승용,남,30세,중상
2012120400100029,2012년 12월 4일 01시,화요일,강원도 원주시 명륜동,경상사고,0,0,3,0,차대차 - 추돌 - 주정차중,안전운전불이행,습기,흐림,교차로 - 교차로부근,승용,남,21세,상해없음,승합,남,60세,경상
2012120400100060,2012년 12월 4일 05시,화요일,강원도 원주시 학성동,경상사고,0,0,1,0,차대차 - 측면직각충돌,안전운전불이행,결빙,흐림,단일로 - 기타,승합,남,30세,상해없음,승용,남,32세,경상
2012120400100077,2012년 12월 4일 06시,화요일,강원도 동해시 망상동,중상사고,0,2,1,0,차대차 - 추돌 - 진행중,안전운전불이행,건조,맑음,단일로 - 기타,승용,남,25세,중상,승용,여,42세,중상
2012120400100098,2012년 12월 4일 07시,화요일,강원도 영월군 김삿갓면,중상사고,0,2,0,0,차량단독 - 도로외이탈 - 기타,안전운전불이행,결빙,흐림,단일로 - 기타,승합,남,53세,상해없음,,,,
2012120400100210,2012년 12월 4일 10시,화요일,강원도 원주시 소초면,경상사고,0,0,1,0,차대차 - 추돌 - 주정차중,안전운전불이행,건조,맑음,단일로 - 기타,화물,남,53세,상해없음,화물,남,40세,경상
2012120400100266,2012년 12월 4일 12시,화요일,강원도 강릉시 주문진읍,경상사고,0,0,1,0,차대사람 - 기타,안전운전불이행,건조,맑음,단일로 - 기타,승합,남,71세,상해없음,보행자,여,53세,경상
2012120400100317,2012년 12월 4일 14시,화요일,강원도 삼척시 신기면,경상사고,0,0,1,0,차대사람 - 기타,기타,건조,맑음,단일로 - 기타,승합,남,58세,상해없음,보행자,여,66세,경상
2012120400100318,2012년 12월 4일 14시,화요일,강원도 철원군 동송읍,경상사고,0,0,1,0,차대차 - 측면직각충돌,안전운전불이행,결빙,맑음,단일로 - 기타,승용,남,62세,상해없음,화물,남,52세,경상
2012120400100353,2012년 12월 4일 15시,화요일,강원도 춘천시 온의동,중상사고,0,1,1,0,차대차 - 추돌 - 주정차중,안전거리미확보,건조,맑음,교차로 - 교차로부근,화물,남,51세,상해없음,승합,남,38세,경상
2012120400100354,2012년 12월 4일 15시,화요일,강원도 원주시 일산동,중상사고,0,1,0,0,차대사람 - 횡단중,안전운전불이행,건조,맑음,단일로 - 기타,승용,남,30세,상해없음,보행자,여,66세,중상
2012120400100355,2012년 12월 4일 15시,화요일,강원도 태백시 장성동,중상사고,0,1,0,0,차대사람 - 횡단중,안전운전불이행,건조,맑음,단일로 - 기타,승용,여,49세,상해없음,보행자,여,12세,중상
2012120400100383,2012년 12월 4일 16시,화요일,강원도 춘천시 사북면,중상사고,0,1,0,0,차대차 - 정면충돌,중앙선침범,결빙,맑음,단일로 - 기타,승용,여,31세,기타불명,승용,남,29세,중상
2012120400100421,2012년 12월 4일 17시,화요일,강원도 원주시 우산동,경상사고,0,0,1,0,차대사람 - 기타,안전운전불이행,건조,맑음,기타 - 기타,승용,남,37세,상해없음,보행자,여,27세,경상
2012120400100472,2012년 12월 4일 18시,화요일,강원도 춘천시 석사동,부상신고사고,0,0,0,1,차대차 - 측면직각충돌,신호위반,건조,맑음,교차로 - 교차로안,승용,남,29세,상해없음,승용,남,42세,부상신고
2012120400100473,2012년 12월 4일 18시,화요일,강원도 원주시 명륜동,경상사고,0,0,1,0,차대사람 - 기타,안전운전불이행,적설,기타,교차로 - 교차로안,승용,남,66세,상해없음,보행자,여,55세,경상
2012120400100527,2012년 12월 4일 19시,화요일,강원도 춘천시 후평동,경상사고,0,0,1,0,차대차 - 측면직각충돌,안전거리미확보,결빙,맑음,단일로 - 기타,승용,남,24세,상해없음,원동기,남,39세,경상
2012120400100528,2012년 12월 4일 19시,화요일,강원도 원주시 개운동,중상사고,0,1,0,0,차대사람 - 기타,안전운전불이행,건조,맑음,교차로 - 교차로부근,승용,남,35세,상해없음,보행자,여,58세,중상
2012120400100587,2012년 12월 4일 21시,화요일,강원도 강릉시 교동,경상사고,0,0,1,0,차대차 - 측면직각충돌,안전운전불이행,건조,맑음,단일로 - 기타,승용,남,53세,상해없음,원동기,남,18세,경상
2012120400100588,2012년 12월 4일 21시,화요일,강원도 속초시 노학동,경상사고,0,0,1,0,차대사람 - 차도통행중,안전운전불이행,건조,맑음,단일로 - 기타,승용,기타불명,기타불명,기타불명,보행자,여,62세,경상
2012120500100044,2012년 12월 5일 04시,수요일,강원도 동해시 송정동,사망사고,1,0,0,0,차대사람 - 횡단중,안전운전불이행,건조,맑음,교차로 - 교차로안,승용,남,64세,상해없음,보행자,여,66세,사망
2012120500100072,2012년 12월 5일 06시,수요일,강원도 원주시 명륜동,중상사고,0,1,0,0,차대차 - 측면직각충돌,신호위반,건조,흐림,교차로 - 교차로안,승용,남,26세,상해없음,승용,여,43세,중상
2012120500100086,2012년 12월 5일 07시,수요일,강원도 강릉시 강동면,중상사고,0,8,1,0,차대차 - 정면충돌,중앙선침범,건조,맑음,단일로 - 터널,승용,남,20세,상해없음,화물,남,69세,상해없음
2012120500100126,2012년 12월 5일 09시,수요일,강원도 삼척시 교동,중상사고,0,1,0,0,차대차 - 추돌 - 진행중,안전운전불이행,건조,맑음,단일로 - 기타,승용,여,20세,상해없음,승용,여,31세,중상
2012120500100127,2012년 12월 5일 09시,수요일,강원도 홍천군 화촌면,경상사고,0,0,2,0,차대차 - 기타,중앙선침범,결빙,맑음,기타 - 기타,승용,남,52세,상해없음,승용,남,59세,경상
2012120500100128,2012년 12월 5일 09시,수요일,강원도 정선군 정선읍,경상사고,0,0,2,0,차대차 - 측면직각충돌,중앙선침범,건조,맑음,교차로 - 교차로부근,승용,남,79세,상해없음,승용,여,47세,경상
2012120500100284,2012년 12월 5일 13시,수요일,강원도 춘천시 신동,중상사고,0,1,0,0,차대차 - 측면직각충돌,중앙선침범,적설,눈,단일로 - 기타,승용,여,39세,상해없음,승용,남,44세,중상
2012120500100285,2012년 12월 5일 13시,수요일,강원도 원주시 단계동,경상사고,0,0,1,0,차대차 - 추돌 - 진행중,안전거리미확보,습기,흐림,단일로 - 기타,화물,남,53세,상해없음,승용,남,43세,상해없음
2012120500100286,2012년 12월 5일 13시,수요일,강원도 홍천군 내촌면,중상사고,0,1,1,0,차대차 - 기타,안전운전불이행,적설,눈,단일로 - 기타,화물,남,35세,상해없음,승용,남,62세,중상
2012120500100287,2012년 12월 5일 13시,수요일,강원도 평창군 대관령면,중상사고,0,4,2,0,차대차 - 측면직각충돌,안전운전불이행,결빙,눈,단일로 - 기타,승용,남,55세,상해없음,승용,여,49세,상해없음
2012120500100321,2012년 12월 5일 14시,수요일,강원도 춘천시 신북읍,중상사고,0,1,0,0,차대차 - 측면직각충돌,중앙선침범,적설,눈,단일로 - 기타,승용,남,53세,상해없음,승용,남,31세,중상
2012120500100322,2012년 12월 5일 14시,수요일,강원도 원주시 개운동,중상사고,0,1,1,0,차대차 - 추돌 - 진행중,안전거리미확보,결빙,눈,단일로 - 기타,승용,남,61세,상해없음,승합,남,56세,상해없음
2012120500100351,2012년 12월 5일 15시,수요일,강원도 홍천군 홍천읍,경상사고,0,0,1,0,차대차 - 기타,안전운전불이행,결빙,눈,단일로 - 기타,승용,여,46세,상해없음,승용,여,25세,경상
2012120500100352,2012년 12월 5일 15시,수요일,강원도 고성군 죽왕면,부상신고사고,0,0,0,1,차대차 - 추돌 - 진행중,안전운전불이행,습기,눈,단일로 - 기타,승용,남,58세,상해없음,승용,여,48세,부상신고
2012120500100372,2012년 12월 5일 16시,수요일,강원도 강릉시 포남동,경상사고,0,0,2,0,차대차 - 추돌 - 진행중,안전운전불이행,습기,맑음,교차로 - 교차로안,승용,남,58세,상해없음,승합,남,62세,경상
2012120500100373,2012년 12월 5일 16시,수요일,강원도 원주시 명륜동,중상사고,0,1,1,0,차대차 - 정면충돌,안전운전불이행,결빙,눈,단일로 - 기타,승용,남,33세,상해없음,승용,남,22세,경상
2012120500100374,2012년 12월 5일 16시,수요일,강원도 속초시 청호동,경상사고,0,0,1,0,차대차 - 측면직각충돌,안전운전불이행,건조,맑음,단일로 - 기타,승용,여,55세,상해없음,승합,남,37세,경상
2012120500100375,2012년 12월 5일 16시,수요일,강원도 영월군 한반도면,경상사고,0,0,2,0,차대차 - 기타,안전거리미확보,적설,눈,기타 - 기타,승용,여,56세,경상,화물,남,50세,상해없음
2012120500100398,2012년 12월 5일 17시,수요일,강원도 춘천시 석사동,부상신고사고,0,0,0,1,차대사람 - 기타,보행자보호의무위반,적설,눈,교차로 - 교차로안,기타불명,기타불명,기타불명,기타불명,보행자,여,11세,부상신고
2012120500100399,2012년 12월 5일 17시,수요일,강원도 춘천시 온의동,경상사고,0,0,2,0,차대차 - 측면직각충돌,신호위반,적설,눈,교차로 - 교차로안,승용,여,60세,상해없음,승용,남,52세,경상
2012120500100400,2012년 12월 5일 17시,수요일,강원도 강릉시 왕산면,경상사고,0,0,3,0,차대차 - 추돌 - 진행중,중앙선침범,습기,눈,단일로 - 기타,화물,남,79세,상해없음,승용,남,35세,경상
2012120500100401,2012년 12월 5일 17시,수요일,강원도 양양군 양양읍,사망사고,1,0,0,0,차대사람 - 길가장자리구역통행중,안전운전불이행,습기,비,교차로 - 교차로부근,승용,남,53세,상해없음,보행자,남,57세,사망
2012120500100402,2012년 12월 5일 17시,수요일,강원도 홍천군 홍천읍,경상사고,0,0,2,0,차대차 - 추돌 - 주정차중,안전운전불이행,적설,눈,단일로 - 기타,승용,여,44세,상해없음,화물,남,38세,경상
2012120500100453,2012년 12월 5일 18시,수요일,강원도 원주시 무실동,경상사고,0,0,1,0,차대차 - 추돌 - 진행중,안전거리미확보,적설,눈,교차로 - 교차로안,승합,남,54세,상해없음,승용,남,27세,경상
2012120500100504,2012년 12월 5일 19시,수요일,강원도 원주시 문막읍,중상사고,0,1,0,0,차대차 - 추돌 - 진행중,안전운전불이행,적설,흐림,단일로 - 기타,화물,남,52세,상해없음,승합,남,36세,중상
2012120500100505,2012년 12월 5일 19시,수요일,강원도 원주시 소초면,중상사고,0,1,0,0,차대차 - 추돌 - 진행중,안전운전불이행,적설,눈,단일로 - 기타,승용,남,38세,상해없음,승용,여,21세,중상
2012120500100543,2012년 12월 5일 20시,수요일,강원도 영월군 영월읍,중상사고,0,1,0,0,차대사람 - 길가장자리구역통행중,안전운전불이행,결빙,눈,단일로 - 기타,승용,남,46세,상해없음,보행자,여,52세,중상
2012120500100571,2012년 12월 5일 21시,수요일,강원도 원주시 명륜동,경상사고,0,0,1,0,차대차 - 추돌 - 진행중,안전운전불이행,결빙,눈,단일로 - 기타,승합,남,44세,상해없음,승용,남,59세,경상
2012120500100572,2012년 12월 5일 21시,수요일,강원도 원주시 명륜동,경상사고,0,0,1,0,차대차 - 추돌 - 진행중,직진우회전진행방해,결빙,맑음,교차로 - 교차로안,승용,여,43세,상해없음,승합,남,40세,경상
2012120500100573,2012년 12월 5일 21시,수요일,강원도 원주시 단계동,중상사고,0,2,1,0,차대차 - 추돌 - 주정차중,안전운전불이행,적설,눈,교차로 - 교차로안,승용,남,19세,상해없음,승용,남,34세,경상
2012120500100601,2012년 12월 5일 22시,수요일,강원도 춘천시 퇴계동,경상사고,0,0,2,0,차대차 - 측면직각충돌,교차로운행방법위반,결빙,눈,교차로 - 교차로안,승용,남,39세,경상,승용,남,30세,경상
2012120500100602,2012년 12월 5일 22시,수요일,강원도 속초시 교동,경상사고,0,0,3,0,차대차 - 추돌 - 진행중,안전운전불이행,건조,맑음,교차로 - 교차로안,승용,여,33세,상해없음,승용,남,52세,경상
2012120500100603,2012년 12월 5일 22시,수요일,강원도 삼척시 교동,경상사고,0,0,1,0,차대차 - 측면직각충돌,안전운전불이행,건조,맑음,교차로 - 교차로부근,승용,남,69세,상해없음,승용,여,50세,경상
2012120500100642,2012년 12월 5일 23시,수요일,강원도 원주시 소초면,경상사고,0,0,2,0,차대차 - 기타,안전운전불이행,결빙,눈,교차로 - 교차로안,화물,남,41세,상해없음,승용,남,40세,경상
2012120600100143,2012년 12월 6일 08시,목요일,강원도 춘천시 근화동,경상사고,0,0,3,0,차대차 - 측면직각충돌,중앙선침범,결빙,맑음,단일로 - 기타,승용,여,52세,상해없음,승용,남,42세,경상
2012120600100144,2012년 12월 6일 08시,목요일,강원도 홍천군 홍천읍,경상사고,0,0,1,0,차대차 - 측면직각충돌,안전운전불이행,결빙,흐림,교차로 - 교차로안,승용,남,53세,상해없음,승용,여,41세,경상
2012120600100188,2012년 12월 6일 09시,목요일,강원도 춘천시 신북읍,경상사고,0,0,1,1,차대차 - 측면직각충돌,안전운전불이행,적설,맑음,단일로 - 기타,승용,남,46세,상해없음,화물,남,45세,상해없음
2012120600100189,2012년 12월 6일 09시,목요일,강원도 영월군 남면,경상사고,0,0,1,0,차대차 - 추돌 - 진행중,안전운전불이행,결빙,맑음,단일로 - 기타,승합,남,56세,상해없음,화물,남,67세,상해없음
2012120600100235,2012년 12월 6일 10시,목요일,강원도 춘천시 동면,경상사고,0,0,1,0,차대차 - 측면직각충돌,안전운전불이행,적설,맑음,단일로 - 기타,승용,남,42세,상해없음,화물,남,53세,경상
2012120600100292,2012년 12월 6일 12시,목요일,강원도 강릉시 죽헌동,경상사고,0,0,4,0,차대차 - 추돌 - 주정차중,안전운전불이행,건조,맑음,교차로 - 교차로안,화물,남,39세,상해없음,승용,남,55세,경상
2012120600100318,2012년 12월 6일 13시,목요일,강원도 춘천시 남산면,경상사고,0,0,2,0,차대차 - 측면직각충돌,안전운전불이행,습기,맑음,단일로 - 기타,승용,남,34세,상해없음,승합,남,60세,경상
2012120600100367,2012년 12월 6일 15시,목요일,강원도 강릉시 주문진읍,중상사고,0,1,0,0,차대사람 - 기타,안전운전불이행,건조,맑음,단일로 - 기타,승용,여,25세,상해없음,보행자,여,70세,중상
2012120600100368,2012년 12월 6일 15시,목요일,강원도 양양군 손양면,경상사고,0,0,2,0,차대차 - 측면직각충돌,신호위반,건조,맑음,교차로 - 교차로안,승용,남,70세,상해없음,승용,남,53세,경상
2012120600100388,2012년 12월 6일 16시,목요일,강원도 강릉시 교동,경상사고,0,0,1,0,차대차 - 측면직각충돌,신호위반,건조,맑음,교차로 - 교차로안,승용,남,66세,상해없음,이륜,남,18세,경상
2012120600100412,2012년 12월 6일 17시,목요일,강원도 삼척시 신기면,경상사고,0,0,1,0,차대차 - 측면직각충돌,안전운전불이행,건조,맑음,단일로 - 기타,화물,남,44세,상해없음,자전거,남,70세,경상
2012120600100491,2012년 12월 6일 20시,목요일,강원도 춘천시 석사동,경상사고,0,0,2,0,차대차 - 추돌 - 주정차중,안전거리미확보,결빙,맑음,단일로 - 기타,승용,남,34세,상해없음,승용,남,35세,경상