사고번호,사고일시,요일,시군구,사고내용,사망자수,중상자수,경상자수,부상신고자수,사고유형,법규위반,노면상태,기상상태,도로형태,가해운전자 차종,가해운전자 성별,가해운전자 연령,가해운전자 상해정도,피해운전자 차종,피해운전자 성별,피해운전자 연령,피해운전자 상해정도
2012121300100238,2012년 12월 13일 11시,목요일,강원도 강릉시 사천면,경상사고,0,0,3,0,차대차 - 측면직각충돌,신호위반,건조,맑음,교차로 - 교차로안,승용,남,51세,상해없음,승용,남,25세,경상
2012121300100285,2012년 12월 13일 13시,목요일,강원도 강릉시 주문진읍,중상사고,0,1,1,0,차대사람 - 횡단중,보행자보호의무위반,건조,맑음,단일로 - 횡단보도상,승용,남,58세,상해없음,보행자,남,81세,경상
2012121300100304,2012년 12월 13일 14시,목요일,강원도 강릉시 교동,경상사고,0,0,2,0,차대차 - 측면직각충돌,안전운전불이행,건조,맑음,단일로 - 기타,승용,남,60세,상해없음,승용,여,41세,경상
2012121300100331,2012년 12월 13일 15시,목요일,강원도 원주시 명륜동,경상사고,0,0,1,0,차대사람 - 기타,보행자보호의무위반,건조,맑음,단일로 - 기타,승용,여,36세,상해없음,보행자,여,29세,경상
2012121300100332,2012년 12월 13일 15시,목요일,강원도 고성군 거진읍,중상사고,0,1,0,0,차대차 - 측면직각충돌,안전운전불이행,건조,맑음,단일로 - 기타,승용,여,50세,상해없음,이륜,남,70세,중상
2012121300100366,2012년 12월 13일 16시,목요일,강원도 춘천시 석사동,중상사고,0,1,0,0,차대차 - 추돌 - 진행중,안전거리미확보,건조,맑음,단일로 - 기타,승합,남,50세,상해없음,승용,남,63세,중상
2012121300100396,2012년 12월 13일 17시,목요일,강원도 원주시 태장동,부상신고사고,0,0,0,1,차대차 - 추돌 - 진행중,안전운전불이행,건조,맑음,단일로 - 기타,기타불명,기타불명,기타불명,기타불명,이륜,남,27세,부상신고
2012121300100426,2012년 12월 13일 18시,목요일,강원도 춘천시 석사동,경상사고,0,0,2,0,차대차 - 측면직각충돌,안전운전불이행,건조,맑음,교차로 - 교차로안,이륜,남,23세,상해없음,화물,남,34세,경상
2012121300100427,2012년 12월 13일 18시,목요일,강원도 강릉시 왕산면,사망사고,1,0,0,0,차량단독 - 도로외이탈 - 기타,안전운전불이행,건조,맑음,단일로 - 기타,승용,남,55세,사망,,,,
2012121300100428,2012년 12월 13일 18시,목요일,강원도 원주시 무실동,경상사고,0,0,2,0,차대차 - 추돌 - 주정차중,안전운전불이행,결빙,맑음,단일로 - 기타,화물,남,57세,상해없음,승용,남,44세,경상
2012121300100468,2012년 12월 13일 19시,목요일,강원도 원주시 호저면,경상사고,0,0,1,0,차대차 - 추돌 - 진행중,중앙선침범,결빙,맑음,단일로 - 기타,승용,남,48세,상해없음,승용,여,51세,경상
2012121300100501,2012년 12월 13일 20시,목요일,강원도 고성군 거진읍,중상사고,0,1,0,0,차대사람 - 차도통행중,안전운전불이행,건조,맑음,단일로 - 기타,승용,여,31세,상해없음,보행자,남,67세,중상
2012121300100533,2012년 12월 13일 21시,목요일,강원도 원주시 단계동,부상신고사고,0,0,0,1,차대차 - 추돌 - 진행중,안전거리미확보,습기,흐림,교차로 - 교차로부근,기타불명,기타불명,기타불명,기타불명,승용,남,32세,부상신고
2012121300100534,2012년 12월 13일 21시,목요일,강원도 원주시 호저면,경상사고,0,0,1,0,차대차 - 추돌 - 진행중,안전운전불이행,결빙,맑음,단일로 - 기타,승용,남,58세,상해없음,승용,남,32세,경상
2012121300100572,2012년 12월 13일 22시,목요일,강원도 춘천시 효자동,경상사고,0,0,1,0,차대사람 - 차도통행중,안전운전불이행,건조,맑음,단일로 - 기타,승용,남,60세,상해없음,보행자,여,16세,경상
2012121300100612,2012년 12월 13일 23시,목요일,강원도 동해시 천곡동,경상사고,0,0,1,0,차대차 - 추돌 - 주정차중,안전운전불이행,건조,맑음,단일로 - 기타,승용,남,48세,상해없음,승용,남,50세,경상
2012121400100064,2012년 12월 14일 02시,금요일,강원도 원주시 단구동,중상사고,0,1,0,0,차대사람 - 횡단중,보행자보호의무위반,습기,맑음,교차로 - 교차로부근,승용,남,57세,상해없음,보행자,여,23세,중상
2012121400100274,2012년 12월 14일 08시,금요일,강원도 원주시 태장동,경상사고,0,0,1,0,차대사람 - 차도통행중,안전운전불이행,결빙,맑음,단일로 - 기타,승용,남,29세,상해없음,보행자,남,34세,경상
2012121400100395,2012년 12월 14일 09시,금요일,강원도 춘천시 석사동,경상사고,0,0,1,0,차대차 - 측면직각충돌,안전운전불이행,건조,맑음,교차로 - 교차로부근,승용,여,41세,상해없음,화물,남,71세,경상
2012121400100396,2012년 12월 14일 09시,금요일,강원도 원주시 부론면,사망사고,1,1,2,0,차대차 - 측면직각충돌,안전운전불이행,결빙,비,단일로 - 기타,화물,남,46세,상해없음,승용,남,66세,사망
2012121400100443,2012년 12월 14일 10시,금요일,강원도 평창군 봉평면,경상사고,0,0,1,0,차대사람 - 길가장자리구역통행중,안전운전불이행,결빙,맑음,단일로 - 기타,승용,남,21세,상해없음,보행자,남,21세,경상
2012121400100444,2012년 12월 14일 10시,금요일,강원도 화천군 상서면,중상사고,0,1,1,0,차대차 - 정면충돌,중앙선침범,습기,눈,단일로 - 기타,승용,남,43세,경상,화물,남,49세,중상
2012121400100463,2012년 12월 14일 11시,금요일,강원도 인제군 북면,중상사고,0,1,9,0,차대차 - 추돌 - 진행중,안전운전불이행,결빙,눈,단일로 - 기타,승합,남,26세,상해없음,승합,남,45세,상해없음
2012121400100483,2012년 12월 14일 12시,금요일,강원도 춘천시 동면,경상사고,0,0,1,0,차대차 - 측면직각충돌,교차로운행방법위반,결빙,맑음,교차로 - 교차로안,승용,여,44세,상해없음,승용,남,29세,경상
2012121400100513,2012년 12월 14일 13시,금요일,강원도 삼척시 도계읍,경상사고,0,0,4,0,차량단독 - 도로외이탈 - 추락,안전운전불이행,결빙,맑음,단일로 - 기타,승용,남,69세,상해없음,,,,
2012121400100514,2012년 12월 14일 13시,금요일,강원도 철원군 갈말읍,경상사고,0,0,1,0,차대차 - 추돌 - 진행중,안전운전불이행,습기,흐림,단일로 - 기타,승용,남,54세,상해없음,승용,여,38세,경상
2012121400100546,2012년 12월 14일 15시,금요일,강원도 춘천시 남산면,경상사고,0,0,2,0,차대차 - 기타,중앙선침범,결빙,맑음,단일로 - 기타,승합,남,48세,상해없음,승용,남,23세,경상
2012121400100547,2012년 12월 14일 15시,금요일,강원도 춘천시 온의동,경상사고,0,0,2,0,차대차 - 기타,안전운전불이행,습기,맑음,단일로 - 기타,기타불명,기타불명,기타불명,기타불명,승용,남,20세,경상
2012121400100548,2012년 12월 14일 15시,금요일,강원도 홍천군 홍천읍,경상사고,0,0,1,0,차대사람 - 차도통행중,안전운전불이행,습기,눈,단일로 - 기타,승용,여,45세,기타불명,보행자,남,12세,경상
2012121400100549,2012년 12월 14일 15시,금요일,강원도 정선군 사북읍,경상사고,0,0,4,0,차대차 - 측면직각충돌,안전운전불이행,습기,흐림,교차로 - 교차로부근,승용,남,32세,경상,승용,남,49세,상해없음
2012121400100550,2012년 12월 14일 15시,금요일,강원도 인제군 북면,중상사고,0,1,2,0,차대차 - 측면직각충돌,신호위반,결빙,눈,교차로 - 교차로안,승용,남,50세,상해없음,승용,남,47세,경상
2012121400100580,2012년 12월 14일 16시,금요일,강원도 원주시 단계동,중상사고,0,1,0,0,차대사람 - 횡단중,안전운전불이행,건조,맑음,교차로 - 교차로부근,승용,남,27세,상해없음,보행자,남,19세,중상
2012121400100581,2012년 12월 14일 16시,금요일,강원도 홍천군 동면,중상사고,0,1,0,0,차량단독 - 전도전복,안전운전불이행,결빙,눈,단일로 - 기타,화물,남,39세,중상,,,,
2012121400100616,2012년 12월 14일 17시,금요일,강원도 춘천시 후평동,경상사고,0,0,1,0,차대차 - 기타,안전운전불이행,결빙,비,교차로 - 교차로안,승용,남,34세,경상,승용,남,51세,상해없음
2012121400100617,2012년 12월 14일 17시,금요일,강원도 강릉시 옥천동,경상사고,0,0,1,0,차대사람 - 횡단중,보행자보호의무위반,습기,비,교차로 - 교차로부근,승용,여,33세,상해없음,보행자,여,17세,경상
2012121400100618,2012년 12월 14일 17시,금요일,강원도 원주시 명륜동,경상사고,0,0,1,0,차대사람 - 기타,안전운전불이행,습기,비,교차로 - 교차로부근,승용,여,44세,상해없음,보행자,여,78세,경상
2012121400100663,2012년 12월 14일 18시,금요일,강원도 강릉시 성산면,경상사고,0,0,5,0,차대차 - 추돌 - 진행중,안전운전불이행,습기,비,단일로 - 기타,화물,남,51세,상해없음,승용,남,44세,경상
2012121400100664,2012년 12월 14일 18시,금요일,강원도 원주시 단계동,경상사고,0,0,2,0,차대사람 - 기타,안전운전불이행,건조,맑음,교차로 - 교차로안,승용,남,55세,상해없음,보행자,여,53세,경상
2012121400100665,2012년 12월 14일 18시,금요일,강원도 영월군 남면,경상사고,0,0,2,0,차대차 - 추돌 - 진행중,안전운전불이행,결빙,눈,단일로 - 기타,승합,남,49세,상해없음,승용,남,31세,경상
2012121400100666,2012년 12월 14일 18시,금요일,강원도 영월군 남면,경상사고,0,0,1,1,차대차 - 기타,안전운전불이행,결빙,비,단일로 - 기타,승합,남,57세,상해없음,승용,여,26세,경상
2012121400100667,2012년 12월 14일 18시,금요일,강원도 영월군 한반도면,중상사고,0,1,1,0,차대차 - 기타,안전거리미확보,결빙,눈,단일로 - 기타,승용,남,39세,중상,승용,남,41세,상해없음
2012121400100668,2012년 12월 14일 18시,금요일,강원도 춘천시 동산면,중상사고,0,5,4,0,차대차 - 추돌 - 진행중,안전운전불이행,결빙,비,단일로 - 기타,승용,남,53세,경상,승용,남,45세,경상
2012121400100719,2012년 12월 14일 19시,금요일,강원도 춘천시 우두동,경상사고,0,0,1,0,차대사람 - 기타,안전운전불이행,건조,맑음,단일로 - 기타,승용,남,36세,상해없음,보행자,남,38세,경상
2012121400100720,2012년 12월 14일 19시,금요일,강원도 동해시 부곡동,중상사고,0,1,0,0,차대사람 - 횡단중,신호위반,습기,비,교차로 - 교차로부근,승용,남,55세,상해없음,보행자,여,64세,중상
2012121400100721,2012년 12월 14일 19시,금요일,강원도 동해시 부곡동,경상사고,0,0,1,0,차대사람 - 보도통행중,보행자보호의무위반,습기,비,교차로 - 교차로안,화물,남,26세,상해없음,보행자,남,37세,경상
2012121400100761,2012년 12월 14일 20시,금요일,강원도 삼척시 남양동,중상사고,0,1,3,0,차대차 - 기타,교차로운행방법위반,습기,비,교차로 - 교차로안,승용,남,27세,경상,승용,남,47세,중상
2012121400100762,2012년 12월 14일 20시,금요일,강원도 홍천군 서석면,중상사고,0,1,0,0,차량단독 - 도로외이탈 - 추락,안전운전불이행,결빙,비,단일로 - 기타,화물,남,30세,상해없음,,,,
2012121400100843,2012년 12월 14일 22시,금요일,강원도 정선군 사북읍,경상사고,0,0,1,0,차대차 - 측면직각충돌,중앙선침범,결빙,맑음,기타 - 기타,승합,남,31세,상해없음,승합,남,56세,경상
2012121500100067,2012년 12월 15일 01시,토요일,강원도 인제군 인제읍,경상사고,0,0,3,0,차대차 - 추돌 - 진행중,안전거리미확보,결빙,눈,단일로 - 기타,승용,여,53세,상해없음,승용,여,31세,경상
2012121500100156,2012년 12월 15일 06시,토요일,강원도 삼척시 도계읍,중상사고,0,1,2,0,차대차 - 측면직각충돌,중앙선침범,결빙,비,단일로 - 기타,승용,남,55세,상해없음,승용,남,51세,경상
2012121500100181,2012년 12월 15일 07시,토요일,강원도 삼척시 정하동,중상사고,0,1,0,0,차량단독 - 전도전복,안전운전불이행,습기,비,교차로 - 교차로부근,이륜,남,69세,중상,,,,
2012121500100198,2012년 12월 15일 08시,토요일,강원도 춘천시 동산면,경상사고,0,0,7,0,차대차 - 추돌 - 진행중,안전운전불이행,결빙,안개,단일로 - 기타,승용,남,27세,경상,승합,남,27세,상해없음
2012121500100199,2012년 12월 15일 08시,토요일,강원도 춘천시 동산면,경상사고,0,0,4,0,차대차 - 기타,안전운전불이행,결빙,흐림,단일로 - 기타,승용,남,49세,상해없음,승용,남,34세,경상
2012121500100231,2012년 12월 15일 10시,토요일,강원도 강릉시 주문진읍,중상사고,0,1,0,0,차대사람 - 횡단중,안전운전불이행,습기,비,단일로 - 기타,승용,남,24세,상해없음,보행자,남,10세,중상
2012121500100232,2012년 12월 15일 10시,토요일,강원도 동해시 천곡동,경상사고,0,0,1,0,차대사람 - 보도통행중,보행자보호의무위반,건조,맑음,단일로 - 기타,승용,남,37세,상해없음,보행자,남,14세,경상
2012121500100257,2012년 12월 15일 11시,토요일,강원도 원주시 단구동,경상사고,0,0,2,0,차대차 - 기타,차로위반,습기,흐림,교차로 - 교차로안,승용,여,46세,경상,승용,남,39세,경상
2012121500100258,2012년 12월 15일 11시,토요일,강원도 정선군 정선읍,경상사고,0,0,2,0,차대차 - 추돌 - 진행중,안전거리미확보,결빙,맑음,교차로 - 교차로부근,승합,남,42세,상해없음,승용,남,55세,경상
2012121500100300,2012년 12월 15일 13시,토요일,강원도 강릉시 주문진읍,경상사고,0,0,4,0,차대차 - 추돌 - 주정차중,안전운전불이행,건조,맑음,단일로 - 기타,승용,남,45세,상해없음,승용,남,36세,경상
2012121500100366,2012년 12월 15일 16시,토요일,강원도 원주시 단계동,경상사고,0,0,3,0,차대차 - 추돌 - 주정차중,안전거리미확보,건조,흐림,교차로 - 교차로부근,화물,남,63세,상해없음,승용,남,56세,경상
2012121500100387,2012년 12월 15일 17시,토요일,강원도 동해시 천곡동,중상사고,0,1,0,0,차대사람 - 차도통행중,안전운전불이행,건조,맑음,교차로 - 교차로부근,승용,남,49세,상해없음,보행자,남,65세,중상
2012121500100420,2012년 12월 15일 18시,토요일,강원도 삼척시 남양동,중상사고,0,1,0,0,차대사람 - 길가장자리구역통행중,안전운전불이행,건조,맑음,교차로 - 교차로부근,승용,남,46세,상해없음,보행자,남,58세,중상
2012121500100457,2012년 12월 15일 19시,토요일,강원도 동해시 묵호진동,부상신고사고,0,0,0,1,차대사람 - 기타,안전운전불이행,건조,맑음,단일로 - 기타,승용,남,55세,상해없음,보행자,남,50세,부상신고
2012121500100491,2012년 12월 15일 20시,토요일,강원도 강릉시 포남동,경상사고,0,0,1,0,차대사람 - 횡단중,안전운전불이행,건조,맑음,교차로 - 교차로안,화물,여,63세,상해없음,보행자,남,51세,경상
2012121500100523,2012년 12월 15일 21시,토요일,강원도 춘천시 석사동,경상사고,0,0,5,0,차대차 - 측면직각충돌,안전운전불이행,건조,맑음,단일로 - 기타,승용,남,41세,상해없음,승합,남,42세,경상
2012121500100524,2012년 12월 15일 21시,토요일,강원도 춘천시 후평동,경상사고,0,0,1,0,차대차 - 측면직각충돌,안전운전불이행,건조,맑음,단일로 - 기타,승용,남,39세,상해없음,원동기,남,23세,경상
2012121500100549,2012년 12월 15일 22시,토요일,강원도 홍천군 홍천읍,경상사고,0,0,1,0,차량단독 - 공작물충돌,안전운전불이행,결빙,흐림,단일로 - 기타,승용,여,53세,상해없음,,,,
2012121600100015,2012년 12월 16일 00시,일요일,강원도 원주시 단구동,경상사고,0,0,2,0,차대차 - 정면충돌,교차로운행방법위반,습기,맑음,교차로 - 교차로안,승용,남,46세,상해없음,승용,남,52세,경상
2012121600100016,2012년 12월 16일 00시,일요일,강원도 양양군 현남면,경상사고,0,0,1,0,차대차 - 추돌 - 진행중,안전운전불이행,결빙,맑음,교차로 - 교차로부근,승용,남,25세,상해없음,승용,남,43세,상해없음
2012121600100052,2012년 12월 16일 01시,일요일,강원도 춘천시 효자동,경상사고,0,0,1,1,차대차 - 측면직각충돌,중앙선침범,결빙,맑음,단일로 - 기타,승합,남,49세,상해없음,승용,남,40세,경상
2012121600100053,2012년 12월 16일 01시,일요일,강원도 양양군 손양면,중상사고,0,1,0,0,차량단독 - 공작물충돌,안전운전불이행,결빙,맑음,단일로 - 기타,승용,남,44세,상해없음,,,,
2012121600100128,2012년 12월 16일 05시,일요일,강원도 춘천시 효자동,경상사고,0,0,1,0,차대차 - 측면직각충돌,안전운전불이행,습기,안개,단일로 - 기타,승용,남,28세,상해없음,승용,남,50세,경상
2012121600100151,2012년 12월 16일 06시,일요일,강원도 정선군 사북읍,경상사고,0,0,1,0,차대차 - 추돌 - 진행중,안전거리미확보,결빙,맑음,단일로 - 기타,승용,남,48세,상해없음,승용,남,57세,경상
2012121600100175,2012년 12월 16일 07시,일요일,강원도 춘천시 칠전동,경상사고,0,0,1,2,차대차 - 측면직각충돌,안전운전불이행,결빙,안개,단일로 - 기타,화물,남,54세,상해없음,화물,남,38세,경상
2012121600100176,2012년 12월 16일 07시,일요일,강원도 평창군 대관령면,중상사고,0,5,3,0,차량단독 - 도로외이탈 - 추락,안전운전불이행,결빙,흐림,교차로 - 교차로부근,승합,남,53세,상해없음,,,,
2012121600100210,2012년 12월 16일 08시,일요일,강원도 춘천시 동내면,부상신고사고,0,0,0,2,차대차 - 측면직각충돌,중앙선침범,결빙,흐림,단일로 - 기타,승용,남,76세,상해없음,화물,남,30세,부상신고
2012121600100240,2012년 12월 16일 09시,일요일,강원도 평창군 대관령면,경상사고,0,0,4,0,차대차 - 측면직각충돌,중앙선침범,적설,눈,단일로 - 기타,승용,남,42세,상해없음,승용,남,46세,경상
2012121600100260,2012년 12월 16일 10시,일요일,강원도 원주시 단계동,중상사고,0,1,0,0,차대사람 - 기타,기타,건조,맑음,단일로 - 기타,화물,남,53세,상해없음,보행자,여,53세,중상
2012121600100261,2012년 12월 16일 10시,일요일,강원도 속초시 설악동,중상사고,0,4,1,0,차대차 - 정면충돌,중앙선침범,결빙,맑음,교차로 - 교차로부근,승용,남,49세,상해없음,승용,남,27세,중상
2012121600100273,2012년 12월 16일 11시,일요일,강원도 평창군 대관령면,중상사고,0,1,1,0,차대차 - 측면직각충돌,중앙선침범,결빙,맑음,단일로 - 기타,승용,남,42세,상해없음,승용,남,57세,중상
2012121600100274,2012년 12월 16일 11시,일요일,강원도 평창군 대관령면,중상사고,0,4,3,0,차대차 - 측면직각충돌,중앙선침범,결빙,눈,단일로 - 기타,승용,여,36세,상해없음,승용,남,48세,경상
2012121600100292,2012년 12월 16일 12시,일요일,강원도 삼척시 도계읍,경상사고,0,0,6,0,차대차 - 추돌 - 진행중,중앙선침범,결빙,맑음,단일로 - 기타,승용,남,48세,상해없음,화물,남,51세,경상
2012121600100352,2012년 12월 16일 15시,일요일,강원도 원주시 단계동,경상사고,0,0,1,0,차대사람 - 기타,안전운전불이행,건조,맑음,단일로 - 기타,승용,여,47세,상해없음,보행자,여,24세,경상
2012121600100373,2012년 12월 16일 16시,일요일,강원도 원주시 단구동,경상사고,0,0,1,0,차대차 - 기타,불법유턴,건조,맑음,교차로 - 교차로안,승합,남,40세,상해없음,승용,남,55세,경상
2012121600100397,2012년 12월 16일 17시,일요일,강원도 동해시 추암동,경상사고,0,0,1,0,차대차 - 기타,안전운전불이행,건조,맑음,단일로 - 기타,승용,남,48세,기타불명,화물,남,42세,경상
2012121600100424,2012년 12월 16일 18시,일요일,강원도 화천군 화천읍,경상사고,0,0,2,0,차대차 - 정면충돌,신호위반,건조,흐림,단일로 - 기타,화물,남,44세,상해없음,승용,여,38세,경상
2012121600100452,2012년 12월 16일 19시,일요일,강원도 속초시 대포동,경상사고,0,0,1,0,차대차 - 기타,교차로운행방법위반,건조,맑음,교차로 - 교차로안,승용,남,41세,상해없음,승용,남,25세,경상
2012121600100467,2012년 12월 16일 20시,일요일,강원도 삼척시 도계읍,경상사고,0,0,1,0,차대사람 - 길가장자리구역통행중,안전운전불이행,건조,맑음,단일로 - 기타,승용,여,24세,상해없음,보행자,남,63세,경상
2012121700100006,2012년 12월 17일 00시,월요일,강원도 원주시 단구동,중상사고,0,1,0,0,차대차 - 추돌 - 주정차중,안전거리미확보,건조,맑음,교차로 - 교차로부근,승용,남,24세,상해없음,승용,남,34세,중상
2012121700100084,2012년 12월 17일 07시,월요일,강원도 인제군 북면,경상사고,0,0,2,0,차대차 - 추돌 - 진행중,안전운전불이행,결빙,맑음,단일로 - 기타,화물,남,42세,상해없음,승용,남,32세,경상
2012121700100117,2012년 12월 17일 08시,월요일,강원도 삼척시 미로면,중상사고,0,2,0,0,차량단독 - 전도전복,안전운전불이행,건조,맑음,단일로 - 기타,승용,남,47세,중상,,,,
2012121700100118,2012년 12월 17일 08시,월요일,강원도 삼척시 미로면,경상사고,0,0,1,0,차량단독 - 도로외이탈 - 기타,안전운전불이행,결빙,맑음,단일로 - 기타,승용,남,34세,상해없음,,,,
2012121700100119,2012년 12월 17일 08시,월요일,강원도 홍천군 홍천읍,경상사고,0,0,1,0,차대차 - 기타,안전거리미확보,습기,맑음,교차로 - 교차로부근,승용,남,38세,상해없음,승용,남,33세,경상
2012121700100120,2012년 12월 17일 08시,월요일,강원도 태백시 철암동,경상사고,0,0,1,0,차대차 - 정면충돌,중앙선침범,결빙,맑음,단일로 - 기타,승용,남,51세,상해없음,승용,남,23세,경상
2012121700100121,2012년 12월 17일 08시,월요일,강원도 동해시 쇄운동,경상사고,0,0,1,0,차대사람 - 기타,보행자보호의무위반,건조,맑음,교차로 - 교차로부근,승용,여,48세,상해없음,보행자,남,6세,경상
2012121700100145,2012년 12월 17일 09시,월요일,강원도 원주시 무실동,경상사고,0,0,1,0,차대차 - 추돌 - 진행중,안전운전불이행,건조,맑음,단일로 - 기타,화물,남,55세,상해없음,자전거,남,72세,경상
2012121700100146,2012년 12월 17일 09시,월요일,강원도 영월군 남면,중상사고,0,1,0,0,차대차 - 추돌 - 진행중,안전운전불이행,습기,맑음,단일로 - 기타,승용,남,28세,상해없음,화물,남,55세,중상
2012121700100164,2012년 12월 17일 10시,월요일,강원도 원주시 일산동,경상사고,0,0,1,0,차대차 - 추돌 - 진행중,안전거리미확보,건조,맑음,교차로 - 교차로부근,화물,남,50세,상해없음,승용,여,40세,경상
2012121700100165,2012년 12월 17일 10시,월요일,강원도 정선군 사북읍,중상사고,0,2,16,0,차대차 - 측면직각충돌,중앙선침범,결빙,맑음,기타 - 기타,화물,남,51세,상해없음,승합,남,40세,경상
2012121700100218,2012년 12월 17일 13시,월요일,강원도 인제군 인제읍,사망사고,1,1,1,1,차대차 - 측면직각충돌,신호위반,습기,맑음,교차로 - 교차로안,승용,남,45세,부상신고,화물,남,76세,중상
2012121700100257,2012년 12월 17일 15시,월요일,강원도 원주시 문막읍,경상사고,0,0,1,0,차대차 - 추돌 - 진행중,중앙선침범,건조,맑음,교차로 - 교차로부근,승용,남,43세,상해없음,승용,여,59세,경상
2012121700100285,2012년 12월 17일 16시,월요일,강원도 삼척시 가곡면,중상사고,0,1,1,0,차대차 - 기타,중앙선침범,건조,맑음,단일로 - 기타,건설기계,남,46세,중상,승용,남,51세,경상
2012121700100339,2012년 12월 17일 18시,월요일,강원도 원주시 명륜동,경상사고,0,0,1,0,차대차 - 추돌 - 주정차중,안전거리미확보,습기,흐림,단일로 - 기타,승용,남,50세,상해없음,승용,남,34세,경상
2012121700100340,2012년 12월 17일 18시,월요일,강원도 원주시 태장동,경상사고,0,0,1,0,차대차 - 측면직각충돌,불법유턴,건조,흐림,교차로 - 교차로안,승용,여,43세,상해없음,승용,여,42세,경상
2012121700100402,2012년 12월 17일 20시,월요일,강원도 춘천시 퇴계동,중상사고,0,1,0,0,차대사람 - 기타,안전운전불이행,건조,맑음,단일로 - 기타,승용,남,52세,상해없음,보행자,미분류,12세,중상
2012121700100456,2012년 12월 17일 22시,월요일,강원도 원주시 무실동,경상사고,0,0,1,0,차대차 - 추돌 - 진행중,안전거리미확보,건조,맑음,교차로 - 교차로부근,승용,여,45세,상해없음,승용,남,28세,경상
2012121700100484,2012년 12월 17일 23시,월요일,강원도 삼척시 등봉동,경상사고,0,0,1,0,차량단독 - 공작물충돌,안전운전불이행,건조,맑음,단일로 - 기타,승용,여,23세,경상,,,,
2012121800100012,2012년 12월 18일 00시,화요일,강원도 춘천시 효자동,중상사고,0,1,0,0,차대차 - 추돌 - 진행중,안전운전불이행,건조,맑음,교차로 - 교차로부근,승용,남,70세,상해없음,화물,남,39세,중상
2012121800100046,2012년 12월 18일 03시,화요일,강원도 춘천시 효자동,사망사고,1,0,0,0,차대사람 - 차도통행중,안전운전불이행,건조,맑음,단일로 - 기타,승용,남,26세,상해없음,보행자,남,48세,사망
2012121800100083,2012년 12월 18일 07시,화요일,강원도 원주시 봉산동,경상사고,0,0,1,0,차대차 - 추돌 - 진행중,안전운전불이행,건조,맑음,단일로 - 기타,승용,남,50세,상해없음,승합,남,40세,상해없음
2012121800100106,2012년 12월 18일 08시,화요일,강원도 춘천시 온의동,경상사고,0,0,3,0,차대차 - 추돌 - 진행중,안전거리미확보,건조,맑음,교차로 - 교차로안,승용,여,34세,경상,승용,남,24세,상해없음
2012121800100107,2012년 12월 18일 08시,화요일,강원도 춘천시 근화동,부상신고사고,0,0,0,1,차대차 - 측면직각충돌,안전운전불이행,건조,맑음,교차로 - 교차로안,화물,남,72세,상해없음,화물,남,49세,상해없음
2012121800100108,2012년 12월 18일 08시,화요일,강원도 홍천군 서면,경상사고,0,0,2,0,차대차 - 기타,안전운전불이행,건조,맑음,교차로 - 교차로부근,승용,여,22세,상해없음,승합,남,51세,상해없음
2012121800100127,2012년 12월 18일 09시,화요일,강원도 춘천시 칠전동,경상사고,0,0,1,0,차대차 - 측면직각충돌,신호위반,건조,맑음,교차로 - 교차로안,승합,남,25세,상해없음,승용,남,65세,경상
2012121800100128,2012년 12월 18일 09시,화요일,강원도 춘천시 효자동,중상사고,0,1,1,0,차대차 - 추돌 - 진행중,안전운전불이행,건조,맑음,단일로 - 기타,승용,남,75세,상해없음,승용,남,46세,중상
2012121800100190,2012년 12월 18일 12시,화요일,강원도 춘천시 조양동,부상신고사고,0,0,0,1,차대사람 - 횡단중,보행자보호의무위반,건조,맑음,단일로 - 기타,승용,여,40세,상해없음,보행자,여,23세,부상신고
2012121800100191,2012년 12월 18일 12시,화요일,강원도 춘천시 운교동,경상사고,0,0,1,0,차대사람 - 기타,기타,건조,맑음,단일로 - 기타,승용,남,54세,상해없음,보행자,남,18세,경상
2012121800100192,2012년 12월 18일 12시,화요일,강원도 홍천군 두촌면,경상사고,0,0,2,0,차대차 - 측면직각충돌,신호위반,건조,맑음,교차로 - 교차로안,승합,남,54세,상해없음,화물,남,35세,경상
2012121800100231,2012년 12월 18일 14시,화요일,강원도 춘천시 동내면,중상사고,0,1,0,0,차대차 - 측면직각충돌,직진우회전진행방해,건조,맑음,교차로 - 교차로안,승용,여,34세,상해없음,자전거,남,66세,중상
2012121800100232,2012년 12월 18일 14시,화요일,강원도 강릉시 교동,경상사고,0,0,2,0,차대차 - 측면직각충돌,교차로운행방법위반,건조,맑음,교차로 - 교차로안,승용,남,57세,상해없음,승합,남,35세,경상
2012121800100233,2012년 12월 18일 14시,화요일,강원도 영월군 영월읍,중상사고,0,1,0,0,차대차 - 측면직각충돌,신호위반,건조,맑음,교차로 - 교차로안,승합,남,29세,상해없음,승용,남,52세,중상
2012121800100256,2012년 12월 18일 15시,화요일,강원도 춘천시 남산면,경상사고,0,0,1,0,차대차 - 기타,안전운전불이행,건조,맑음,단일로 - 기타,화물,기타불명,기타불명,기타불명,승용,여,42세,경상
2012121800100346,2012년 12월 18일 18시,화요일,강원도 삼척시 성내동,경상사고,0,0,1,0,차대사람 - 횡단중,안전운전불이행,건조,맑음,단일로 - 기타,승용,여,44세,상해없음,보행자,여,73세,경상