사고번호,사고일시,요일,시군구,사고내용,사망자수,중상자수,경상자수,부상신고자수,사고유형,법규위반,노면상태,기상상태,도로형태,가해운전자 차종,가해운전자 성별,가해운전자 연령,가해운전자 상해정도,피해운전자 차종,피해운전자 성별,피해운전자 연령,피해운전자 상해정도
2012122600100411,2012년 12월 26일 17시,수요일,강원도 강릉시 주문진읍,중상사고,0,1,0,0,차대사람 - 횡단중,안전운전불이행,건조,맑음,단일로 - 기타,화물,남,41세,상해없음,보행자,여,62세,중상
2012122600100412,2012년 12월 26일 17시,수요일,강원도 원주시 문막읍,경상사고,0,0,2,0,차대차 - 기타,중앙선침범,건조,맑음,단일로 - 기타,승용,여,40세,상해없음,화물,남,53세,경상
2012122600100460,2012년 12월 26일 18시,수요일,강원도 강릉시 교동,경상사고,0,0,1,0,차대차 - 측면직각충돌,안전운전불이행,건조,맑음,교차로 - 교차로안,승용,남,42세,상해없음,승용,남,30세,경상
2012122600100461,2012년 12월 26일 18시,수요일,강원도 강릉시 송정동,경상사고,0,0,1,0,차대차 - 측면직각충돌,안전운전불이행,건조,맑음,교차로 - 교차로부근,승용,남,66세,상해없음,승용,여,39세,경상
2012122600100532,2012년 12월 26일 20시,수요일,강원도 원주시 우산동,중상사고,0,1,0,0,차대차 - 기타,안전거리미확보,습기,맑음,교차로 - 교차로안,승용,남,28세,상해없음,승용,남,54세,중상
2012122600100564,2012년 12월 26일 21시,수요일,강원도 원주시 단구동,경상사고,0,0,1,0,차대차 - 기타,안전운전불이행,건조,맑음,교차로 - 교차로안,승용,여,39세,상해없음,이륜,남,22세,경상
2012122600100606,2012년 12월 26일 22시,수요일,강원도 춘천시 옥천동,경상사고,0,0,1,0,차대사람 - 기타,안전운전불이행,건조,맑음,단일로 - 기타,승용,남,30세,상해없음,보행자,여,54세,경상
2012122600100607,2012년 12월 26일 22시,수요일,강원도 원주시 단계동,중상사고,0,2,1,0,차대차 - 측면직각충돌,신호위반,건조,맑음,교차로 - 교차로안,승용,남,43세,상해없음,승용,남,35세,중상
2012122600100645,2012년 12월 26일 23시,수요일,강원도 춘천시 효자동,경상사고,0,0,1,0,차대차 - 측면직각충돌,안전운전불이행,건조,맑음,교차로 - 교차로부근,승용,남,65세,상해없음,원동기,남,18세,경상
2012122700100148,2012년 12월 27일 08시,목요일,강원도 춘천시 효자동,부상신고사고,0,0,0,1,차대사람 - 기타,안전운전불이행,건조,맑음,단일로 - 기타,승용,남,71세,상해없음,보행자,여,29세,부상신고
2012122700100149,2012년 12월 27일 08시,목요일,강원도 화천군 하남면,중상사고,0,1,0,1,차대차 - 측면직각충돌,중앙선침범,습기,맑음,단일로 - 기타,승용,남,44세,부상신고,승용,남,45세,중상
2012122700100218,2012년 12월 27일 11시,목요일,강원도 원주시 중앙동,경상사고,0,0,1,1,차대차 - 측면직각충돌,신호위반,건조,맑음,교차로 - 교차로안,승용,여,39세,부상신고,승용,남,66세,경상
2012122700100219,2012년 12월 27일 11시,목요일,강원도 동해시 북평동,경상사고,0,0,1,0,차대차 - 기타,중앙선침범,건조,맑음,단일로 - 기타,승용,남,54세,상해없음,승용,남,51세,경상
2012122700100246,2012년 12월 27일 12시,목요일,강원도 동해시 쇄운동,중상사고,0,1,0,0,차대차 - 기타,교차로운행방법위반,건조,맑음,교차로 - 교차로안,화물,남,39세,상해없음,승용,여,55세,중상
2012122700100272,2012년 12월 27일 13시,목요일,강원도 인제군 북면,중상사고,0,2,0,0,차대차 - 정면충돌,신호위반,건조,맑음,단일로 - 기타,화물,남,46세,상해없음,화물,남,58세,중상
2012122700100304,2012년 12월 27일 14시,목요일,강원도 양양군 양양읍,중상사고,0,1,0,0,차대사람 - 차도통행중,안전운전불이행,건조,맑음,단일로 - 기타,승용,여,55세,상해없음,보행자,여,76세,중상
2012122700100305,2012년 12월 27일 14시,목요일,강원도 삼척시 원덕읍,경상사고,0,0,2,0,차대차 - 측면직각충돌,중앙선침범,건조,맑음,단일로 - 기타,화물,남,71세,상해없음,승용,여,51세,경상
2012122700100331,2012년 12월 27일 15시,목요일,강원도 강릉시 왕산면,중상사고,0,1,1,0,차대차 - 측면직각충돌,안전운전불이행,건조,맑음,교차로 - 교차로안,화물,남,58세,상해없음,승용,남,68세,경상
2012122700100357,2012년 12월 27일 16시,목요일,강원도 속초시 영랑동,중상사고,0,1,0,0,차대차 - 측면직각충돌,안전운전불이행,건조,맑음,단일로 - 기타,승용,남,33세,상해없음,자전거,남,70세,중상
2012122700100474,2012년 12월 27일 19시,목요일,강원도 원주시 단구동,경상사고,0,0,2,0,차대차 - 측면직각충돌,차로위반,건조,기타,교차로 - 교차로안,승용,여,31세,경상,승합,남,52세,경상
2012122700100475,2012년 12월 27일 19시,목요일,강원도 속초시 영랑동,중상사고,0,1,0,0,차대차 - 측면직각충돌,교차로운행방법위반,건조,맑음,교차로 - 교차로안,승용,남,75세,기타불명,이륜,남,52세,중상
2012122700100501,2012년 12월 27일 20시,목요일,강원도 원주시 단계동,경상사고,0,0,1,0,차대차 - 측면직각충돌,안전거리미확보,습기,맑음,단일로 - 기타,승용,여,20세,상해없음,승용,남,58세,경상
2012122700100502,2012년 12월 27일 20시,목요일,강원도 원주시 행구동,경상사고,0,0,2,0,차대차 - 측면직각충돌,안전운전불이행,건조,맑음,교차로 - 교차로안,승용,여,45세,상해없음,원동기,남,15세,경상
2012122700100503,2012년 12월 27일 20시,목요일,강원도 원주시 문막읍,경상사고,0,0,1,0,차대차 - 기타,기타,건조,맑음,단일로 - 기타,원동기,남,16세,경상,승용,남,29세,상해없음
2012122700100570,2012년 12월 27일 22시,목요일,강원도 속초시 조양동,중상사고,0,1,0,0,차대사람 - 횡단중,안전운전불이행,건조,맑음,교차로 - 교차로부근,승용,여,48세,상해없음,보행자,남,50세,중상
2012122700100614,2012년 12월 27일 23시,목요일,강원도 원주시 단구동,경상사고,0,0,2,0,차대차 - 기타,중앙선침범,습기,흐림,교차로 - 교차로안,승용,남,23세,상해없음,승용,남,36세,경상
2012122700100615,2012년 12월 27일 23시,목요일,강원도 철원군 서면,중상사고,0,1,0,0,차대사람 - 횡단중,안전운전불이행,건조,맑음,교차로 - 교차로부근,승용,남,33세,상해없음,보행자,남,57세,중상
2012122800100060,2012년 12월 28일 02시,금요일,강원도 춘천시 온의동,중상사고,0,2,0,0,차량단독 - 공작물충돌,안전운전불이행,건조,맑음,단일로 - 기타,승용,여,48세,상해없음,,,,
2012122800100101,2012년 12월 28일 05시,금요일,강원도 원주시 무실동,경상사고,0,0,1,0,차대차 - 추돌 - 주정차중,안전거리미확보,습기,맑음,교차로 - 교차로부근,승용,남,30세,상해없음,승용,남,55세,상해없음
2012122800100119,2012년 12월 28일 06시,금요일,강원도 원주시 무실동,경상사고,0,0,2,0,차대차 - 추돌 - 진행중,안전운전불이행,습기,눈,교차로 - 교차로부근,승용,여,34세,상해없음,승합,남,54세,경상
2012122800100178,2012년 12월 28일 08시,금요일,강원도 춘천시 교동,경상사고,0,0,5,0,차대차 - 기타,안전운전불이행,습기,기타,교차로 - 교차로부근,승용,여,57세,상해없음,승용,남,31세,경상
2012122800100179,2012년 12월 28일 08시,금요일,강원도 강릉시 강동면,중상사고,0,2,0,0,차대차 - 정면충돌,중앙선침범,결빙,눈,단일로 - 기타,승용,남,29세,중상,화물,여,49세,중상
2012122800100180,2012년 12월 28일 08시,금요일,강원도 강릉시 교동,경상사고,0,0,1,0,차대차 - 기타,안전운전불이행,적설,눈,단일로 - 기타,승용,여,37세,상해없음,승용,여,39세,경상
2012122800100181,2012년 12월 28일 08시,금요일,강원도 삼척시 근덕면,경상사고,0,0,2,0,차대차 - 추돌 - 진행중,안전운전불이행,결빙,눈,단일로 - 기타,승용,남,56세,상해없음,승용,남,35세,상해없음
2012122800100182,2012년 12월 28일 08시,금요일,강원도 삼척시 근덕면,중상사고,0,1,5,0,차량단독 - 전도전복,안전운전불이행,결빙,눈,단일로 - 기타,승합,남,57세,상해없음,,,,
2012122800100183,2012년 12월 28일 08시,금요일,강원도 삼척시 근덕면,경상사고,0,0,2,0,차대차 - 추돌 - 주정차중,안전운전불이행,결빙,비,교차로 - 교차로부근,승용,여,55세,상해없음,승용,남,52세,경상
2012122800100205,2012년 12월 28일 09시,금요일,강원도 강릉시 연곡면,경상사고,0,0,2,0,차대차 - 측면직각충돌,안전운전불이행,적설,눈,단일로 - 기타,승용,남,22세,경상,승용,남,48세,경상
2012122800100206,2012년 12월 28일 09시,금요일,강원도 강릉시 사천면,경상사고,0,0,1,0,차대차 - 추돌 - 진행중,안전운전불이행,적설,눈,교차로 - 교차로부근,승용,남,73세,상해없음,승용,여,51세,경상
2012122800100207,2012년 12월 28일 09시,금요일,강원도 고성군 거진읍,중상사고,0,1,0,0,차대차 - 기타,안전운전불이행,적설,눈,교차로 - 교차로안,승용,남,54세,중상,건설기계,남,39세,상해없음
2012122800100208,2012년 12월 28일 09시,금요일,강원도 원주시 부론면,중상사고,0,1,1,0,차대차 - 측면직각충돌,안전운전불이행,적설,눈,단일로 - 기타,승용,남,54세,상해없음,승용,남,30세,경상
2012122800100249,2012년 12월 28일 11시,금요일,강원도 삼척시 신기면,경상사고,0,0,2,0,차대차 - 측면직각충돌,안전운전불이행,적설,눈,교차로 - 교차로안,승용,남,39세,상해없음,화물,남,38세,상해없음
2012122800100250,2012년 12월 28일 11시,금요일,강원도 평창군 대관령면,중상사고,0,1,2,0,차대차 - 측면직각충돌,안전운전불이행,적설,눈,교차로 - 교차로안,승용,남,32세,상해없음,승용,여,45세,경상
2012122800100251,2012년 12월 28일 11시,금요일,강원도 태백시 통동,경상사고,0,0,1,0,차대차 - 측면직각충돌,안전운전불이행,적설,눈,단일로 - 기타,승용,남,43세,상해없음,건설기계,남,42세,경상
2012122800100292,2012년 12월 28일 13시,금요일,강원도 철원군 갈말읍,중상사고,0,1,1,0,차대차 - 측면직각충돌,교차로운행방법위반,습기,비,교차로 - 교차로부근,승용,여,62세,상해없음,승용,남,29세,중상
2012122800100309,2012년 12월 28일 14시,금요일,강원도 춘천시 석사동,경상사고,0,0,2,0,차대차 - 측면직각충돌,안전운전불이행,습기,흐림,단일로 - 기타,승용,여,37세,상해없음,승용,남,62세,경상
2012122800100310,2012년 12월 28일 14시,금요일,강원도 삼척시 정상동,경상사고,0,0,1,0,차대차 - 측면직각충돌,교차로운행방법위반,습기,맑음,교차로 - 교차로안,승용,남,74세,상해없음,승용,여,56세,경상
2012122800100344,2012년 12월 28일 16시,금요일,강원도 홍천군 북방면,경상사고,0,0,2,0,차대차 - 기타,중앙선침범,결빙,흐림,단일로 - 기타,승용,남,72세,상해없음,승용,여,27세,경상
2012122800100345,2012년 12월 28일 16시,금요일,강원도 철원군 동송읍,중상사고,0,1,0,0,차대차 - 측면직각충돌,안전운전불이행,적설,눈,단일로 - 기타,화물,남,46세,상해없음,승용,남,59세,중상
2012122800100403,2012년 12월 28일 18시,금요일,강원도 인제군 인제읍,사망사고,1,0,0,0,차대사람 - 횡단중,안전운전불이행,습기,맑음,단일로 - 기타,승합,남,52세,상해없음,보행자,남,44세,사망
2012122800100471,2012년 12월 28일 20시,금요일,강원도 삼척시 남양동,경상사고,0,0,2,0,차대차 - 추돌 - 진행중,안전거리미확보,습기,비,단일로 - 기타,승용,남,55세,상해없음,승용,남,52세,경상
2012122800100498,2012년 12월 28일 21시,금요일,강원도 원주시 태장동,경상사고,0,0,1,0,차대사람 - 보도통행중,안전운전불이행,건조,맑음,교차로 - 교차로부근,승용,남,51세,기타불명,보행자,남,65세,경상
2012122800100499,2012년 12월 28일 21시,금요일,강원도 속초시 영랑동,경상사고,0,0,2,0,차대차 - 측면직각충돌,안전운전불이행,건조,맑음,단일로 - 기타,승용,남,39세,상해없음,승용,남,24세,경상
2012122800100500,2012년 12월 28일 21시,금요일,강원도 양양군 양양읍,경상사고,0,0,3,0,차대차 - 측면직각충돌,안전운전불이행,건조,맑음,단일로 - 기타,승용,남,42세,상해없음,승용,남,50세,경상
2012122800100541,2012년 12월 28일 22시,금요일,강원도 강릉시 노암동,경상사고,0,0,6,0,차대차 - 추돌 - 진행중,안전운전불이행,습기,비,단일로 - 교량,승용,남,46세,상해없음,승용,남,60세,경상
2012122800100578,2012년 12월 28일 23시,금요일,강원도 강릉시 교동,중상사고,0,1,0,0,차대사람 - 횡단중,안전운전불이행,습기,비,단일로 - 기타,승용,남,27세,상해없음,보행자,남,42세,중상
2012122900100017,2012년 12월 29일 00시,토요일,강원도 원주시 단계동,경상사고,0,0,1,0,차대사람 - 차도통행중,안전운전불이행,결빙,맑음,교차로 - 교차로안,승용,남,47세,상해없음,보행자,남,30세,경상
2012122900100060,2012년 12월 29일 02시,토요일,강원도 원주시 단계동,경상사고,0,0,1,0,차량단독 - 공작물충돌,안전운전불이행,결빙,흐림,교차로 - 교차로부근,화물,남,34세,경상,,,,
2012122900100108,2012년 12월 29일 04시,토요일,강원도 인제군 남면,경상사고,0,0,2,0,차량단독 - 공작물충돌,안전운전불이행,결빙,맑음,단일로 - 기타,승용,여,23세,상해없음,,,,
2012122900100189,2012년 12월 29일 08시,토요일,강원도 춘천시 후평동,경상사고,0,0,1,0,차대차 - 측면직각충돌,안전운전불이행,결빙,맑음,교차로 - 교차로안,승용,남,78세,상해없음,자전거,남,48세,경상
2012122900100208,2012년 12월 29일 09시,토요일,강원도 춘천시 소양로2가,중상사고,0,2,0,0,차대차 - 측면직각충돌,직진우회전진행방해,습기,눈,교차로 - 교차로안,승용,남,64세,상해없음,화물,남,79세,중상
2012122900100209,2012년 12월 29일 09시,토요일,강원도 원주시 문막읍,중상사고,0,1,0,0,차대사람 - 횡단중,신호위반,습기,흐림,교차로 - 교차로안,건설기계,남,40세,상해없음,보행자,남,55세,중상
2012122900100210,2012년 12월 29일 09시,토요일,강원도 평창군 대관령면,경상사고,0,0,2,0,차대차 - 측면직각충돌,안전운전불이행,습기,흐림,교차로 - 교차로안,승합,남,64세,상해없음,승용,남,22세,경상
2012122900100211,2012년 12월 29일 09시,토요일,강원도 태백시 황지동,경상사고,0,0,1,0,차대차 - 추돌 - 주정차중,안전운전불이행,결빙,흐림,단일로 - 기타,승용,남,26세,상해없음,승용,남,46세,상해없음
2012122900100272,2012년 12월 29일 12시,토요일,강원도 고성군 토성면,경상사고,0,0,2,0,차대차 - 기타,안전운전불이행,습기,비,단일로 - 기타,승용,여,59세,상해없음,승용,여,42세,경상
2012122900100299,2012년 12월 29일 13시,토요일,강원도 원주시 태장동,중상사고,0,1,0,0,차대사람 - 길가장자리구역통행중,기타,건조,맑음,단일로 - 기타,승용,남,66세,상해없음,보행자,여,79세,중상
2012122900100300,2012년 12월 29일 13시,토요일,강원도 정선군 사북읍,경상사고,0,0,1,0,차대차 - 추돌 - 진행중,안전운전불이행,건조,맑음,기타 - 기타,화물,남,51세,상해없음,승용,남,59세,상해없음
2012122900100335,2012년 12월 29일 15시,토요일,강원도 춘천시 사북면,중상사고,0,2,1,0,차대차 - 기타,안전운전불이행,적설,눈,단일로 - 기타,승용,남,46세,상해없음,화물,남,62세,중상
2012122900100349,2012년 12월 29일 16시,토요일,강원도 영월군 남면,중상사고,0,1,0,0,차량단독 - 기타,안전운전불이행,적설,맑음,단일로 - 기타,승합,남,52세,상해없음,,,,
2012122900100350,2012년 12월 29일 16시,토요일,강원도 횡성군 횡성읍,경상사고,0,0,2,0,차대차 - 추돌 - 진행중,안전운전불이행,습기,흐림,교차로 - 교차로부근,승용,여,46세,상해없음,화물,남,29세,경상
2012122900100366,2012년 12월 29일 17시,토요일,강원도 춘천시 사농동,중상사고,0,1,0,0,차대차 - 기타,안전운전불이행,결빙,맑음,단일로 - 기타,승용,여,41세,상해없음,화물,남,45세,중상
2012122900100387,2012년 12월 29일 18시,토요일,강원도 춘천시 퇴계동,경상사고,0,0,5,0,차대차 - 기타,안전운전불이행,적설,눈,단일로 - 기타,승용,남,52세,상해없음,승용,남,43세,경상
2012122900100388,2012년 12월 29일 18시,토요일,강원도 원주시 신림면,중상사고,0,1,3,0,차대사람 - 횡단중,안전운전불이행,습기,흐림,단일로 - 기타,승용,남,37세,상해없음,보행자,남,43세,중상
2012122900100389,2012년 12월 29일 18시,토요일,강원도 속초시 동명동,중상사고,0,1,0,0,차대차 - 추돌 - 주정차중,안전운전불이행,습기,비,단일로 - 기타,승용,남,52세,상해없음,승용,남,35세,중상
2012122900100390,2012년 12월 29일 18시,토요일,강원도 삼척시 교동,경상사고,0,0,2,0,차대차 - 측면직각충돌,중앙선침범,건조,맑음,단일로 - 기타,화물,남,43세,상해없음,승용,남,48세,상해없음
2012122900100424,2012년 12월 29일 19시,토요일,강원도 원주시 단계동,경상사고,0,0,3,0,차대차 - 추돌 - 진행중,안전거리미확보,습기,비,교차로 - 교차로부근,승합,남,47세,상해없음,승용,남,68세,경상
2012122900100455,2012년 12월 29일 20시,토요일,강원도 원주시 개운동,경상사고,0,0,1,0,차대차 - 측면직각충돌,교차로운행방법위반,결빙,눈,교차로 - 교차로안,승용,남,47세,상해없음,승용,남,52세,경상
2012122900100456,2012년 12월 29일 20시,토요일,강원도 홍천군 화촌면,경상사고,0,0,4,0,차대차 - 정면충돌,안전운전불이행,적설,눈,단일로 - 기타,승용,남,64세,상해없음,승용,남,38세,경상
2012122900100475,2012년 12월 29일 21시,토요일,강원도 춘천시 죽림동,중상사고,0,1,0,0,차대사람 - 길가장자리구역통행중,안전운전불이행,적설,눈,단일로 - 기타,승용,남,49세,상해없음,보행자,여,69세,중상
2012122900100569,2012년 12월 29일 23시,토요일,강원도 강릉시 주문진읍,중상사고,0,1,0,0,차대차 - 정면충돌,중앙선침범,건조,맑음,단일로 - 기타,화물,남,56세,상해없음,이륜,남,28세,중상
2012122900100570,2012년 12월 29일 23시,토요일,강원도 원주시 관설동,경상사고,0,0,2,0,차대차 - 추돌 - 진행중,교차로운행방법위반,결빙,눈,교차로 - 교차로안,승용,남,32세,상해없음,승용,남,24세,경상
2012122900100571,2012년 12월 29일 23시,토요일,강원도 원주시 단계동,경상사고,0,0,1,0,차대차 - 추돌 - 진행중,안전운전불이행,적설,눈,교차로 - 교차로부근,승용,남,28세,상해없음,승용,남,56세,경상
2012123000100120,2012년 12월 30일 02시,일요일,강원도 원주시 단계동,경상사고,0,0,1,0,차대차 - 측면직각충돌,교차로운행방법위반,적설,눈,교차로 - 교차로안,승용,남,24세,상해없음,승용,남,51세,경상
2012123000100184,2012년 12월 30일 05시,일요일,강원도 춘천시 우두동,경상사고,0,0,4,0,차대차 - 추돌 - 진행중,교차로운행방법위반,적설,눈,교차로 - 교차로안,승용,남,55세,상해없음,승합,남,32세,경상
2012123000100292,2012년 12월 30일 11시,일요일,강원도 춘천시 후평동,경상사고,0,0,2,0,차대차 - 기타,안전거리미확보,건조,맑음,단일로 - 기타,승용,여,41세,경상,승합,남,45세,경상
2012123000100329,2012년 12월 30일 13시,일요일,강원도 속초시 조양동,경상사고,0,0,4,0,차대차 - 추돌 - 진행중,안전운전불이행,건조,맑음,교차로 - 교차로안,승용,남,59세,상해없음,승용,남,49세,경상
2012123000100330,2012년 12월 30일 13시,일요일,강원도 속초시 조양동,경상사고,0,0,1,0,차대차 - 측면직각충돌,안전거리미확보,건조,맑음,교차로 - 교차로안,승용,남,58세,상해없음,승용,남,39세,경상
2012123000100354,2012년 12월 30일 14시,일요일,강원도 춘천시 퇴계동,경상사고,0,0,1,0,차대차 - 정면충돌,중앙선침범,건조,맑음,단일로 - 기타,승용,여,27세,상해없음,이륜,남,41세,경상
2012123000100391,2012년 12월 30일 15시,일요일,강원도 홍천군 서면,경상사고,0,0,1,0,차대사람 - 기타,안전운전불이행,건조,맑음,기타 - 기타,승용,남,37세,상해없음,보행자,남,38세,경상
2012123000100392,2012년 12월 30일 15시,일요일,강원도 횡성군 둔내면,경상사고,0,0,6,0,차대차 - 추돌 - 주정차중,안전거리미확보,건조,흐림,단일로 - 터널,승용,남,44세,경상,승용,여,25세,상해없음
2012123000100417,2012년 12월 30일 16시,일요일,강원도 철원군 김화읍,중상사고,0,2,2,0,차대차 - 정면충돌,안전운전불이행,적설,맑음,단일로 - 기타,화물,남,52세,상해없음,승용,남,37세,중상
2012123000100418,2012년 12월 30일 16시,일요일,강원도 평창군 봉평면,중상사고,0,1,5,0,차대차 - 추돌 - 주정차중,안전운전불이행,건조,흐림,단일로 - 터널,승용,남,26세,상해없음,승용,남,35세,상해없음
2012123000100449,2012년 12월 30일 17시,일요일,강원도 삼척시 원덕읍,중상사고,0,1,2,0,차대차 - 측면직각충돌,안전운전불이행,건조,맑음,단일로 - 기타,승용,남,53세,중상,화물,남,44세,기타불명
2012123000100466,2012년 12월 30일 18시,일요일,강원도 춘천시 서면,중상사고,0,1,0,2,차대차 - 측면직각충돌,중앙선침범,결빙,맑음,단일로 - 기타,승용,남,30세,상해없음,승용,여,41세,중상
2012123000100467,2012년 12월 30일 18시,일요일,강원도 춘천시 석사동,경상사고,0,0,2,0,차대차 - 기타,안전운전불이행,결빙,맑음,교차로 - 교차로부근,승용,남,31세,상해없음,승용,남,49세,경상
2012123000100468,2012년 12월 30일 18시,일요일,강원도 강릉시 포남동,중상사고,0,1,0,0,차대차 - 측면직각충돌,중앙선침범,건조,맑음,교차로 - 교차로부근,건설기계,남,46세,상해없음,원동기,남,23세,중상
2012123000100469,2012년 12월 30일 18시,일요일,강원도 횡성군 서원면,사망사고,1,1,0,0,차량단독 - 공작물충돌,안전운전불이행,습기,맑음,단일로 - 기타,승용,여,50세,상해없음,,,,
2012123000100501,2012년 12월 30일 19시,일요일,강원도 홍천군 화촌면,사망사고,1,0,1,0,차량단독 - 전도전복,안전운전불이행,건조,맑음,단일로 - 기타,승용,남,41세,경상,,,,
2012123000100520,2012년 12월 30일 20시,일요일,강원도 원주시 단계동,중상사고,0,1,0,0,차대사람 - 기타,안전운전불이행,적설,맑음,단일로 - 기타,승용,남,32세,상해없음,보행자,여,29세,중상
2012123000100521,2012년 12월 30일 20시,일요일,강원도 동해시 묵호진동,중상사고,0,1,0,0,차대차 - 측면직각충돌,중앙선침범,건조,맑음,단일로 - 기타,화물,남,41세,상해없음,원동기,남,32세,중상
2012123000100559,2012년 12월 30일 22시,일요일,강원도 원주시 단계동,경상사고,0,0,1,0,차대차 - 기타,안전운전불이행,건조,맑음,교차로 - 교차로안,승용,남,31세,상해없음,화물,남,34세,경상
2012123100100042,2012년 12월 31일 02시,월요일,강원도 원주시 단구동,경상사고,0,0,1,0,차대차 - 추돌 - 주정차중,안전운전불이행,결빙,맑음,단일로 - 기타,승용,남,21세,상해없음,승용,남,38세,경상
2012123100100054,2012년 12월 31일 03시,월요일,강원도 춘천시 소양로1가,부상신고사고,0,0,0,1,차대차 - 추돌 - 주정차중,안전운전불이행,결빙,맑음,단일로 - 기타,승용,남,44세,상해없음,화물,남,55세,상해없음
2012123100100093,2012년 12월 31일 07시,월요일,강원도 원주시 단계동,경상사고,0,0,1,0,차대차 - 기타,신호위반,건조,맑음,교차로 - 교차로안,승용,남,31세,상해없음,승용,남,41세,경상
2012123100100094,2012년 12월 31일 07시,월요일,강원도 평창군 용평면,중상사고,0,3,0,0,차대차 - 추돌 - 진행중,안전운전불이행,건조,맑음,단일로 - 터널,승용,남,31세,중상,화물,남,68세,중상
2012123100100121,2012년 12월 31일 08시,월요일,강원도 원주시 판부면,중상사고,0,2,0,0,차대차 - 측면직각충돌,안전운전불이행,적설,맑음,단일로 - 기타,승용,여,32세,상해없음,화물,남,50세,중상
2012123100100135,2012년 12월 31일 09시,월요일,강원도 원주시 개운동,경상사고,0,0,5,0,차대차 - 추돌 - 진행중,안전운전불이행,결빙,맑음,단일로 - 기타,승용,남,62세,상해없음,화물,남,43세,경상
2012123100100160,2012년 12월 31일 10시,월요일,강원도 춘천시 효자동,경상사고,0,0,1,0,차대사람 - 차도통행중,기타,건조,맑음,단일로 - 기타,승용,남,54세,상해없음,보행자,남,80세,경상
2012123100100209,2012년 12월 31일 12시,월요일,강원도 강릉시 임당동,경상사고,0,0,1,0,차대사람 - 길가장자리구역통행중,안전운전불이행,건조,맑음,단일로 - 기타,승용,남,64세,상해없음,보행자,여,36세,경상
2012123100100210,2012년 12월 31일 12시,월요일,강원도 원주시 흥업면,경상사고,0,0,1,0,차대차 - 추돌 - 진행중,안전운전불이행,적설,맑음,단일로 - 기타,승용,남,24세,상해없음,승용,남,37세,경상
2012123100100211,2012년 12월 31일 12시,월요일,강원도 삼척시 남양동,경상사고,0,0,1,0,차대차 - 측면직각충돌,안전운전불이행,건조,맑음,단일로 - 기타,승용,남,47세,상해없음,승용,남,42세,경상
2012123100100247,2012년 12월 31일 13시,월요일,강원도 평창군 평창읍,경상사고,0,0,6,0,차대차 - 측면직각충돌,안전운전불이행,건조,맑음,단일로 - 기타,화물,남,36세,상해없음,승합,남,61세,경상
2012123100100290,2012년 12월 31일 14시,월요일,강원도 홍천군 북방면,중상사고,0,1,3,0,차대차 - 기타,중앙선침범,건조,맑음,단일로 - 기타,승용,남,46세,상해없음,승용,남,54세,경상
2012123100100291,2012년 12월 31일 14시,월요일,강원도 홍천군 동면,중상사고,0,1,0,0,차대차 - 측면직각충돌,교차로운행방법위반,적설,맑음,교차로 - 교차로안,화물,남,47세,상해없음,승용,여,46세,중상
2012123100100375,2012년 12월 31일 17시,월요일,강원도 춘천시 석사동,경상사고,0,0,1,0,차대차 - 측면직각충돌,신호위반,건조,맑음,교차로 - 교차로안,승용,남,47세,상해없음,승용,남,51세,경상
2012123100100376,2012년 12월 31일 17시,월요일,강원도 강릉시 성산면,경상사고,0,0,2,0,차대차 - 정면충돌,중앙선침범,건조,맑음,단일로 - 기타,화물,남,62세,상해없음,승용,남,52세,경상
2012123100100377,2012년 12월 31일 17시,월요일,강원도 속초시 노학동,중상사고,0,2,3,0,차대차 - 추돌 - 진행중,안전운전불이행,건조,맑음,교차로 - 교차로부근,승용,남,58세,상해없음,승용,남,43세,중상
2012123100100404,2012년 12월 31일 18시,월요일,강원도 동해시 효가동,경상사고,0,0,1,0,차대차 - 측면직각충돌,신호위반,건조,맑음,교차로 - 교차로안,승합,남,26세,상해없음,승용,남,43세,경상
2012123100100447,2012년 12월 31일 19시,월요일,강원도 철원군 서면,중상사고,0,1,0,0,차대사람 - 횡단중,안전운전불이행,적설,기타,단일로 - 기타,승용,남,29세,상해없음,보행자,여,75세,중상
2012123100100485,2012년 12월 31일 20시,월요일,강원도 고성군 토성면,중상사고,0,1,0,0,차대차 - 추돌 - 주정차중,안전운전불이행,건조,맑음,교차로 - 교차로부근,승용,남,54세,상해없음,승용,남,32세,중상
2012123100100541,2012년 12월 31일 22시,월요일,강원도 원주시 개운동,경상사고,0,0,1,0,차대차 - 측면직각충돌,중앙선침범,결빙,맑음,교차로 - 교차로안,승용,남,55세,상해없음,승용,여,35세,경상
2012123100100542,2012년 12월 31일 22시,월요일,강원도 원주시 귀래면,경상사고,0,0,2,0,차대차 - 기타,안전운전불이행,적설,맑음,단일로 - 기타,승용,여,29세,경상,승용,여,31세,상해없음
2012123100100543,2012년 12월 31일 22시,월요일,강원도 속초시 장사동,중상사고,0,1,0,0,차대사람 - 횡단중,신호위반,건조,맑음,교차로 - 교차로부근,승용,남,26세,상해없음,보행자,여,18세,중상
2012123100100569,2012년 12월 31일 23시,월요일,강원도 강릉시 교동,중상사고,0,1,0,0,차대사람 - 횡단중,보행자보호의무위반,건조,맑음,단일로 - 횡단보도상,승용,남,28세,상해없음,보행자,남,57세,중상